ISO3,DataId,Indicator,Value,Precision,DHS_CountryCode,CountryName,SurveyYear,SurveyId,IndicatorId,IndicatorOrder,IndicatorType,CharacteristicId,CharacteristicOrder,CharacteristicCategory,CharacteristicLabel,ByVariableId,ByVariableLabel,IsTotal,IsPreferred,SDRID,RegionId,SurveyYearLabel,SurveyType,DenominatorWeighted,DenominatorUnweighted,CILow,CIHigh,LevelRank
KEN,348814,Antenatal care provider: Doctor,29.4,1,KE,Kenya,1989,KE1989DHS,RH_ANCP_W_DOC,83363010,I,1000,0,Total,Total,14000,Three years preceding the survey,1,0,RHANCPWDOC,,1989,DHS,3559,3492,,,
KEN,760411,Antenatal care provider: Doctor,30.1,1,KE,Kenya,1989,KE1989DHS,RH_ANCP_W_DOC,83363010,I,1000,0,Total,Total,14001,Five years preceding the survey,1,0,RHANCPWDOC,,1989,DHS,4237,4201,,,
KEN,814760,Antenatal care provider: Doctor,29.6,1,KE,Kenya,1989,KE1989DHS,RH_ANCP_W_DOC,83363010,I,1000,0,Total,Total,14002,Two years preceding the survey,1,1,RHANCPWDOC,,1989,DHS,2701,2658,,,
KEN,348815,Antenatal care provider: Nurse/midwife,48.6,1,KE,Kenya,1989,KE1989DHS,RH_ANCP_W_NRS,83363020,I,1000,0,Total,Total,14000,Three years preceding the survey,1,0,RHANCPWNRS,,1989,DHS,3559,3492,,,
KEN,760408,Antenatal care provider: Nurse/midwife,47.9,1,KE,Kenya,1989,KE1989DHS,RH_ANCP_W_NRS,83363020,I,1000,0,Total,Total,14001,Five years preceding the survey,1,0,RHANCPWNRS,,1989,DHS,4237,4201,,,
KEN,814761,Antenatal care provider: Nurse/midwife,48.1,1,KE,Kenya,1989,KE1989DHS,RH_ANCP_W_NRS,83363020,I,1000,0,Total,Total,14002,Two years preceding the survey,1,1,RHANCPWNRS,,1989,DHS,2701,2658,,,
KEN,348818,Antenatal care provider: Traditional birth attendant,2,1,KE,Kenya,1989,KE1989DHS,RH_ANCP_W_TBA,83363070,I,1000,0,Total,Total,14000,Three years preceding the survey,1,0,RHANCPWTBA,,1989,DHS,3559,3492,,,
KEN,760415,Antenatal care provider: Traditional birth attendant,2,1,KE,Kenya,1989,KE1989DHS,RH_ANCP_W_TBA,83363070,I,1000,0,Total,Total,14001,Five years preceding the survey,1,0,RHANCPWTBA,,1989,DHS,4237,4201,,,
KEN,814767,Antenatal care provider: Traditional birth attendant,1.7,1,KE,Kenya,1989,KE1989DHS,RH_ANCP_W_TBA,83363070,I,1000,0,Total,Total,14002,Two years preceding the survey,1,1,RHANCPWTBA,,1989,DHS,2701,2658,,,
KEN,348816,Antenatal care provider: Other,0.6,1,KE,Kenya,1989,KE1989DHS,RH_ANCP_W_OTH,83363080,I,1000,0,Total,Total,14000,Three years preceding the survey,1,0,RHANCPWOTH,,1989,DHS,3559,3492,,,
KEN,760412,Antenatal care provider: Other,0.6,1,KE,Kenya,1989,KE1989DHS,RH_ANCP_W_OTH,83363080,I,1000,0,Total,Total,14001,Five years preceding the survey,1,0,RHANCPWOTH,,1989,DHS,4237,4201,,,
KEN,814762,Antenatal care provider: Other,0.6,1,KE,Kenya,1989,KE1989DHS,RH_ANCP_W_OTH,83363080,I,1000,0,Total,Total,14002,Two years preceding the survey,1,1,RHANCPWOTH,,1989,DHS,2701,2658,,,
KEN,348820,Antenatal care provider: Missing ,0.3,1,KE,Kenya,1989,KE1989DHS,RH_ANCP_W_MIS,83363090,S,1000,0,Total,Total,14000,Three years preceding the survey,1,0,RHANCPWMIS,,1989,DHS,3559,3492,,,
KEN,760409,Antenatal care provider: Missing ,0.3,1,KE,Kenya,1989,KE1989DHS,RH_ANCP_W_MIS,83363090,S,1000,0,Total,Total,14001,Five years preceding the survey,1,0,RHANCPWMIS,,1989,DHS,4237,4201,,,
KEN,814765,Antenatal care provider: Missing ,0.2,1,KE,Kenya,1989,KE1989DHS,RH_ANCP_W_MIS,83363090,S,1000,0,Total,Total,14002,Two years preceding the survey,1,1,RHANCPWMIS,,1989,DHS,2701,2658,,,
KEN,348817,No antenatal care,19.1,1,KE,Kenya,1989,KE1989DHS,RH_ANCP_W_NON,83363100,I,1000,0,Total,Total,14000,Three years preceding the survey,1,0,RHANCPWNON,,1989,DHS,3559,3492,,,
KEN,760413,No antenatal care,19.2,1,KE,Kenya,1989,KE1989DHS,RH_ANCP_W_NON,83363100,I,1000,0,Total,Total,14001,Five years preceding the survey,1,0,RHANCPWNON,,1989,DHS,4237,4201,,,
KEN,814763,No antenatal care,19.8,1,KE,Kenya,1989,KE1989DHS,RH_ANCP_W_NON,83363100,I,1000,0,Total,Total,14002,Two years preceding the survey,1,1,RHANCPWNON,,1989,DHS,2701,2658,,,
KEN,348827,Antenatal care: Total,100,1,KE,Kenya,1989,KE1989DHS,RH_ANCP_W_TOT,83363110,T,1000,0,Total,Total,14000,Three years preceding the survey,1,0,RHANCPWTOT,,1989,DHS,3559,3492,,,
KEN,760410,Antenatal care: Total,100,1,KE,Kenya,1989,KE1989DHS,RH_ANCP_W_TOT,83363110,T,1000,0,Total,Total,14001,Five years preceding the survey,1,0,RHANCPWTOT,,1989,DHS,4237,4201,,,
KEN,814766,Antenatal care: Total,100,1,KE,Kenya,1989,KE1989DHS,RH_ANCP_W_TOT,83363110,T,1000,0,Total,Total,14002,Two years preceding the survey,1,1,RHANCPWTOT,,1989,DHS,2701,2658,,,
KEN,348819,Antenatal care from a skilled provider,78,1,KE,Kenya,1989,KE1989DHS,RH_ANCP_W_SKP,83363120,I,1000,0,Total,Total,14000,Three years preceding the survey,1,0,RHANCPWSKP,,1989,DHS,3559,3492,,,
KEN,760414,Antenatal care from a skilled provider,78,1,KE,Kenya,1989,KE1989DHS,RH_ANCP_W_SKP,83363120,I,1000,0,Total,Total,14001,Five years preceding the survey,1,0,RHANCPWSKP,,1989,DHS,4237,4201,,,
KEN,814764,Antenatal care from a skilled provider,77.6,1,KE,Kenya,1989,KE1989DHS,RH_ANCP_W_SKP,83363120,I,1000,0,Total,Total,14002,Two years preceding the survey,1,1,RHANCPWSKP,,1989,DHS,2701,2658,,,
KEN,46762,Number of women with a live birth (or stillbirth) in the last two (or three/five) years,3559,0,KE,Kenya,1989,KE1989DHS,RH_ANCP_W_NUM,83363130,D,1000,0,Total,Total,14000,Three years preceding the survey,1,0,RHANCPWNUM,,1989,DHS,,3492,,,
KEN,764596,Number of women with a live birth (or stillbirth) in the last two (or three/five) years,4237,0,KE,Kenya,1989,KE1989DHS,RH_ANCP_W_NUM,83363130,D,1000,0,Total,Total,14001,Five years preceding the survey,1,0,RHANCPWNUM,,1989,DHS,,4201,,,
KEN,815412,Number of women with a live birth (or stillbirth) in the last two (or three/five) years,2701,0,KE,Kenya,1989,KE1989DHS,RH_ANCP_W_NUM,83363130,D,1000,0,Total,Total,14002,Two years preceding the survey,1,1,RHANCPWNUM,,1989,DHS,,2658,,,
KEN,348823,Number of women with a live birth (or stillbirth) in the last two (or three/five) years (unweighted),3492,0,KE,Kenya,1989,KE1989DHS,RH_ANCP_W_UNW,83363140,U,1000,0,Total,Total,14000,Three years preceding the survey,1,0,RHANCPWUNW,,1989,DHS,3559,,,,
KEN,342089,Number of women with a live birth (or stillbirth) in the last two (or three/five) years (unweighted),4201,0,KE,Kenya,1989,KE1989DHS,RH_ANCP_W_UNW,83363140,U,1000,0,Total,Total,14001,Five years preceding the survey,1,0,RHANCPWUNW,,1989,DHS,4237,,,,
KEN,814768,Number of women with a live birth (or stillbirth) in the last two (or three/five) years (unweighted),2658,0,KE,Kenya,1989,KE1989DHS,RH_ANCP_W_UNW,83363140,U,1000,0,Total,Total,14002,Two years preceding the survey,1,1,RHANCPWUNW,,1989,DHS,2701,,,,
KEN,388769,Assistance during delivery: Doctor,16.7,1,KE,Kenya,1989,KE1989DHS,RH_DELA_C_DOC,83606010,I,1000,0,Total,Total,14000,Three years preceding the survey,1,0,RHDELACDOC,,1989,DHS,4388,4298,,,
KEN,435102,Assistance during delivery: Doctor,16.4,1,KE,Kenya,1989,KE1989DHS,RH_DELA_C_DOC,83606010,I,1000,0,Total,Total,14001,Five years preceding the survey,1,0,RHDELACDOC,,1989,DHS,7127,6980,,,
KEN,813849,Assistance during delivery: Doctor,17.6,1,KE,Kenya,1989,KE1989DHS,RH_DELA_C_DOC,83606010,I,1000,0,Total,Total,14002,Two years preceding the survey,1,1,RHDELACDOC,,1989,DHS,2875,2836,,,
KEN,388778,Assistance during delivery: Nurse/midwife,33.8,1,KE,Kenya,1989,KE1989DHS,RH_DELA_C_NRS,83606020,I,1000,0,Total,Total,14000,Three years preceding the survey,1,0,RHDELACNRS,,1989,DHS,4388,4298,,,
KEN,435107,Assistance during delivery: Nurse/midwife,33.6,1,KE,Kenya,1989,KE1989DHS,RH_DELA_C_NRS,83606020,I,1000,0,Total,Total,14001,Five years preceding the survey,1,0,RHDELACNRS,,1989,DHS,7127,6980,,,
KEN,813850,Assistance during delivery: Nurse/midwife,34.3,1,KE,Kenya,1989,KE1989DHS,RH_DELA_C_NRS,83606020,I,1000,0,Total,Total,14002,Two years preceding the survey,1,1,RHDELACNRS,,1989,DHS,2875,2836,,,
KEN,388770,Assistance during delivery: Traditional birth attendant,15,1,KE,Kenya,1989,KE1989DHS,RH_DELA_C_TBA,83606060,I,1000,0,Total,Total,14000,Three years preceding the survey,1,0,RHDELACTBA,,1989,DHS,4388,4298,,,
KEN,435103,Assistance during delivery: Traditional birth attendant,14.3,1,KE,Kenya,1989,KE1989DHS,RH_DELA_C_TBA,83606060,I,1000,0,Total,Total,14001,Five years preceding the survey,1,0,RHDELACTBA,,1989,DHS,7127,6980,,,
KEN,813851,Assistance during delivery: Traditional birth attendant,14.9,1,KE,Kenya,1989,KE1989DHS,RH_DELA_C_TBA,83606060,I,1000,0,Total,Total,14002,Two years preceding the survey,1,1,RHDELACTBA,,1989,DHS,2875,2836,,,
KEN,388772,Assistance during delivery: Relative or other,22.3,1,KE,Kenya,1989,KE1989DHS,RH_DELA_C_REL,83606070,I,1000,0,Total,Total,14000,Three years preceding the survey,1,0,RHDELACREL,,1989,DHS,4388,4298,,,
KEN,435100,Assistance during delivery: Relative or other,23,1,KE,Kenya,1989,KE1989DHS,RH_DELA_C_REL,83606070,I,1000,0,Total,Total,14001,Five years preceding the survey,1,0,RHDELACREL,,1989,DHS,7127,6980,,,
KEN,813853,Assistance during delivery: Relative or other,21.4,1,KE,Kenya,1989,KE1989DHS,RH_DELA_C_REL,83606070,I,1000,0,Total,Total,14002,Two years preceding the survey,1,1,RHDELACREL,,1989,DHS,2875,2836,,,
KEN,388771,Assistance during delivery: No one,11.6,1,KE,Kenya,1989,KE1989DHS,RH_DELA_C_NON,83606080,I,1000,0,Total,Total,14000,Three years preceding the survey,1,0,RHDELACNON,,1989,DHS,4388,4298,,,
KEN,435104,Assistance during delivery: No one,11.7,1,KE,Kenya,1989,KE1989DHS,RH_DELA_C_NON,83606080,I,1000,0,Total,Total,14001,Five years preceding the survey,1,0,RHDELACNON,,1989,DHS,7127,6980,,,
KEN,813852,Assistance during delivery: No one,11.6,1,KE,Kenya,1989,KE1989DHS,RH_DELA_C_NON,83606080,I,1000,0,Total,Total,14002,Two years preceding the survey,1,1,RHDELACNON,,1989,DHS,2875,2836,,,
KEN,388773,Assistance during delivery: don't know or missing,0.5,1,KE,Kenya,1989,KE1989DHS,RH_DELA_C_DKM,83606090,S,1000,0,Total,Total,14000,Three years preceding the survey,1,0,RHDELACDKM,,1989,DHS,4388,4298,,,
KEN,435101,Assistance during delivery: don't know or missing,0.8,1,KE,Kenya,1989,KE1989DHS,RH_DELA_C_DKM,83606090,S,1000,0,Total,Total,14001,Five years preceding the survey,1,0,RHDELACDKM,,1989,DHS,7127,6980,,,
KEN,813854,Assistance during delivery: don't know or missing,0.3,1,KE,Kenya,1989,KE1989DHS,RH_DELA_C_DKM,83606090,S,1000,0,Total,Total,14002,Two years preceding the survey,1,1,RHDELACDKM,,1989,DHS,2875,2836,,,
KEN,388776,Assistance during delivery: Total,100,1,KE,Kenya,1989,KE1989DHS,RH_DELA_C_TOT,83606100,T,1000,0,Total,Total,14000,Three years preceding the survey,1,0,RHDELACTOT,,1989,DHS,4388,4298,,,
KEN,435105,Assistance during delivery: Total,100,1,KE,Kenya,1989,KE1989DHS,RH_DELA_C_TOT,83606100,T,1000,0,Total,Total,14001,Five years preceding the survey,1,0,RHDELACTOT,,1989,DHS,7127,6980,,,
KEN,813855,Assistance during delivery: Total,100,1,KE,Kenya,1989,KE1989DHS,RH_DELA_C_TOT,83606100,T,1000,0,Total,Total,14002,Two years preceding the survey,1,1,RHDELACTOT,,1989,DHS,2875,2836,,,
KEN,388777,Assistance during delivery from a skilled provider,50.6,1,KE,Kenya,1989,KE1989DHS,RH_DELA_C_SKP,83606110,I,1000,0,Total,Total,14000,Three years preceding the survey,1,0,RHDELACSKP,,1989,DHS,4388,4298,,,
KEN,435106,Assistance during delivery from a skilled provider,50.1,1,KE,Kenya,1989,KE1989DHS,RH_DELA_C_SKP,83606110,I,1000,0,Total,Total,14001,Five years preceding the survey,1,0,RHDELACSKP,,1989,DHS,7127,6980,,,
KEN,813856,Assistance during delivery from a skilled provider,51.9,1,KE,Kenya,1989,KE1989DHS,RH_DELA_C_SKP,83606110,I,1000,0,Total,Total,14002,Two years preceding the survey,1,1,RHDELACSKP,,1989,DHS,2875,2836,,,
KEN,398140,Number of live births (or stillbirths) in the last two (or three/five) years,4388,0,KE,Kenya,1989,KE1989DHS,RH_DELA_C_NUM,83606130,D,1000,0,Total,Total,14000,Three years preceding the survey,1,0,RHDELACNUM,,1989,DHS,,4298,,,
KEN,449352,Number of live births (or stillbirths) in the last two (or three/five) years,7127,0,KE,Kenya,1989,KE1989DHS,RH_DELA_C_NUM,83606130,D,1000,0,Total,Total,14001,Five years preceding the survey,1,0,RHDELACNUM,,1989,DHS,,6980,,,
KEN,813857,Number of live births (or stillbirths) in the last two (or three/five) years,2875,0,KE,Kenya,1989,KE1989DHS,RH_DELA_C_NUM,83606130,D,1000,0,Total,Total,14002,Two years preceding the survey,1,1,RHDELACNUM,,1989,DHS,,2836,,,
KEN,283786,Number of live births (or stillbirths) in the last two (or three/five) years (unweighted),4298,0,KE,Kenya,1989,KE1989DHS,RH_DELA_C_UNW,83606140,U,1000,0,Total,Total,14000,Three years preceding the survey,1,0,RHDELACUNW,,1989,DHS,4388,,,,
KEN,361766,Number of live births (or stillbirths) in the last two (or three/five) years (unweighted),6980,0,KE,Kenya,1989,KE1989DHS,RH_DELA_C_UNW,83606140,U,1000,0,Total,Total,14001,Five years preceding the survey,1,0,RHDELACUNW,,1989,DHS,7127,,,,
KEN,815413,Number of live births (or stillbirths) in the last two (or three/five) years (unweighted),2836,0,KE,Kenya,1989,KE1989DHS,RH_DELA_C_UNW,83606140,U,1000,0,Total,Total,14002,Two years preceding the survey,1,1,RHDELACUNW,,1989,DHS,2875,,,,
KEN,758575,Antenatal care provider: Doctor,23.5,1,KE,Kenya,1993,KE1993DHS,RH_ANCP_W_DOC,83363010,I,1000,0,Total,Total,14000,Three years preceding the survey,1,0,RHANCPWDOC,,1993,DHS,3103,3080,,,
KEN,571919,Antenatal care provider: Doctor,23.4,1,KE,Kenya,1993,KE1993DHS,RH_ANCP_W_DOC,83363010,I,1000,0,Total,Total,14001,Five years preceding the survey,1,0,RHANCPWDOC,,1993,DHS,3936,3904,,,
KEN,454227,Antenatal care provider: Doctor,23,1,KE,Kenya,1993,KE1993DHS,RH_ANCP_W_DOC,83363010,I,1000,0,Total,Total,14002,Two years preceding the survey,1,1,RHANCPWDOC,,1993,DHS,2307,2305,,,
KEN,758578,Antenatal care provider: Nurse/midwife,71.1,1,KE,Kenya,1993,KE1993DHS,RH_ANCP_W_NRS,83363020,I,1000,0,Total,Total,14000,Three years preceding the survey,1,0,RHANCPWNRS,,1993,DHS,3103,3080,,,
KEN,571922,Antenatal care provider: Nurse/midwife,71.4,1,KE,Kenya,1993,KE1993DHS,RH_ANCP_W_NRS,83363020,I,1000,0,Total,Total,14001,Five years preceding the survey,1,0,RHANCPWNRS,,1993,DHS,3936,3904,,,
KEN,454226,Antenatal care provider: Nurse/midwife,71.3,1,KE,Kenya,1993,KE1993DHS,RH_ANCP_W_NRS,83363020,I,1000,0,Total,Total,14002,Two years preceding the survey,1,1,RHANCPWNRS,,1993,DHS,2307,2305,,,
KEN,758573,Antenatal care provider: Other health worker,0.4,1,KE,Kenya,1993,KE1993DHS,RH_ANCP_W_OHW,83363050,I,1000,0,Total,Total,14000,Three years preceding the survey,1,0,RHANCPWOHW,,1993,DHS,3103,3080,,,
KEN,571896,Antenatal care provider: Other health worker,0.3,1,KE,Kenya,1993,KE1993DHS,RH_ANCP_W_OHW,83363050,I,1000,0,Total,Total,14001,Five years preceding the survey,1,0,RHANCPWOHW,,1993,DHS,3936,3904,,,
KEN,454239,Antenatal care provider: Other health worker,0.5,1,KE,Kenya,1993,KE1993DHS,RH_ANCP_W_OHW,83363050,I,1000,0,Total,Total,14002,Two years preceding the survey,1,1,RHANCPWOHW,,1993,DHS,2307,2305,,,
KEN,758574,Antenatal care provider: Traditional birth attendant,0.4,1,KE,Kenya,1993,KE1993DHS,RH_ANCP_W_TBA,83363070,I,1000,0,Total,Total,14000,Three years preceding the survey,1,0,RHANCPWTBA,,1993,DHS,3103,3080,,,
KEN,571917,Antenatal care provider: Traditional birth attendant,0.4,1,KE,Kenya,1993,KE1993DHS,RH_ANCP_W_TBA,83363070,I,1000,0,Total,Total,14001,Five years preceding the survey,1,0,RHANCPWTBA,,1993,DHS,3936,3904,,,
KEN,454243,Antenatal care provider: Traditional birth attendant,0.5,1,KE,Kenya,1993,KE1993DHS,RH_ANCP_W_TBA,83363070,I,1000,0,Total,Total,14002,Two years preceding the survey,1,1,RHANCPWTBA,,1993,DHS,2307,2305,,,
KEN,758576,Antenatal care provider: Other,0.1,1,KE,Kenya,1993,KE1993DHS,RH_ANCP_W_OTH,83363080,I,1000,0,Total,Total,14000,Three years preceding the survey,1,0,RHANCPWOTH,,1993,DHS,3103,3080,,,
KEN,571920,Antenatal care provider: Other,0.1,1,KE,Kenya,1993,KE1993DHS,RH_ANCP_W_OTH,83363080,I,1000,0,Total,Total,14001,Five years preceding the survey,1,0,RHANCPWOTH,,1993,DHS,3936,3904,,,
KEN,454234,Antenatal care provider: Other,0.2,1,KE,Kenya,1993,KE1993DHS,RH_ANCP_W_OTH,83363080,I,1000,0,Total,Total,14002,Two years preceding the survey,1,1,RHANCPWOTH,,1993,DHS,2307,2305,,,
KEN,758579,Antenatal care provider: Missing ,0.2,1,KE,Kenya,1993,KE1993DHS,RH_ANCP_W_MIS,83363090,S,1000,0,Total,Total,14000,Three years preceding the survey,1,0,RHANCPWMIS,,1993,DHS,3103,3080,,,
KEN,571936,Antenatal care provider: Missing ,0.3,1,KE,Kenya,1993,KE1993DHS,RH_ANCP_W_MIS,83363090,S,1000,0,Total,Total,14001,Five years preceding the survey,1,0,RHANCPWMIS,,1993,DHS,3936,3904,,,
KEN,454236,Antenatal care provider: Missing ,0.2,1,KE,Kenya,1993,KE1993DHS,RH_ANCP_W_MIS,83363090,S,1000,0,Total,Total,14002,Two years preceding the survey,1,1,RHANCPWMIS,,1993,DHS,2307,2305,,,
KEN,758577,No antenatal care,4.3,1,KE,Kenya,1993,KE1993DHS,RH_ANCP_W_NON,83363100,I,1000,0,Total,Total,14000,Three years preceding the survey,1,0,RHANCPWNON,,1993,DHS,3103,3080,,,
KEN,571921,No antenatal care,4,1,KE,Kenya,1993,KE1993DHS,RH_ANCP_W_NON,83363100,I,1000,0,Total,Total,14001,Five years preceding the survey,1,0,RHANCPWNON,,1993,DHS,3936,3904,,,
KEN,454235,No antenatal care,4.4,1,KE,Kenya,1993,KE1993DHS,RH_ANCP_W_NON,83363100,I,1000,0,Total,Total,14002,Two years preceding the survey,1,1,RHANCPWNON,,1993,DHS,2307,2305,,,
KEN,758580,Antenatal care: Total,100,1,KE,Kenya,1993,KE1993DHS,RH_ANCP_W_TOT,83363110,T,1000,0,Total,Total,14000,Three years preceding the survey,1,0,RHANCPWTOT,,1993,DHS,3103,3080,,,
KEN,571937,Antenatal care: Total,100,1,KE,Kenya,1993,KE1993DHS,RH_ANCP_W_TOT,83363110,T,1000,0,Total,Total,14001,Five years preceding the survey,1,0,RHANCPWTOT,,1993,DHS,3936,3904,,,
KEN,454237,Antenatal care: Total,100,1,KE,Kenya,1993,KE1993DHS,RH_ANCP_W_TOT,83363110,T,1000,0,Total,Total,14002,Two years preceding the survey,1,1,RHANCPWTOT,,1993,DHS,2307,2305,,,
KEN,758581,Antenatal care from a skilled provider,94.6,1,KE,Kenya,1993,KE1993DHS,RH_ANCP_W_SKP,83363120,I,1000,0,Total,Total,14000,Three years preceding the survey,1,0,RHANCPWSKP,,1993,DHS,3103,3080,,,
KEN,571918,Antenatal care from a skilled provider,94.8,1,KE,Kenya,1993,KE1993DHS,RH_ANCP_W_SKP,83363120,I,1000,0,Total,Total,14001,Five years preceding the survey,1,0,RHANCPWSKP,,1993,DHS,3936,3904,,,
KEN,454225,Antenatal care from a skilled provider,94.3,1,KE,Kenya,1993,KE1993DHS,RH_ANCP_W_SKP,83363120,I,1000,0,Total,Total,14002,Two years preceding the survey,1,1,RHANCPWSKP,,1993,DHS,2307,2305,,,
KEN,759364,Number of women with a live birth (or stillbirth) in the last two (or three/five) years,3103,0,KE,Kenya,1993,KE1993DHS,RH_ANCP_W_NUM,83363130,D,1000,0,Total,Total,14000,Three years preceding the survey,1,0,RHANCPWNUM,,1993,DHS,,3080,,,
KEN,580113,Number of women with a live birth (or stillbirth) in the last two (or three/five) years,3936,0,KE,Kenya,1993,KE1993DHS,RH_ANCP_W_NUM,83363130,D,1000,0,Total,Total,14001,Five years preceding the survey,1,0,RHANCPWNUM,,1993,DHS,,3904,,,
KEN,454228,Number of women with a live birth (or stillbirth) in the last two (or three/five) years,2307,0,KE,Kenya,1993,KE1993DHS,RH_ANCP_W_NUM,83363130,D,1000,0,Total,Total,14002,Two years preceding the survey,1,1,RHANCPWNUM,,1993,DHS,,2305,,,
KEN,197432,Number of women with a live birth (or stillbirth) in the last two (or three/five) years (unweighted),3080,0,KE,Kenya,1993,KE1993DHS,RH_ANCP_W_UNW,83363140,U,1000,0,Total,Total,14000,Three years preceding the survey,1,0,RHANCPWUNW,,1993,DHS,3103,,,,
KEN,269035,Number of women with a live birth (or stillbirth) in the last two (or three/five) years (unweighted),3904,0,KE,Kenya,1993,KE1993DHS,RH_ANCP_W_UNW,83363140,U,1000,0,Total,Total,14001,Five years preceding the survey,1,0,RHANCPWUNW,,1993,DHS,3936,,,,
KEN,46776,Number of women with a live birth (or stillbirth) in the last two (or three/five) years (unweighted),2305,0,KE,Kenya,1993,KE1993DHS,RH_ANCP_W_UNW,83363140,U,1000,0,Total,Total,14002,Two years preceding the survey,1,1,RHANCPWUNW,,1993,DHS,2307,,,,
KEN,12022,Place of delivery: Public sector,33,1,KE,Kenya,1993,KE1993DHS,RH_DELP_C_PUB,83566010,I,1000,0,Total,Total,14000,Three years preceding the survey,1,0,RHDELPCPUB,,1993,DHS,3645,3655,,,
KEN,353173,Place of delivery: Public sector,33.8,1,KE,Kenya,1993,KE1993DHS,RH_DELP_C_PUB,83566010,I,1000,0,Total,Total,14001,Five years preceding the survey,1,0,RHDELPCPUB,,1993,DHS,6128,6115,,,
KEN,572819,Place of delivery: Public sector,31.2,1,KE,Kenya,1993,KE1993DHS,RH_DELP_C_PUB,83566010,I,1000,0,Total,Total,14002,Two years preceding the survey,1,1,RHDELPCPUB,,1993,DHS,2408,2415,,,
KEN,12025,Place of delivery: Private sector,9.4,1,KE,Kenya,1993,KE1993DHS,RH_DELP_C_PRV,83566020,I,1000,0,Total,Total,14000,Three years preceding the survey,1,0,RHDELPCPRV,,1993,DHS,3645,3655,,,
KEN,353175,Place of delivery: Private sector,10,1,KE,Kenya,1993,KE1993DHS,RH_DELP_C_PRV,83566020,I,1000,0,Total,Total,14001,Five years preceding the survey,1,0,RHDELPCPRV,,1993,DHS,6128,6115,,,
KEN,572825,Place of delivery: Private sector,10.5,1,KE,Kenya,1993,KE1993DHS,RH_DELP_C_PRV,83566020,I,1000,0,Total,Total,14002,Two years preceding the survey,1,1,RHDELPCPRV,,1993,DHS,2408,2415,,,
KEN,12026,Place of delivery: At home,56.1,1,KE,Kenya,1993,KE1993DHS,RH_DELP_C_HOM,83566030,I,1000,0,Total,Total,14000,Three years preceding the survey,1,0,RHDELPCHOM,,1993,DHS,3645,3655,,,
KEN,353176,Place of delivery: At home,54.7,1,KE,Kenya,1993,KE1993DHS,RH_DELP_C_HOM,83566030,I,1000,0,Total,Total,14001,Five years preceding the survey,1,0,RHDELPCHOM,,1993,DHS,6128,6115,,,
KEN,572826,Place of delivery: At home,56.6,1,KE,Kenya,1993,KE1993DHS,RH_DELP_C_HOM,83566030,I,1000,0,Total,Total,14002,Two years preceding the survey,1,1,RHDELPCHOM,,1993,DHS,2408,2415,,,
KEN,12027,Place of delivery: Other,1,1,KE,Kenya,1993,KE1993DHS,RH_DELP_C_OTH,83566040,I,1000,0,Total,Total,14000,Three years preceding the survey,1,0,RHDELPCOTH,,1993,DHS,3645,3655,,,
KEN,353177,Place of delivery: Other,0.8,1,KE,Kenya,1993,KE1993DHS,RH_DELP_C_OTH,83566040,I,1000,0,Total,Total,14001,Five years preceding the survey,1,0,RHDELPCOTH,,1993,DHS,6128,6115,,,
KEN,572827,Place of delivery: Other,1.3,1,KE,Kenya,1993,KE1993DHS,RH_DELP_C_OTH,83566040,I,1000,0,Total,Total,14002,Two years preceding the survey,1,1,RHDELPCOTH,,1993,DHS,2408,2415,,,
KEN,12030,Place of delivery: don't know or missing,0.5,1,KE,Kenya,1993,KE1993DHS,RH_DELP_C_DKM,83566050,S,1000,0,Total,Total,14000,Three years preceding the survey,1,0,RHDELPCDKM,,1993,DHS,3645,3655,,,
KEN,353178,Place of delivery: don't know or missing,0.7,1,KE,Kenya,1993,KE1993DHS,RH_DELP_C_DKM,83566050,S,1000,0,Total,Total,14001,Five years preceding the survey,1,0,RHDELPCDKM,,1993,DHS,6128,6115,,,
KEN,572828,Place of delivery: don't know or missing,0.4,1,KE,Kenya,1993,KE1993DHS,RH_DELP_C_DKM,83566050,S,1000,0,Total,Total,14002,Two years preceding the survey,1,1,RHDELPCDKM,,1993,DHS,2408,2415,,,
KEN,12023,Place of delivery: Total,100,1,KE,Kenya,1993,KE1993DHS,RH_DELP_C_TOT,83566060,T,1000,0,Total,Total,14000,Three years preceding the survey,1,0,RHDELPCTOT,,1993,DHS,3645,3655,,,
KEN,353174,Place of delivery: Total,100,1,KE,Kenya,1993,KE1993DHS,RH_DELP_C_TOT,83566060,T,1000,0,Total,Total,14001,Five years preceding the survey,1,0,RHDELPCTOT,,1993,DHS,6128,6115,,,
KEN,572820,Place of delivery: Total,100,1,KE,Kenya,1993,KE1993DHS,RH_DELP_C_TOT,83566060,T,1000,0,Total,Total,14002,Two years preceding the survey,1,1,RHDELPCTOT,,1993,DHS,2408,2415,,,
KEN,12024,Place of delivery: Health facility,42.4,1,KE,Kenya,1993,KE1993DHS,RH_DELP_C_DHF,83566070,I,1000,0,Total,Total,14000,Three years preceding the survey,1,0,RHDELPCDHF,,1993,DHS,3645,3655,,,
KEN,353179,Place of delivery: Health facility,43.8,1,KE,Kenya,1993,KE1993DHS,RH_DELP_C_DHF,83566070,I,1000,0,Total,Total,14001,Five years preceding the survey,1,0,RHDELPCDHF,,1993,DHS,6128,6115,,,
KEN,572824,Place of delivery: Health facility,41.7,1,KE,Kenya,1993,KE1993DHS,RH_DELP_C_DHF,83566070,I,1000,0,Total,Total,14002,Two years preceding the survey,1,1,RHDELPCDHF,,1993,DHS,2408,2415,,,
KEN,46880,Number of live births (or stillbirths) in the last two (or three/five) years,3645,0,KE,Kenya,1993,KE1993DHS,RH_DELP_C_NUM,83566080,D,1000,0,Total,Total,14000,Three years preceding the survey,1,0,RHDELPCNUM,,1993,DHS,,3655,,,
KEN,46882,Number of live births (or stillbirths) in the last two (or three/five) years,6128,0,KE,Kenya,1993,KE1993DHS,RH_DELP_C_NUM,83566080,D,1000,0,Total,Total,14001,Five years preceding the survey,1,0,RHDELPCNUM,,1993,DHS,,6115,,,
KEN,580114,Number of live births (or stillbirths) in the last two (or three/five) years,2408,0,KE,Kenya,1993,KE1993DHS,RH_DELP_C_NUM,83566080,D,1000,0,Total,Total,14002,Two years preceding the survey,1,1,RHDELPCNUM,,1993,DHS,,2415,,,
KEN,12028,Number of live births (or stillbirths) in the last two (or three/five) years (unweighted),3655,0,KE,Kenya,1993,KE1993DHS,RH_DELP_C_UNW,83566090,U,1000,0,Total,Total,14000,Three years preceding the survey,1,0,RHDELPCUNW,,1993,DHS,3645,,,,
KEN,353180,Number of live births (or stillbirths) in the last two (or three/five) years (unweighted),6115,0,KE,Kenya,1993,KE1993DHS,RH_DELP_C_UNW,83566090,U,1000,0,Total,Total,14001,Five years preceding the survey,1,0,RHDELPCUNW,,1993,DHS,6128,,,,
KEN,262883,Number of live births (or stillbirths) in the last two (or three/five) years (unweighted),2415,0,KE,Kenya,1993,KE1993DHS,RH_DELP_C_UNW,83566090,U,1000,0,Total,Total,14002,Two years preceding the survey,1,1,RHDELPCUNW,,1993,DHS,2408,,,,
KEN,323826,Assistance during delivery: Doctor,12,1,KE,Kenya,1993,KE1993DHS,RH_DELA_C_DOC,83606010,I,1000,0,Total,Total,14000,Three years preceding the survey,1,0,RHDELACDOC,,1993,DHS,3645,3655,,,
KEN,324404,Assistance during delivery: Doctor,12.2,1,KE,Kenya,1993,KE1993DHS,RH_DELA_C_DOC,83606010,I,1000,0,Total,Total,14001,Five years preceding the survey,1,0,RHDELACDOC,,1993,DHS,6128,6115,,,
KEN,564848,Assistance during delivery: Doctor,11.9,1,KE,Kenya,1993,KE1993DHS,RH_DELA_C_DOC,83606010,I,1000,0,Total,Total,14002,Two years preceding the survey,1,1,RHDELACDOC,,1993,DHS,2408,2415,,,
KEN,323824,Assistance during delivery: Nurse/midwife,31.8,1,KE,Kenya,1993,KE1993DHS,RH_DELA_C_NRS,83606020,I,1000,0,Total,Total,14000,Three years preceding the survey,1,0,RHDELACNRS,,1993,DHS,3645,3655,,,
KEN,324410,Assistance during delivery: Nurse/midwife,32.9,1,KE,Kenya,1993,KE1993DHS,RH_DELA_C_NRS,83606020,I,1000,0,Total,Total,14001,Five years preceding the survey,1,0,RHDELACNRS,,1993,DHS,6128,6115,,,
KEN,564863,Assistance during delivery: Nurse/midwife,31.2,1,KE,Kenya,1993,KE1993DHS,RH_DELA_C_NRS,83606020,I,1000,0,Total,Total,14002,Two years preceding the survey,1,1,RHDELACNRS,,1993,DHS,2408,2415,,,
KEN,323825,Assistance during delivery: Other health worker,9.3,1,KE,Kenya,1993,KE1993DHS,RH_DELA_C_OHW,83606040,I,1000,0,Total,Total,14000,Three years preceding the survey,1,0,RHDELACOHW,,1993,DHS,3645,3655,,,
KEN,324411,Assistance during delivery: Other health worker,8.8,1,KE,Kenya,1993,KE1993DHS,RH_DELA_C_OHW,83606040,I,1000,0,Total,Total,14001,Five years preceding the survey,1,0,RHDELACOHW,,1993,DHS,6128,6115,,,
KEN,564864,Assistance during delivery: Other health worker,9.7,1,KE,Kenya,1993,KE1993DHS,RH_DELA_C_OHW,83606040,I,1000,0,Total,Total,14002,Two years preceding the survey,1,1,RHDELACOHW,,1993,DHS,2408,2415,,,
KEN,323827,Assistance during delivery: Traditional birth attendant,12.5,1,KE,Kenya,1993,KE1993DHS,RH_DELA_C_TBA,83606060,I,1000,0,Total,Total,14000,Three years preceding the survey,1,0,RHDELACTBA,,1993,DHS,3645,3655,,,
KEN,324408,Assistance during delivery: Traditional birth attendant,12.4,1,KE,Kenya,1993,KE1993DHS,RH_DELA_C_TBA,83606060,I,1000,0,Total,Total,14001,Five years preceding the survey,1,0,RHDELACTBA,,1993,DHS,6128,6115,,,
KEN,564849,Assistance during delivery: Traditional birth attendant,12.1,1,KE,Kenya,1993,KE1993DHS,RH_DELA_C_TBA,83606060,I,1000,0,Total,Total,14002,Two years preceding the survey,1,1,RHDELACTBA,,1993,DHS,2408,2415,,,
KEN,323828,Assistance during delivery: Relative or other,23.6,1,KE,Kenya,1993,KE1993DHS,RH_DELA_C_REL,83606070,I,1000,0,Total,Total,14000,Three years preceding the survey,1,0,RHDELACREL,,1993,DHS,3645,3655,,,
KEN,324412,Assistance during delivery: Relative or other,23.1,1,KE,Kenya,1993,KE1993DHS,RH_DELA_C_REL,83606070,I,1000,0,Total,Total,14001,Five years preceding the survey,1,0,RHDELACREL,,1993,DHS,6128,6115,,,
KEN,564851,Assistance during delivery: Relative or other,24.6,1,KE,Kenya,1993,KE1993DHS,RH_DELA_C_REL,83606070,I,1000,0,Total,Total,14002,Two years preceding the survey,1,1,RHDELACREL,,1993,DHS,2408,2415,,,
KEN,323834,Assistance during delivery: No one,10.5,1,KE,Kenya,1993,KE1993DHS,RH_DELA_C_NON,83606080,I,1000,0,Total,Total,14000,Three years preceding the survey,1,0,RHDELACNON,,1993,DHS,3645,3655,,,
KEN,324409,Assistance during delivery: No one,10.1,1,KE,Kenya,1993,KE1993DHS,RH_DELA_C_NON,83606080,I,1000,0,Total,Total,14001,Five years preceding the survey,1,0,RHDELACNON,,1993,DHS,6128,6115,,,
KEN,564850,Assistance during delivery: No one,10.2,1,KE,Kenya,1993,KE1993DHS,RH_DELA_C_NON,83606080,I,1000,0,Total,Total,14002,Two years preceding the survey,1,1,RHDELACNON,,1993,DHS,2408,2415,,,
KEN,323833,Assistance during delivery: don't know or missing,0.2,1,KE,Kenya,1993,KE1993DHS,RH_DELA_C_DKM,83606090,S,1000,0,Total,Total,14000,Three years preceding the survey,1,0,RHDELACDKM,,1993,DHS,3645,3655,,,
KEN,324442,Assistance during delivery: don't know or missing,0.5,1,KE,Kenya,1993,KE1993DHS,RH_DELA_C_DKM,83606090,S,1000,0,Total,Total,14001,Five years preceding the survey,1,0,RHDELACDKM,,1993,DHS,6128,6115,,,
KEN,564852,Assistance during delivery: don't know or missing,0.2,1,KE,Kenya,1993,KE1993DHS,RH_DELA_C_DKM,83606090,S,1000,0,Total,Total,14002,Two years preceding the survey,1,1,RHDELACDKM,,1993,DHS,2408,2415,,,
KEN,323829,Assistance during delivery: Total,100,1,KE,Kenya,1993,KE1993DHS,RH_DELA_C_TOT,83606100,T,1000,0,Total,Total,14000,Three years preceding the survey,1,0,RHDELACTOT,,1993,DHS,3645,3655,,,
KEN,324405,Assistance during delivery: Total,100,1,KE,Kenya,1993,KE1993DHS,RH_DELA_C_TOT,83606100,T,1000,0,Total,Total,14001,Five years preceding the survey,1,0,RHDELACTOT,,1993,DHS,6128,6115,,,
KEN,564880,Assistance during delivery: Total,100,1,KE,Kenya,1993,KE1993DHS,RH_DELA_C_TOT,83606100,T,1000,0,Total,Total,14002,Two years preceding the survey,1,1,RHDELACTOT,,1993,DHS,2408,2415,,,
KEN,323830,Assistance during delivery from a skilled provider,43.8,1,KE,Kenya,1993,KE1993DHS,RH_DELA_C_SKP,83606110,I,1000,0,Total,Total,14000,Three years preceding the survey,1,0,RHDELACSKP,,1993,DHS,3645,3655,,,
KEN,324406,Assistance during delivery from a skilled provider,45.1,1,KE,Kenya,1993,KE1993DHS,RH_DELA_C_SKP,83606110,I,1000,0,Total,Total,14001,Five years preceding the survey,1,0,RHDELACSKP,,1993,DHS,6128,6115,,,
KEN,564845,Assistance during delivery from a skilled provider,43.1,1,KE,Kenya,1993,KE1993DHS,RH_DELA_C_SKP,83606110,I,1000,0,Total,Total,14002,Two years preceding the survey,1,1,RHDELACSKP,,1993,DHS,2408,2415,,,
KEN,323831,Delivery by cesarean section,5.4,1,KE,Kenya,1993,KE1993DHS,RH_DELA_C_CSC,83606120,I,1000,0,Total,Total,14000,Three years preceding the survey,1,0,RHDELACCSC,,1993,DHS,3645,3655,,,
KEN,324407,Delivery by cesarean section,5.2,1,KE,Kenya,1993,KE1993DHS,RH_DELA_C_CSC,83606120,I,1000,0,Total,Total,14001,Five years preceding the survey,1,0,RHDELACCSC,,1993,DHS,6128,6115,,,
KEN,564846,Delivery by cesarean section,5.8,1,KE,Kenya,1993,KE1993DHS,RH_DELA_C_CSC,83606120,I,1000,0,Total,Total,14002,Two years preceding the survey,1,1,RHDELACCSC,,1993,DHS,2408,2415,,,
KEN,46885,Number of live births (or stillbirths) in the last two (or three/five) years,3645,0,KE,Kenya,1993,KE1993DHS,RH_DELA_C_NUM,83606130,D,1000,0,Total,Total,14000,Three years preceding the survey,1,0,RHDELACNUM,,1993,DHS,,3655,,,
KEN,46893,Number of live births (or stillbirths) in the last two (or three/five) years,6128,0,KE,Kenya,1993,KE1993DHS,RH_DELA_C_NUM,83606130,D,1000,0,Total,Total,14001,Five years preceding the survey,1,0,RHDELACNUM,,1993,DHS,,6115,,,
KEN,564847,Number of live births (or stillbirths) in the last two (or three/five) years,2408,0,KE,Kenya,1993,KE1993DHS,RH_DELA_C_NUM,83606130,D,1000,0,Total,Total,14002,Two years preceding the survey,1,1,RHDELACNUM,,1993,DHS,,2415,,,
KEN,323823,Number of live births (or stillbirths) in the last two (or three/five) years (unweighted),3655,0,KE,Kenya,1993,KE1993DHS,RH_DELA_C_UNW,83606140,U,1000,0,Total,Total,14000,Three years preceding the survey,1,0,RHDELACUNW,,1993,DHS,3645,,,,
KEN,324512,Number of live births (or stillbirths) in the last two (or three/five) years (unweighted),6115,0,KE,Kenya,1993,KE1993DHS,RH_DELA_C_UNW,83606140,U,1000,0,Total,Total,14001,Five years preceding the survey,1,0,RHDELACUNW,,1993,DHS,6128,,,,
KEN,47000,Number of live births (or stillbirths) in the last two (or three/five) years (unweighted),2415,0,KE,Kenya,1993,KE1993DHS,RH_DELA_C_UNW,83606140,U,1000,0,Total,Total,14002,Two years preceding the survey,1,1,RHDELACUNW,,1993,DHS,2408,,,,
KEN,499887,Children with symptoms of ARI,21,1,KE,Kenya,1993,KE1993DHS,CH_ARIS_C_ARI,93966010,I,1000,0,Total,Total,14000,Three years preceding the survey,1,0,CHARISCARI,,1993,DHS,3364,3370,,,
KEN,298905,Children with symptoms of ARI,18.2,1,KE,Kenya,1993,KE1993DHS,CH_ARIS_C_ARI,93966010,I,1000,0,Total,Total,14001,Five years preceding the survey,1,1,CHARISCARI,,1993,DHS,5650,5642,,,
KEN,502187,Number of children born in the last five (or three) years,3364,0,KE,Kenya,1993,KE1993DHS,CH_ARIS_C_NUM,93966020,D,1000,0,Total,Total,14000,Three years preceding the survey,1,0,CHARISCNUM,,1993,DHS,,3370,,,
KEN,149748,Number of children born in the last five (or three) years,5650,0,KE,Kenya,1993,KE1993DHS,CH_ARIS_C_NUM,93966020,D,1000,0,Total,Total,14001,Five years preceding the survey,1,1,CHARISCNUM,,1993,DHS,,5642,,,
KEN,199197,Number of children born in the last five (or three) years (unweighted),3370,0,KE,Kenya,1993,KE1993DHS,CH_ARIS_C_UNW,93966030,U,1000,0,Total,Total,14000,Three years preceding the survey,1,0,CHARISCUNW,,1993,DHS,3364,,,,
KEN,298907,Number of children born in the last five (or three) years (unweighted),5642,0,KE,Kenya,1993,KE1993DHS,CH_ARIS_C_UNW,93966030,U,1000,0,Total,Total,14001,Five years preceding the survey,1,1,CHARISCUNW,,1993,DHS,5650,,,,
KEN,743828,Children with ARI for whom advice or treatment was sought,72.3,1,KE,Kenya,1993,KE1993DHS,CH_ARIS_C_ADV,93966040,I,1000,0,Total,Total,14000,Three years preceding the survey,1,0,CHARISCADV,,1993,DHS,705,687,,,
KEN,366332,Children with ARI for whom advice or treatment was sought,71.2,1,KE,Kenya,1993,KE1993DHS,CH_ARIS_C_ADV,93966040,I,1000,0,Total,Total,14001,Five years preceding the survey,1,1,CHARISCADV,,1993,DHS,1027,1007,,,
KEN,744951,Number of children with symptoms of ARI born in the last five (or three) years,705,0,KE,Kenya,1993,KE1993DHS,CH_ARIS_C_NM2,93966060,D,1000,0,Total,Total,14000,Three years preceding the survey,1,0,CHARISCNM2,,1993,DHS,,687,,,
KEN,149736,Number of children with symptoms of ARI born in the last five (or three) years,1027,0,KE,Kenya,1993,KE1993DHS,CH_ARIS_C_NM2,93966060,D,1000,0,Total,Total,14001,Five years preceding the survey,1,1,CHARISCNM2,,1993,DHS,,1007,,,
KEN,216878,Number of children with symptoms of ARI born in the last five (or three) years (unweighted),687,0,KE,Kenya,1993,KE1993DHS,CH_ARIS_C_UN2,93966070,U,1000,0,Total,Total,14000,Three years preceding the survey,1,0,CHARISCUN2,,1993,DHS,705,,,,
KEN,366333,Number of children with symptoms of ARI born in the last five (or three) years (unweighted),1007,0,KE,Kenya,1993,KE1993DHS,CH_ARIS_C_UN2,93966070,U,1000,0,Total,Total,14001,Five years preceding the survey,1,1,CHARISCUN2,,1993,DHS,1027,,,,
KEN,678054,Children with fever for whom advice or treatment was sought,68.3,1,KE,Kenya,1993,KE1993DHS,CH_FEVT_C_ADV,94036010,I,1000,0,Total,Total,14000,Three years preceding the survey,1,0,CHFEVTCADV,,1993,DHS,1550,1505,,,
KEN,573613,Children with fever for whom advice or treatment was sought,66.8,1,KE,Kenya,1993,KE1993DHS,CH_FEVT_C_ADV,94036010,I,1000,0,Total,Total,14001,Five years preceding the survey,1,1,CHFEVTCADV,,1993,DHS,2340,2249,,,
KEN,688565,Number of children with fever in the last two weeks,1550,0,KE,Kenya,1993,KE1993DHS,CH_FEVT_C_NUM,94036040,D,1000,0,Total,Total,14000,Three years preceding the survey,1,0,CHFEVTCNUM,,1993,DHS,,1505,,,
KEN,577779,Number of children with fever in the last two weeks,2340,0,KE,Kenya,1993,KE1993DHS,CH_FEVT_C_NUM,94036040,D,1000,0,Total,Total,14001,Five years preceding the survey,1,1,CHFEVTCNUM,,1993,DHS,,2249,,,
KEN,350990,Number of children with fever in the last two weeks (unweighted),1505,0,KE,Kenya,1993,KE1993DHS,CH_FEVT_C_UNW,94036050,U,1000,0,Total,Total,14000,Three years preceding the survey,1,0,CHFEVTCUNW,,1993,DHS,1550,,,,
KEN,260184,Number of children with fever in the last two weeks (unweighted),2249,0,KE,Kenya,1993,KE1993DHS,CH_FEVT_C_UNW,94036050,U,1000,0,Total,Total,14001,Five years preceding the survey,1,1,CHFEVTCUNW,,1993,DHS,2340,,,,
KEN,678329,Treatment of diarrhea: Advice or treatment was sought,55.9,1,KE,Kenya,1993,KE1993DHS,CH_DIAT_C_ADV,94096010,I,1000,0,Total,Total,14000,Three years preceding the survey,1,0,CHDIATCADV,,1993,DHS,632,617,,,
KEN,540330,Treatment of diarrhea: Advice or treatment was sought,55.9,1,KE,Kenya,1993,KE1993DHS,CH_DIAT_C_ADV,94096010,I,1000,0,Total,Total,14001,Five years preceding the survey,1,1,CHDIATCADV,,1993,DHS,779,756,,,
KEN,678313,Treatment of diarrhea: Oral rehydration solution (ORS),31.6,1,KE,Kenya,1993,KE1993DHS,CH_DIAT_C_ORS,94096020,I,1000,0,Total,Total,14000,Three years preceding the survey,1,0,CHDIATCORS,,1993,DHS,632,617,,,
KEN,540325,Treatment of diarrhea: Oral rehydration solution (ORS),31.6,1,KE,Kenya,1993,KE1993DHS,CH_DIAT_C_ORS,94096020,I,1000,0,Total,Total,14001,Five years preceding the survey,1,1,CHDIATCORS,,1993,DHS,779,756,,,
KEN,678317,Treatment of diarrhea: Either ORS or RHF,31.6,1,KE,Kenya,1993,KE1993DHS,CH_DIAT_C_ORT,94096040,I,1000,0,Total,Total,14000,Three years preceding the survey,1,0,CHDIATCORT,,1993,DHS,632,617,,,
KEN,540327,Treatment of diarrhea: Either ORS or RHF,31.6,1,KE,Kenya,1993,KE1993DHS,CH_DIAT_C_ORT,94096040,I,1000,0,Total,Total,14001,Five years preceding the survey,1,1,CHDIATCORT,,1993,DHS,779,756,,,
KEN,678318,Treatment of diarrhea: Increased fluids,42.2,1,KE,Kenya,1993,KE1993DHS,CH_DIAT_C_INC,94096050,I,1000,0,Total,Total,14000,Three years preceding the survey,1,0,CHDIATCINC,,1993,DHS,632,617,,,
KEN,540328,Treatment of diarrhea: Increased fluids,43.9,1,KE,Kenya,1993,KE1993DHS,CH_DIAT_C_INC,94096050,I,1000,0,Total,Total,14001,Five years preceding the survey,1,1,CHDIATCINC,,1993,DHS,779,756,,,
KEN,678319,Treatment of diarrhea: ORT or increased fluids,56,1,KE,Kenya,1993,KE1993DHS,CH_DIAT_C_ORI,94096060,I,1000,0,Total,Total,14000,Three years preceding the survey,1,0,CHDIATCORI,,1993,DHS,632,617,,,
KEN,540329,Treatment of diarrhea: ORT or increased fluids,57.4,1,KE,Kenya,1993,KE1993DHS,CH_DIAT_C_ORI,94096060,I,1000,0,Total,Total,14001,Five years preceding the survey,1,1,CHDIATCORI,,1993,DHS,779,756,,,
KEN,678312,"Treatment of diarrhea: No ORS, RHF or increased fluids",44,1,KE,Kenya,1993,KE1993DHS,CH_DIAT_C_NON,94096070,I,1000,0,Total,Total,14000,Three years preceding the survey,1,0,CHDIATCNON,,1993,DHS,632,617,,,
KEN,540337,"Treatment of diarrhea: No ORS, RHF or increased fluids",42.6,1,KE,Kenya,1993,KE1993DHS,CH_DIAT_C_NON,94096070,I,1000,0,Total,Total,14001,Five years preceding the survey,1,1,CHDIATCNON,,1993,DHS,779,756,,,
KEN,678330,Treatment of diarrhea: Antibiotics,15.6,1,KE,Kenya,1993,KE1993DHS,CH_DIAT_C_ABI,94096080,I,1000,0,Total,Total,14000,Three years preceding the survey,1,0,CHDIATCABI,,1993,DHS,632,617,,,
KEN,540331,Treatment of diarrhea: Antibiotics,16.7,1,KE,Kenya,1993,KE1993DHS,CH_DIAT_C_ABI,94096080,I,1000,0,Total,Total,14001,Five years preceding the survey,1,1,CHDIATCABI,,1993,DHS,779,756,,,
KEN,678320,Treatment of diarrhea: Intravenous solution,0.1,1,KE,Kenya,1993,KE1993DHS,CH_DIAT_C_IVS,94096110,I,1000,0,Total,Total,14000,Three years preceding the survey,1,0,CHDIATCIVS,,1993,DHS,632,617,,,
KEN,540322,Treatment of diarrhea: Intravenous solution,0.2,1,KE,Kenya,1993,KE1993DHS,CH_DIAT_C_IVS,94096110,I,1000,0,Total,Total,14001,Five years preceding the survey,1,1,CHDIATCIVS,,1993,DHS,779,756,,,
KEN,678321,Treatment of diarrhea: Home remedy - other,35.6,1,KE,Kenya,1993,KE1993DHS,CH_DIAT_C_HOM,94096130,I,1000,0,Total,Total,14000,Three years preceding the survey,1,0,CHDIATCHOM,,1993,DHS,632,617,,,
KEN,540323,Treatment of diarrhea: Home remedy - other,35.8,1,KE,Kenya,1993,KE1993DHS,CH_DIAT_C_HOM,94096130,I,1000,0,Total,Total,14001,Five years preceding the survey,1,1,CHDIATCHOM,,1993,DHS,779,756,,,
KEN,678328,Treatment of diarrhea: No treatment,19,1,KE,Kenya,1993,KE1993DHS,CH_DIAT_C_NOT,94096140,I,1000,0,Total,Total,14000,Three years preceding the survey,1,0,CHDIATCNOT,,1993,DHS,632,617,,,
KEN,540324,Treatment of diarrhea: No treatment,18.2,1,KE,Kenya,1993,KE1993DHS,CH_DIAT_C_NOT,94096140,I,1000,0,Total,Total,14001,Five years preceding the survey,1,1,CHDIATCNOT,,1993,DHS,779,756,,,
KEN,678331,Treatment of diarrhea: don't know or missing,1.6,1,KE,Kenya,1993,KE1993DHS,CH_DIAT_C_DKM,94096150,S,1000,0,Total,Total,14000,Three years preceding the survey,1,0,CHDIATCDKM,,1993,DHS,632,617,,,
KEN,540335,Treatment of diarrhea: don't know or missing,1.9,1,KE,Kenya,1993,KE1993DHS,CH_DIAT_C_DKM,94096150,S,1000,0,Total,Total,14001,Five years preceding the survey,1,1,CHDIATCDKM,,1993,DHS,779,756,,,
KEN,685653,Number of children born in the last five (or three) years,632,0,KE,Kenya,1993,KE1993DHS,CH_DIAT_C_NUM,94096160,D,1000,0,Total,Total,14000,Three years preceding the survey,1,0,CHDIATCNUM,,1993,DHS,,617,,,
KEN,540338,Number of children born in the last five (or three) years,779,0,KE,Kenya,1993,KE1993DHS,CH_DIAT_C_NUM,94096160,D,1000,0,Total,Total,14001,Five years preceding the survey,1,1,CHDIATCNUM,,1993,DHS,,756,,,
KEN,312264,Number of children born in the last five (or three) years (unweighted),617,0,KE,Kenya,1993,KE1993DHS,CH_DIAT_C_UNW,94096170,U,1000,0,Total,Total,14000,Three years preceding the survey,1,0,CHDIATCUNW,,1993,DHS,632,,,,
KEN,149977,Number of children born in the last five (or three) years (unweighted),756,0,KE,Kenya,1993,KE1993DHS,CH_DIAT_C_UNW,94096170,U,1000,0,Total,Total,14001,Five years preceding the survey,1,1,CHDIATCUNW,,1993,DHS,779,,,,
KEN,595285,Antenatal care provider: Doctor,28.3,1,KE,Kenya,1998,KE1998DHS,RH_ANCP_W_DOC,83363010,I,1000,0,Total,Total,14000,Three years preceding the survey,1,0,RHANCPWDOC,,1998,DHS,3007,3058,,,
KEN,709940,Antenatal care provider: Doctor,28.3,1,KE,Kenya,1998,KE1998DHS,RH_ANCP_W_DOC,83363010,I,1000,0,Total,Total,14002,Two years preceding the survey,1,1,RHANCPWDOC,,1998,DHS,2255,2300,,,
KEN,595310,Antenatal care provider: Nurse/midwife,64,1,KE,Kenya,1998,KE1998DHS,RH_ANCP_W_NRS,83363020,I,1000,0,Total,Total,14000,Three years preceding the survey,1,0,RHANCPWNRS,,1998,DHS,3007,3058,,,
KEN,709943,Antenatal care provider: Nurse/midwife,64.1,1,KE,Kenya,1998,KE1998DHS,RH_ANCP_W_NRS,83363020,I,1000,0,Total,Total,14002,Two years preceding the survey,1,1,RHANCPWNRS,,1998,DHS,2255,2300,,,
KEN,595287,Antenatal care provider: Other health worker,0.9,1,KE,Kenya,1998,KE1998DHS,RH_ANCP_W_OHW,83363050,I,1000,0,Total,Total,14000,Three years preceding the survey,1,0,RHANCPWOHW,,1998,DHS,3007,3058,,,
KEN,709946,Antenatal care provider: Other health worker,0.8,1,KE,Kenya,1998,KE1998DHS,RH_ANCP_W_OHW,83363050,I,1000,0,Total,Total,14002,Two years preceding the survey,1,1,RHANCPWOHW,,1998,DHS,2255,2300,,,
KEN,595288,Antenatal care provider: Traditional birth attendant,0.8,1,KE,Kenya,1998,KE1998DHS,RH_ANCP_W_TBA,83363070,I,1000,0,Total,Total,14000,Three years preceding the survey,1,0,RHANCPWTBA,,1998,DHS,3007,3058,,,
KEN,709947,Antenatal care provider: Traditional birth attendant,0.9,1,KE,Kenya,1998,KE1998DHS,RH_ANCP_W_TBA,83363070,I,1000,0,Total,Total,14002,Two years preceding the survey,1,1,RHANCPWTBA,,1998,DHS,2255,2300,,,
KEN,595289,Antenatal care provider: Other,0.3,1,KE,Kenya,1998,KE1998DHS,RH_ANCP_W_OTH,83363080,I,1000,0,Total,Total,14000,Three years preceding the survey,1,0,RHANCPWOTH,,1998,DHS,3007,3058,,,
KEN,709941,Antenatal care provider: Other,0.2,1,KE,Kenya,1998,KE1998DHS,RH_ANCP_W_OTH,83363080,I,1000,0,Total,Total,14002,Two years preceding the survey,1,1,RHANCPWOTH,,1998,DHS,2255,2300,,,
KEN,595311,Antenatal care provider: Missing ,0.1,1,KE,Kenya,1998,KE1998DHS,RH_ANCP_W_MIS,83363090,S,1000,0,Total,Total,14000,Three years preceding the survey,1,0,RHANCPWMIS,,1998,DHS,3007,3058,,,
KEN,709944,Antenatal care provider: Missing ,0.1,1,KE,Kenya,1998,KE1998DHS,RH_ANCP_W_MIS,83363090,S,1000,0,Total,Total,14002,Two years preceding the survey,1,1,RHANCPWMIS,,1998,DHS,2255,2300,,,
KEN,595290,No antenatal care,5.6,1,KE,Kenya,1998,KE1998DHS,RH_ANCP_W_NON,83363100,I,1000,0,Total,Total,14000,Three years preceding the survey,1,0,RHANCPWNON,,1998,DHS,3007,3058,,,
KEN,709942,No antenatal care,5.6,1,KE,Kenya,1998,KE1998DHS,RH_ANCP_W_NON,83363100,I,1000,0,Total,Total,14002,Two years preceding the survey,1,1,RHANCPWNON,,1998,DHS,2255,2300,,,
KEN,595312,Antenatal care: Total,100,1,KE,Kenya,1998,KE1998DHS,RH_ANCP_W_TOT,83363110,T,1000,0,Total,Total,14000,Three years preceding the survey,1,0,RHANCPWTOT,,1998,DHS,3007,3058,,,
KEN,709945,Antenatal care: Total,100,1,KE,Kenya,1998,KE1998DHS,RH_ANCP_W_TOT,83363110,T,1000,0,Total,Total,14002,Two years preceding the survey,1,1,RHANCPWTOT,,1998,DHS,2255,2300,,,
KEN,595286,Antenatal care from a skilled provider,92.3,1,KE,Kenya,1998,KE1998DHS,RH_ANCP_W_SKP,83363120,I,1000,0,Total,Total,14000,Three years preceding the survey,1,0,RHANCPWSKP,,1998,DHS,3007,3058,,,
KEN,709948,Antenatal care from a skilled provider,92.4,1,KE,Kenya,1998,KE1998DHS,RH_ANCP_W_SKP,83363120,I,1000,0,Total,Total,14002,Two years preceding the survey,1,1,RHANCPWSKP,,1998,DHS,2255,2300,,,
KEN,595309,Number of women with a live birth (or stillbirth) in the last two (or three/five) years,3007,0,KE,Kenya,1998,KE1998DHS,RH_ANCP_W_NUM,83363130,D,1000,0,Total,Total,14000,Three years preceding the survey,1,0,RHANCPWNUM,,1998,DHS,,3058,,,
KEN,711115,Number of women with a live birth (or stillbirth) in the last two (or three/five) years,2255,0,KE,Kenya,1998,KE1998DHS,RH_ANCP_W_NUM,83363130,D,1000,0,Total,Total,14002,Two years preceding the survey,1,1,RHANCPWNUM,,1998,DHS,,2300,,,
KEN,46902,Number of women with a live birth (or stillbirth) in the last two (or three/five) years (unweighted),3058,0,KE,Kenya,1998,KE1998DHS,RH_ANCP_W_UNW,83363140,U,1000,0,Total,Total,14000,Three years preceding the survey,1,0,RHANCPWUNW,,1998,DHS,3007,,,,
KEN,197431,Number of women with a live birth (or stillbirth) in the last two (or three/five) years (unweighted),2300,0,KE,Kenya,1998,KE1998DHS,RH_ANCP_W_UNW,83363140,U,1000,0,Total,Total,14002,Two years preceding the survey,1,1,RHANCPWUNW,,1998,DHS,2255,,,,
KEN,279096,Place of delivery: Public sector,30.9,1,KE,Kenya,1998,KE1998DHS,RH_DELP_C_PUB,83566010,I,1000,0,Total,Total,14000,Three years preceding the survey,1,0,RHDELPCPUB,,1998,DHS,3464,3531,,,
KEN,474170,Place of delivery: Public sector,30.2,1,KE,Kenya,1998,KE1998DHS,RH_DELP_C_PUB,83566010,I,1000,0,Total,Total,14002,Two years preceding the survey,1,1,RHDELPCPUB,,1998,DHS,2359,2409,,,
KEN,279098,Place of delivery: Private sector,11.2,1,KE,Kenya,1998,KE1998DHS,RH_DELP_C_PRV,83566020,I,1000,0,Total,Total,14000,Three years preceding the survey,1,0,RHDELPCPRV,,1998,DHS,3464,3531,,,
KEN,474172,Place of delivery: Private sector,10.6,1,KE,Kenya,1998,KE1998DHS,RH_DELP_C_PRV,83566020,I,1000,0,Total,Total,14002,Two years preceding the survey,1,1,RHDELPCPRV,,1998,DHS,2359,2409,,,
KEN,279099,Place of delivery: At home,56.6,1,KE,Kenya,1998,KE1998DHS,RH_DELP_C_HOM,83566030,I,1000,0,Total,Total,14000,Three years preceding the survey,1,0,RHDELPCHOM,,1998,DHS,3464,3531,,,
KEN,474173,Place of delivery: At home,58.1,1,KE,Kenya,1998,KE1998DHS,RH_DELP_C_HOM,83566030,I,1000,0,Total,Total,14002,Two years preceding the survey,1,1,RHDELPCHOM,,1998,DHS,2359,2409,,,
KEN,279100,Place of delivery: Other,1,1,KE,Kenya,1998,KE1998DHS,RH_DELP_C_OTH,83566040,I,1000,0,Total,Total,14000,Three years preceding the survey,1,0,RHDELPCOTH,,1998,DHS,3464,3531,,,
KEN,474174,Place of delivery: Other,0.9,1,KE,Kenya,1998,KE1998DHS,RH_DELP_C_OTH,83566040,I,1000,0,Total,Total,14002,Two years preceding the survey,1,1,RHDELPCOTH,,1998,DHS,2359,2409,,,
KEN,279101,Place of delivery: don't know or missing,0.3,1,KE,Kenya,1998,KE1998DHS,RH_DELP_C_DKM,83566050,S,1000,0,Total,Total,14000,Three years preceding the survey,1,0,RHDELPCDKM,,1998,DHS,3464,3531,,,
KEN,474175,Place of delivery: don't know or missing,0.2,1,KE,Kenya,1998,KE1998DHS,RH_DELP_C_DKM,83566050,S,1000,0,Total,Total,14002,Two years preceding the survey,1,1,RHDELPCDKM,,1998,DHS,2359,2409,,,
KEN,279102,Place of delivery: Total,100,1,KE,Kenya,1998,KE1998DHS,RH_DELP_C_TOT,83566060,T,1000,0,Total,Total,14000,Three years preceding the survey,1,0,RHDELPCTOT,,1998,DHS,3464,3531,,,
KEN,474171,Place of delivery: Total,100,1,KE,Kenya,1998,KE1998DHS,RH_DELP_C_TOT,83566060,T,1000,0,Total,Total,14002,Two years preceding the survey,1,1,RHDELPCTOT,,1998,DHS,2359,2409,,,
KEN,279097,Place of delivery: Health facility,42.1,1,KE,Kenya,1998,KE1998DHS,RH_DELP_C_DHF,83566070,I,1000,0,Total,Total,14000,Three years preceding the survey,1,0,RHDELPCDHF,,1998,DHS,3464,3531,,,
KEN,474265,Place of delivery: Health facility,40.8,1,KE,Kenya,1998,KE1998DHS,RH_DELP_C_DHF,83566070,I,1000,0,Total,Total,14002,Two years preceding the survey,1,1,RHDELPCDHF,,1998,DHS,2359,2409,,,
KEN,46940,Number of live births (or stillbirths) in the last two (or three/five) years,3464,0,KE,Kenya,1998,KE1998DHS,RH_DELP_C_NUM,83566080,D,1000,0,Total,Total,14000,Three years preceding the survey,1,0,RHDELPCNUM,,1998,DHS,,3531,,,
KEN,482660,Number of live births (or stillbirths) in the last two (or three/five) years,2359,0,KE,Kenya,1998,KE1998DHS,RH_DELP_C_NUM,83566080,D,1000,0,Total,Total,14002,Two years preceding the survey,1,1,RHDELPCNUM,,1998,DHS,,2409,,,
KEN,279113,Number of live births (or stillbirths) in the last two (or three/five) years (unweighted),3531,0,KE,Kenya,1998,KE1998DHS,RH_DELP_C_UNW,83566090,U,1000,0,Total,Total,14000,Three years preceding the survey,1,0,RHDELPCUNW,,1998,DHS,3464,,,,
KEN,12006,Number of live births (or stillbirths) in the last two (or three/five) years (unweighted),2409,0,KE,Kenya,1998,KE1998DHS,RH_DELP_C_UNW,83566090,U,1000,0,Total,Total,14002,Two years preceding the survey,1,1,RHDELPCUNW,,1998,DHS,2359,,,,
KEN,222540,Assistance during delivery: Doctor,12.3,1,KE,Kenya,1998,KE1998DHS,RH_DELA_C_DOC,83606010,I,1000,0,Total,Total,14000,Three years preceding the survey,1,0,RHDELACDOC,,1998,DHS,3464,3531,,,
KEN,358303,Assistance during delivery: Doctor,12.2,1,KE,Kenya,1998,KE1998DHS,RH_DELA_C_DOC,83606010,I,1000,0,Total,Total,14002,Two years preceding the survey,1,1,RHDELACDOC,,1998,DHS,2359,2409,,,
KEN,222538,Assistance during delivery: Nurse/midwife,32,1,KE,Kenya,1998,KE1998DHS,RH_DELA_C_NRS,83606020,I,1000,0,Total,Total,14000,Three years preceding the survey,1,0,RHDELACNRS,,1998,DHS,3464,3531,,,
KEN,358305,Assistance during delivery: Nurse/midwife,30.5,1,KE,Kenya,1998,KE1998DHS,RH_DELA_C_NRS,83606020,I,1000,0,Total,Total,14002,Two years preceding the survey,1,1,RHDELACNRS,,1998,DHS,2359,2409,,,
KEN,222539,Assistance during delivery: Other health worker,11.3,1,KE,Kenya,1998,KE1998DHS,RH_DELA_C_OHW,83606040,I,1000,0,Total,Total,14000,Three years preceding the survey,1,0,RHDELACOHW,,1998,DHS,3464,3531,,,
KEN,358306,Assistance during delivery: Other health worker,11.9,1,KE,Kenya,1998,KE1998DHS,RH_DELA_C_OHW,83606040,I,1000,0,Total,Total,14002,Two years preceding the survey,1,1,RHDELACOHW,,1998,DHS,2359,2409,,,
KEN,222541,Assistance during delivery: Traditional birth attendant,9.9,1,KE,Kenya,1998,KE1998DHS,RH_DELA_C_TBA,83606060,I,1000,0,Total,Total,14000,Three years preceding the survey,1,0,RHDELACTBA,,1998,DHS,3464,3531,,,
KEN,358304,Assistance during delivery: Traditional birth attendant,10.5,1,KE,Kenya,1998,KE1998DHS,RH_DELA_C_TBA,83606060,I,1000,0,Total,Total,14002,Two years preceding the survey,1,1,RHDELACTBA,,1998,DHS,2359,2409,,,
KEN,222536,Assistance during delivery: Relative or other,23.9,1,KE,Kenya,1998,KE1998DHS,RH_DELA_C_REL,83606070,I,1000,0,Total,Total,14000,Three years preceding the survey,1,0,RHDELACREL,,1998,DHS,3464,3531,,,
KEN,358307,Assistance during delivery: Relative or other,24.9,1,KE,Kenya,1998,KE1998DHS,RH_DELA_C_REL,83606070,I,1000,0,Total,Total,14002,Two years preceding the survey,1,1,RHDELACREL,,1998,DHS,2359,2409,,,
KEN,222542,Assistance during delivery: No one,10.2,1,KE,Kenya,1998,KE1998DHS,RH_DELA_C_NON,83606080,I,1000,0,Total,Total,14000,Three years preceding the survey,1,0,RHDELACNON,,1998,DHS,3464,3531,,,
KEN,358309,Assistance during delivery: No one,9.9,1,KE,Kenya,1998,KE1998DHS,RH_DELA_C_NON,83606080,I,1000,0,Total,Total,14002,Two years preceding the survey,1,1,RHDELACNON,,1998,DHS,2359,2409,,,
KEN,222537,Assistance during delivery: don't know or missing,0.3,1,KE,Kenya,1998,KE1998DHS,RH_DELA_C_DKM,83606090,S,1000,0,Total,Total,14000,Three years preceding the survey,1,0,RHDELACDKM,,1998,DHS,3464,3531,,,
KEN,358308,Assistance during delivery: don't know or missing,0.2,1,KE,Kenya,1998,KE1998DHS,RH_DELA_C_DKM,83606090,S,1000,0,Total,Total,14002,Two years preceding the survey,1,1,RHDELACDKM,,1998,DHS,2359,2409,,,
KEN,222543,Assistance during delivery: Total,100,1,KE,Kenya,1998,KE1998DHS,RH_DELA_C_TOT,83606100,T,1000,0,Total,Total,14000,Three years preceding the survey,1,0,RHDELACTOT,,1998,DHS,3464,3531,,,
KEN,358311,Assistance during delivery: Total,100,1,KE,Kenya,1998,KE1998DHS,RH_DELA_C_TOT,83606100,T,1000,0,Total,Total,14002,Two years preceding the survey,1,1,RHDELACTOT,,1998,DHS,2359,2409,,,
KEN,222544,Assistance during delivery from a skilled provider,44.4,1,KE,Kenya,1998,KE1998DHS,RH_DELA_C_SKP,83606110,I,1000,0,Total,Total,14000,Three years preceding the survey,1,0,RHDELACSKP,,1998,DHS,3464,3531,,,
KEN,358312,Assistance during delivery from a skilled provider,42.6,1,KE,Kenya,1998,KE1998DHS,RH_DELA_C_SKP,83606110,I,1000,0,Total,Total,14002,Two years preceding the survey,1,1,RHDELACSKP,,1998,DHS,2359,2409,,,
KEN,222545,Delivery by cesarean section,6.8,1,KE,Kenya,1998,KE1998DHS,RH_DELA_C_CSC,83606120,I,1000,0,Total,Total,14000,Three years preceding the survey,1,0,RHDELACCSC,,1998,DHS,3464,3531,,,
KEN,358313,Delivery by cesarean section,7.2,1,KE,Kenya,1998,KE1998DHS,RH_DELA_C_CSC,83606120,I,1000,0,Total,Total,14002,Two years preceding the survey,1,1,RHDELACCSC,,1998,DHS,2359,2409,,,
KEN,46953,Number of live births (or stillbirths) in the last two (or three/five) years,3464,0,KE,Kenya,1998,KE1998DHS,RH_DELA_C_NUM,83606130,D,1000,0,Total,Total,14000,Three years preceding the survey,1,0,RHDELACNUM,,1998,DHS,,3531,,,
KEN,46951,Number of live births (or stillbirths) in the last two (or three/five) years,2359,0,KE,Kenya,1998,KE1998DHS,RH_DELA_C_NUM,83606130,D,1000,0,Total,Total,14002,Two years preceding the survey,1,1,RHDELACNUM,,1998,DHS,,2409,,,
KEN,222550,Number of live births (or stillbirths) in the last two (or three/five) years (unweighted),3531,0,KE,Kenya,1998,KE1998DHS,RH_DELA_C_UNW,83606140,U,1000,0,Total,Total,14000,Three years preceding the survey,1,0,RHDELACUNW,,1998,DHS,3464,,,,
KEN,358310,Number of live births (or stillbirths) in the last two (or three/five) years (unweighted),2409,0,KE,Kenya,1998,KE1998DHS,RH_DELA_C_UNW,83606140,U,1000,0,Total,Total,14002,Two years preceding the survey,1,1,RHDELACUNW,,1998,DHS,2359,,,,
KEN,552238,Children with symptoms of ARI,20.1,1,KE,Kenya,1998,KE1998DHS,CH_ARIS_C_ARI,93966010,I,1000,0,Total,Total,14000,Three years preceding the survey,1,0,CHARISCARI,,1998,DHS,3205,3275,,,
KEN,582334,Number of children born in the last five (or three) years,3205,0,KE,Kenya,1998,KE1998DHS,CH_ARIS_C_NUM,93966020,D,1000,0,Total,Total,14000,Three years preceding the survey,1,0,CHARISCNUM,,1998,DHS,,3275,,,
KEN,333455,Number of children born in the last five (or three) years (unweighted),3275,0,KE,Kenya,1998,KE1998DHS,CH_ARIS_C_UNW,93966030,U,1000,0,Total,Total,14000,Three years preceding the survey,1,0,CHARISCUNW,,1998,DHS,3205,,,,
KEN,421303,Children with ARI for whom advice or treatment was sought,71.7,1,KE,Kenya,1998,KE1998DHS,CH_ARIS_C_ADV,93966040,I,1000,0,Total,Total,14000,Three years preceding the survey,1,0,CHARISCADV,,1998,DHS,644,632,,,
KEN,428350,Number of children with symptoms of ARI born in the last five (or three) years,644,0,KE,Kenya,1998,KE1998DHS,CH_ARIS_C_NM2,93966060,D,1000,0,Total,Total,14000,Three years preceding the survey,1,0,CHARISCNM2,,1998,DHS,,632,,,
KEN,320733,Number of children with symptoms of ARI born in the last five (or three) years (unweighted),632,0,KE,Kenya,1998,KE1998DHS,CH_ARIS_C_UN2,93966070,U,1000,0,Total,Total,14000,Three years preceding the survey,1,0,CHARISCUN2,,1998,DHS,644,,,,
KEN,592558,Children with fever for whom advice or treatment was sought,38.1,1,KE,Kenya,1998,KE1998DHS,CH_FEVT_C_ADV,94036010,I,1000,0,Total,Total,14000,Three years preceding the survey,1,0,CHFEVTCADV,,1998,DHS,1356,1365,,,
KEN,592563,Number of children with fever in the last two weeks,1356,0,KE,Kenya,1998,KE1998DHS,CH_FEVT_C_NUM,94036040,D,1000,0,Total,Total,14000,Three years preceding the survey,1,0,CHFEVTCNUM,,1998,DHS,,1365,,,
KEN,150094,Number of children with fever in the last two weeks (unweighted),1365,0,KE,Kenya,1998,KE1998DHS,CH_FEVT_C_UNW,94036050,U,1000,0,Total,Total,14000,Three years preceding the survey,1,0,CHFEVTCUNW,,1998,DHS,1356,,,,
KEN,412398,Treatment of diarrhea: Advice or treatment was sought,54,1,KE,Kenya,1998,KE1998DHS,CH_DIAT_C_ADV,94096010,I,1000,0,Total,Total,14000,Three years preceding the survey,1,0,CHDIATCADV,,1998,DHS,549,538,,,
KEN,412390,Treatment of diarrhea: Oral rehydration solution (ORS),36.9,1,KE,Kenya,1998,KE1998DHS,CH_DIAT_C_ORS,94096020,I,1000,0,Total,Total,14000,Three years preceding the survey,1,0,CHDIATCORS,,1998,DHS,549,538,,,
KEN,412395,Treatment of diarrhea: Recommended home fluids (RHF) at home,56.5,1,KE,Kenya,1998,KE1998DHS,CH_DIAT_C_RHF,94096030,I,1000,0,Total,Total,14000,Three years preceding the survey,1,0,CHDIATCRHF,,1998,DHS,549,538,,,
KEN,412396,Treatment of diarrhea: Either ORS or RHF,68.7,1,KE,Kenya,1998,KE1998DHS,CH_DIAT_C_ORT,94096040,I,1000,0,Total,Total,14000,Three years preceding the survey,1,0,CHDIATCORT,,1998,DHS,549,538,,,
KEN,412397,Treatment of diarrhea: Increased fluids,54.4,1,KE,Kenya,1998,KE1998DHS,CH_DIAT_C_INC,94096050,I,1000,0,Total,Total,14000,Three years preceding the survey,1,0,CHDIATCINC,,1998,DHS,549,538,,,
KEN,412405,Treatment of diarrhea: ORT or increased fluids,82,1,KE,Kenya,1998,KE1998DHS,CH_DIAT_C_ORI,94096060,I,1000,0,Total,Total,14000,Three years preceding the survey,1,0,CHDIATCORI,,1998,DHS,549,538,,,
KEN,412404,"Treatment of diarrhea: No ORS, RHF or increased fluids",18,1,KE,Kenya,1998,KE1998DHS,CH_DIAT_C_NON,94096070,I,1000,0,Total,Total,14000,Three years preceding the survey,1,0,CHDIATCNON,,1998,DHS,549,538,,,
KEN,412406,Treatment of diarrhea: Intravenous solution,2.7,1,KE,Kenya,1998,KE1998DHS,CH_DIAT_C_IVS,94096110,I,1000,0,Total,Total,14000,Three years preceding the survey,1,0,CHDIATCIVS,,1998,DHS,549,538,,,
KEN,412408,Treatment of diarrhea: Home remedy - other,47,1,KE,Kenya,1998,KE1998DHS,CH_DIAT_C_HOM,94096130,I,1000,0,Total,Total,14000,Three years preceding the survey,1,0,CHDIATCHOM,,1998,DHS,549,538,,,
KEN,412409,Treatment of diarrhea: No treatment,9.5,1,KE,Kenya,1998,KE1998DHS,CH_DIAT_C_NOT,94096140,I,1000,0,Total,Total,14000,Three years preceding the survey,1,0,CHDIATCNOT,,1998,DHS,549,538,,,
KEN,412402,Treatment of diarrhea: don't know or missing,0.2,1,KE,Kenya,1998,KE1998DHS,CH_DIAT_C_DKM,94096150,S,1000,0,Total,Total,14000,Three years preceding the survey,1,0,CHDIATCDKM,,1998,DHS,549,538,,,
KEN,417183,Number of children born in the last five (or three) years,549,0,KE,Kenya,1998,KE1998DHS,CH_DIAT_C_NUM,94096160,D,1000,0,Total,Total,14000,Three years preceding the survey,1,0,CHDIATCNUM,,1998,DHS,,538,,,
KEN,219408,Number of children born in the last five (or three) years (unweighted),538,0,KE,Kenya,1998,KE1998DHS,CH_DIAT_C_UNW,94096170,U,1000,0,Total,Total,14000,Three years preceding the survey,1,0,CHDIATCUNW,,1998,DHS,549,,,,
KEN,544016,Antenatal care provider: Doctor,17.4,1,KE,Kenya,2003,KE2003DHS,RH_ANCP_W_DOC,83363010,I,1000,0,Total,Total,14000,Three years preceding the survey,1,0,RHANCPWDOC,,2003,DHS,3151,3101,,,
KEN,46945,Antenatal care provider: Doctor,17.9,1,KE,Kenya,2003,KE2003DHS,RH_ANCP_W_DOC,83363010,I,1000,0,Total,Total,14001,Five years preceding the survey,1,0,RHANCPWDOC,,2003,DHS,4052,3972,,,
KEN,675036,Antenatal care provider: Doctor,16.9,1,KE,Kenya,2003,KE2003DHS,RH_ANCP_W_DOC,83363010,I,1000,0,Total,Total,14002,Two years preceding the survey,1,1,RHANCPWDOC,,2003,DHS,2416,2357,,,
KEN,544014,Antenatal care provider: Nurse/midwife,70,1,KE,Kenya,2003,KE2003DHS,RH_ANCP_W_NRS,83363020,I,1000,0,Total,Total,14000,Three years preceding the survey,1,0,RHANCPWNRS,,2003,DHS,3151,3101,,,
KEN,46942,Antenatal care provider: Nurse/midwife,70.2,1,KE,Kenya,2003,KE2003DHS,RH_ANCP_W_NRS,83363020,I,1000,0,Total,Total,14001,Five years preceding the survey,1,0,RHANCPWNRS,,2003,DHS,4052,3972,,,
KEN,675039,Antenatal care provider: Nurse/midwife,69.7,1,KE,Kenya,2003,KE2003DHS,RH_ANCP_W_NRS,83363020,I,1000,0,Total,Total,14002,Two years preceding the survey,1,1,RHANCPWNRS,,2003,DHS,2416,2357,,,
KEN,544019,Antenatal care provider: Traditional birth attendant,2,1,KE,Kenya,2003,KE2003DHS,RH_ANCP_W_TBA,83363070,I,1000,0,Total,Total,14000,Three years preceding the survey,1,0,RHANCPWTBA,,2003,DHS,3151,3101,,,
KEN,46950,Antenatal care provider: Traditional birth attendant,1.7,1,KE,Kenya,2003,KE2003DHS,RH_ANCP_W_TBA,83363070,I,1000,0,Total,Total,14001,Five years preceding the survey,1,0,RHANCPWTBA,,2003,DHS,4052,3972,,,
KEN,675042,Antenatal care provider: Traditional birth attendant,2,1,KE,Kenya,2003,KE2003DHS,RH_ANCP_W_TBA,83363070,I,1000,0,Total,Total,14002,Two years preceding the survey,1,1,RHANCPWTBA,,2003,DHS,2416,2357,,,
KEN,544017,Antenatal care provider: Other,0.1,1,KE,Kenya,2003,KE2003DHS,RH_ANCP_W_OTH,83363080,I,1000,0,Total,Total,14000,Three years preceding the survey,1,0,RHANCPWOTH,,2003,DHS,3151,3101,,,
KEN,46946,Antenatal care provider: Other,0.1,1,KE,Kenya,2003,KE2003DHS,RH_ANCP_W_OTH,83363080,I,1000,0,Total,Total,14001,Five years preceding the survey,1,0,RHANCPWOTH,,2003,DHS,4052,3972,,,
KEN,675037,Antenatal care provider: Other,0.1,1,KE,Kenya,2003,KE2003DHS,RH_ANCP_W_OTH,83363080,I,1000,0,Total,Total,14002,Two years preceding the survey,1,1,RHANCPWOTH,,2003,DHS,2416,2357,,,
KEN,544015,Antenatal care provider: Missing ,0.5,1,KE,Kenya,2003,KE2003DHS,RH_ANCP_W_MIS,83363090,S,1000,0,Total,Total,14000,Three years preceding the survey,1,0,RHANCPWMIS,,2003,DHS,3151,3101,,,
KEN,46943,Antenatal care provider: Missing ,0.6,1,KE,Kenya,2003,KE2003DHS,RH_ANCP_W_MIS,83363090,S,1000,0,Total,Total,14001,Five years preceding the survey,1,0,RHANCPWMIS,,2003,DHS,4052,3972,,,
KEN,675040,Antenatal care provider: Missing ,0.6,1,KE,Kenya,2003,KE2003DHS,RH_ANCP_W_MIS,83363090,S,1000,0,Total,Total,14002,Two years preceding the survey,1,1,RHANCPWMIS,,2003,DHS,2416,2357,,,
KEN,544018,No antenatal care,10,1,KE,Kenya,2003,KE2003DHS,RH_ANCP_W_NON,83363100,I,1000,0,Total,Total,14000,Three years preceding the survey,1,0,RHANCPWNON,,2003,DHS,3151,3101,,,
KEN,46947,No antenatal care,9.6,1,KE,Kenya,2003,KE2003DHS,RH_ANCP_W_NON,83363100,I,1000,0,Total,Total,14001,Five years preceding the survey,1,0,RHANCPWNON,,2003,DHS,4052,3972,,,
KEN,675038,No antenatal care,10.6,1,KE,Kenya,2003,KE2003DHS,RH_ANCP_W_NON,83363100,I,1000,0,Total,Total,14002,Two years preceding the survey,1,1,RHANCPWNON,,2003,DHS,2416,2357,,,
KEN,544053,Antenatal care: Total,100,1,KE,Kenya,2003,KE2003DHS,RH_ANCP_W_TOT,83363110,T,1000,0,Total,Total,14000,Three years preceding the survey,1,0,RHANCPWTOT,,2003,DHS,3151,3101,,,
KEN,46944,Antenatal care: Total,100,1,KE,Kenya,2003,KE2003DHS,RH_ANCP_W_TOT,83363110,T,1000,0,Total,Total,14001,Five years preceding the survey,1,0,RHANCPWTOT,,2003,DHS,4052,3972,,,
KEN,675041,Antenatal care: Total,100,1,KE,Kenya,2003,KE2003DHS,RH_ANCP_W_TOT,83363110,T,1000,0,Total,Total,14002,Two years preceding the survey,1,1,RHANCPWTOT,,2003,DHS,2416,2357,,,
KEN,544052,Antenatal care from a skilled provider,87.4,1,KE,Kenya,2003,KE2003DHS,RH_ANCP_W_SKP,83363120,I,1000,0,Total,Total,14000,Three years preceding the survey,1,0,RHANCPWSKP,,2003,DHS,3151,3101,,,
KEN,46948,Antenatal care from a skilled provider,88.1,1,KE,Kenya,2003,KE2003DHS,RH_ANCP_W_SKP,83363120,I,1000,0,Total,Total,14001,Five years preceding the survey,1,0,RHANCPWSKP,,2003,DHS,4052,3972,,,
KEN,675035,Antenatal care from a skilled provider,86.7,1,KE,Kenya,2003,KE2003DHS,RH_ANCP_W_SKP,83363120,I,1000,0,Total,Total,14002,Two years preceding the survey,1,1,RHANCPWSKP,,2003,DHS,2416,2357,,,
KEN,544020,Number of women with a live birth (or stillbirth) in the last two (or three/five) years,3151,0,KE,Kenya,2003,KE2003DHS,RH_ANCP_W_NUM,83363130,D,1000,0,Total,Total,14000,Three years preceding the survey,1,0,RHANCPWNUM,,2003,DHS,,3101,,,
KEN,46949,Number of women with a live birth (or stillbirth) in the last two (or three/five) years,4052,0,KE,Kenya,2003,KE2003DHS,RH_ANCP_W_NUM,83363130,D,1000,0,Total,Total,14001,Five years preceding the survey,1,0,RHANCPWNUM,,2003,DHS,,3972,,,
KEN,686841,Number of women with a live birth (or stillbirth) in the last two (or three/five) years,2416,0,KE,Kenya,2003,KE2003DHS,RH_ANCP_W_NUM,83363130,D,1000,0,Total,Total,14002,Two years preceding the survey,1,1,RHANCPWNUM,,2003,DHS,,2357,,,
KEN,46955,Number of women with a live birth (or stillbirth) in the last two (or three/five) years (unweighted),3101,0,KE,Kenya,2003,KE2003DHS,RH_ANCP_W_UNW,83363140,U,1000,0,Total,Total,14000,Three years preceding the survey,1,0,RHANCPWUNW,,2003,DHS,3151,,,,
KEN,46954,Number of women with a live birth (or stillbirth) in the last two (or three/five) years (unweighted),3972,0,KE,Kenya,2003,KE2003DHS,RH_ANCP_W_UNW,83363140,U,1000,0,Total,Total,14001,Five years preceding the survey,1,0,RHANCPWUNW,,2003,DHS,4052,,,,
KEN,331359,Number of women with a live birth (or stillbirth) in the last two (or three/five) years (unweighted),2357,0,KE,Kenya,2003,KE2003DHS,RH_ANCP_W_UNW,83363140,U,1000,0,Total,Total,14002,Two years preceding the survey,1,1,RHANCPWUNW,,2003,DHS,2416,,,,
KEN,736272,Place of delivery: Public sector,25.3,1,KE,Kenya,2003,KE2003DHS,RH_DELP_C_PUB,83566010,I,1000,0,Total,Total,14000,Three years preceding the survey,1,0,RHDELPCPUB,,2003,DHS,3702,3633,,,
KEN,576993,Place of delivery: Public sector,26.1,1,KE,Kenya,2003,KE2003DHS,RH_DELP_C_PUB,83566010,I,1000,0,Total,Total,14001,Five years preceding the survey,1,0,RHDELPCPUB,,2003,DHS,6102,5949,,,
KEN,205391,Place of delivery: Public sector,25.4,1,KE,Kenya,2003,KE2003DHS,RH_DELP_C_PUB,83566010,I,1000,0,Total,Total,14002,Two years preceding the survey,1,1,RHDELPCPUB,,2003,DHS,2562,2494,,,
KEN,736275,Place of delivery: Private sector,14.5,1,KE,Kenya,2003,KE2003DHS,RH_DELP_C_PRV,83566020,I,1000,0,Total,Total,14000,Three years preceding the survey,1,0,RHDELPCPRV,,2003,DHS,3702,3633,,,
KEN,576995,Place of delivery: Private sector,14,1,KE,Kenya,2003,KE2003DHS,RH_DELP_C_PRV,83566020,I,1000,0,Total,Total,14001,Five years preceding the survey,1,0,RHDELPCPRV,,2003,DHS,6102,5949,,,
KEN,205386,Place of delivery: Private sector,13.7,1,KE,Kenya,2003,KE2003DHS,RH_DELP_C_PRV,83566020,I,1000,0,Total,Total,14002,Two years preceding the survey,1,1,RHDELPCPRV,,2003,DHS,2562,2494,,,
KEN,736276,Place of delivery: At home,59.3,1,KE,Kenya,2003,KE2003DHS,RH_DELP_C_HOM,83566030,I,1000,0,Total,Total,14000,Three years preceding the survey,1,0,RHDELPCHOM,,2003,DHS,3702,3633,,,
KEN,576996,Place of delivery: At home,58.7,1,KE,Kenya,2003,KE2003DHS,RH_DELP_C_HOM,83566030,I,1000,0,Total,Total,14001,Five years preceding the survey,1,0,RHDELPCHOM,,2003,DHS,6102,5949,,,
KEN,205387,Place of delivery: At home,59.9,1,KE,Kenya,2003,KE2003DHS,RH_DELP_C_HOM,83566030,I,1000,0,Total,Total,14002,Two years preceding the survey,1,1,RHDELPCHOM,,2003,DHS,2562,2494,,,
KEN,736277,Place of delivery: Other,0.8,1,KE,Kenya,2003,KE2003DHS,RH_DELP_C_OTH,83566040,I,1000,0,Total,Total,14000,Three years preceding the survey,1,0,RHDELPCOTH,,2003,DHS,3702,3633,,,
KEN,576997,Place of delivery: Other,0.8,1,KE,Kenya,2003,KE2003DHS,RH_DELP_C_OTH,83566040,I,1000,0,Total,Total,14001,Five years preceding the survey,1,0,RHDELPCOTH,,2003,DHS,6102,5949,,,
KEN,205388,Place of delivery: Other,0.9,1,KE,Kenya,2003,KE2003DHS,RH_DELP_C_OTH,83566040,I,1000,0,Total,Total,14002,Two years preceding the survey,1,1,RHDELPCOTH,,2003,DHS,2562,2494,,,
KEN,736281,Place of delivery: don't know or missing,0.1,1,KE,Kenya,2003,KE2003DHS,RH_DELP_C_DKM,83566050,S,1000,0,Total,Total,14000,Three years preceding the survey,1,0,RHDELPCDKM,,2003,DHS,3702,3633,,,
KEN,576998,Place of delivery: don't know or missing,0.3,1,KE,Kenya,2003,KE2003DHS,RH_DELP_C_DKM,83566050,S,1000,0,Total,Total,14001,Five years preceding the survey,1,0,RHDELPCDKM,,2003,DHS,6102,5949,,,
KEN,205389,Place of delivery: don't know or missing,0.1,1,KE,Kenya,2003,KE2003DHS,RH_DELP_C_DKM,83566050,S,1000,0,Total,Total,14002,Two years preceding the survey,1,1,RHDELPCDKM,,2003,DHS,2562,2494,,,
KEN,736273,Place of delivery: Total,100,1,KE,Kenya,2003,KE2003DHS,RH_DELP_C_TOT,83566060,T,1000,0,Total,Total,14000,Three years preceding the survey,1,0,RHDELPCTOT,,2003,DHS,3702,3633,,,
KEN,576994,Place of delivery: Total,100,1,KE,Kenya,2003,KE2003DHS,RH_DELP_C_TOT,83566060,T,1000,0,Total,Total,14001,Five years preceding the survey,1,0,RHDELPCTOT,,2003,DHS,6102,5949,,,
KEN,205392,Place of delivery: Total,100,1,KE,Kenya,2003,KE2003DHS,RH_DELP_C_TOT,83566060,T,1000,0,Total,Total,14002,Two years preceding the survey,1,1,RHDELPCTOT,,2003,DHS,2562,2494,,,
KEN,736274,Place of delivery: Health facility,39.8,1,KE,Kenya,2003,KE2003DHS,RH_DELP_C_DHF,83566070,I,1000,0,Total,Total,14000,Three years preceding the survey,1,0,RHDELPCDHF,,2003,DHS,3702,3633,,,
KEN,576999,Place of delivery: Health facility,40.1,1,KE,Kenya,2003,KE2003DHS,RH_DELP_C_DHF,83566070,I,1000,0,Total,Total,14001,Five years preceding the survey,1,0,RHDELPCDHF,,2003,DHS,6102,5949,,,
KEN,205390,Place of delivery: Health facility,39.1,1,KE,Kenya,2003,KE2003DHS,RH_DELP_C_DHF,83566070,I,1000,0,Total,Total,14002,Two years preceding the survey,1,1,RHDELPCDHF,,2003,DHS,2562,2494,,,
KEN,740428,Number of live births (or stillbirths) in the last two (or three/five) years,3702,0,KE,Kenya,2003,KE2003DHS,RH_DELP_C_NUM,83566080,D,1000,0,Total,Total,14000,Three years preceding the survey,1,0,RHDELPCNUM,,2003,DHS,,3633,,,
KEN,589778,Number of live births (or stillbirths) in the last two (or three/five) years,6102,0,KE,Kenya,2003,KE2003DHS,RH_DELP_C_NUM,83566080,D,1000,0,Total,Total,14001,Five years preceding the survey,1,0,RHDELPCNUM,,2003,DHS,,5949,,,
KEN,46997,Number of live births (or stillbirths) in the last two (or three/five) years,2562,0,KE,Kenya,2003,KE2003DHS,RH_DELP_C_NUM,83566080,D,1000,0,Total,Total,14002,Two years preceding the survey,1,1,RHDELPCNUM,,2003,DHS,,2494,,,
KEN,358332,Number of live births (or stillbirths) in the last two (or three/five) years (unweighted),3633,0,KE,Kenya,2003,KE2003DHS,RH_DELP_C_UNW,83566090,U,1000,0,Total,Total,14000,Three years preceding the survey,1,0,RHDELPCUNW,,2003,DHS,3702,,,,
KEN,340889,Number of live births (or stillbirths) in the last two (or three/five) years (unweighted),5949,0,KE,Kenya,2003,KE2003DHS,RH_DELP_C_UNW,83566090,U,1000,0,Total,Total,14001,Five years preceding the survey,1,0,RHDELPCUNW,,2003,DHS,6102,,,,
KEN,205385,Number of live births (or stillbirths) in the last two (or three/five) years (unweighted),2494,0,KE,Kenya,2003,KE2003DHS,RH_DELP_C_UNW,83566090,U,1000,0,Total,Total,14002,Two years preceding the survey,1,1,RHDELPCUNW,,2003,DHS,2562,,,,
KEN,636423,Assistance during delivery: Doctor,11.5,1,KE,Kenya,2003,KE2003DHS,RH_DELA_C_DOC,83606010,I,1000,0,Total,Total,14000,Three years preceding the survey,1,0,RHDELACDOC,,2003,DHS,3702,3633,,,
KEN,589779,Assistance during delivery: Doctor,11.4,1,KE,Kenya,2003,KE2003DHS,RH_DELA_C_DOC,83606010,I,1000,0,Total,Total,14001,Five years preceding the survey,1,0,RHDELACDOC,,2003,DHS,6102,5949,,,
KEN,279087,Assistance during delivery: Doctor,10.6,1,KE,Kenya,2003,KE2003DHS,RH_DELA_C_DOC,83606010,I,1000,0,Total,Total,14002,Two years preceding the survey,1,1,RHDELACDOC,,2003,DHS,2562,2494,,,
KEN,636425,Assistance during delivery: Nurse/midwife,30.1,1,KE,Kenya,2003,KE2003DHS,RH_DELA_C_NRS,83606020,I,1000,0,Total,Total,14000,Three years preceding the survey,1,0,RHDELACNRS,,2003,DHS,3702,3633,,,
KEN,589782,Assistance during delivery: Nurse/midwife,30.2,1,KE,Kenya,2003,KE2003DHS,RH_DELA_C_NRS,83606020,I,1000,0,Total,Total,14001,Five years preceding the survey,1,0,RHDELACNRS,,2003,DHS,6102,5949,,,
KEN,279086,Assistance during delivery: Nurse/midwife,30.3,1,KE,Kenya,2003,KE2003DHS,RH_DELA_C_NRS,83606020,I,1000,0,Total,Total,14002,Two years preceding the survey,1,1,RHDELACNRS,,2003,DHS,2562,2494,,,
KEN,636424,Assistance during delivery: Traditional birth attendant,28.2,1,KE,Kenya,2003,KE2003DHS,RH_DELA_C_TBA,83606060,I,1000,0,Total,Total,14000,Three years preceding the survey,1,0,RHDELACTBA,,2003,DHS,3702,3633,,,
KEN,589780,Assistance during delivery: Traditional birth attendant,28,1,KE,Kenya,2003,KE2003DHS,RH_DELA_C_TBA,83606060,I,1000,0,Total,Total,14001,Five years preceding the survey,1,0,RHDELACTBA,,2003,DHS,6102,5949,,,
KEN,279088,Assistance during delivery: Traditional birth attendant,27.7,1,KE,Kenya,2003,KE2003DHS,RH_DELA_C_TBA,83606060,I,1000,0,Total,Total,14002,Two years preceding the survey,1,1,RHDELACTBA,,2003,DHS,2562,2494,,,
KEN,636412,Assistance during delivery: Relative or other,22.7,1,KE,Kenya,2003,KE2003DHS,RH_DELA_C_REL,83606070,I,1000,0,Total,Total,14000,Three years preceding the survey,1,0,RHDELACREL,,2003,DHS,3702,3633,,,
KEN,589781,Assistance during delivery: Relative or other,22.1,1,KE,Kenya,2003,KE2003DHS,RH_DELA_C_REL,83606070,I,1000,0,Total,Total,14001,Five years preceding the survey,1,0,RHDELACREL,,2003,DHS,6102,5949,,,
KEN,279090,Assistance during delivery: Relative or other,23.3,1,KE,Kenya,2003,KE2003DHS,RH_DELA_C_REL,83606070,I,1000,0,Total,Total,14002,Two years preceding the survey,1,1,RHDELACREL,,2003,DHS,2562,2494,,,
KEN,636426,Assistance during delivery: No one,7.3,1,KE,Kenya,2003,KE2003DHS,RH_DELA_C_NON,83606080,I,1000,0,Total,Total,14000,Three years preceding the survey,1,0,RHDELACNON,,2003,DHS,3702,3633,,,
KEN,589783,Assistance during delivery: No one,8,1,KE,Kenya,2003,KE2003DHS,RH_DELA_C_NON,83606080,I,1000,0,Total,Total,14001,Five years preceding the survey,1,0,RHDELACNON,,2003,DHS,6102,5949,,,
KEN,279089,Assistance during delivery: No one,8.1,1,KE,Kenya,2003,KE2003DHS,RH_DELA_C_NON,83606080,I,1000,0,Total,Total,14002,Two years preceding the survey,1,1,RHDELACNON,,2003,DHS,2562,2494,,,
KEN,636413,Assistance during delivery: don't know or missing,0.2,1,KE,Kenya,2003,KE2003DHS,RH_DELA_C_DKM,83606090,S,1000,0,Total,Total,14000,Three years preceding the survey,1,0,RHDELACDKM,,2003,DHS,3702,3633,,,
KEN,589789,Assistance during delivery: don't know or missing,0.3,1,KE,Kenya,2003,KE2003DHS,RH_DELA_C_DKM,83606090,S,1000,0,Total,Total,14001,Five years preceding the survey,1,0,RHDELACDKM,,2003,DHS,6102,5949,,,
KEN,279091,Assistance during delivery: don't know or missing,0,1,KE,Kenya,2003,KE2003DHS,RH_DELA_C_DKM,83606090,S,1000,0,Total,Total,14002,Two years preceding the survey,1,1,RHDELACDKM,,2003,DHS,2562,2494,,,
KEN,636414,Assistance during delivery: Total,100,1,KE,Kenya,2003,KE2003DHS,RH_DELA_C_TOT,83606100,T,1000,0,Total,Total,14000,Three years preceding the survey,1,0,RHDELACTOT,,2003,DHS,3702,3633,,,
KEN,589784,Assistance during delivery: Total,100,1,KE,Kenya,2003,KE2003DHS,RH_DELA_C_TOT,83606100,T,1000,0,Total,Total,14001,Five years preceding the survey,1,0,RHDELACTOT,,2003,DHS,6102,5949,,,
KEN,279093,Assistance during delivery: Total,100,1,KE,Kenya,2003,KE2003DHS,RH_DELA_C_TOT,83606100,T,1000,0,Total,Total,14002,Two years preceding the survey,1,1,RHDELACTOT,,2003,DHS,2562,2494,,,
KEN,636415,Assistance during delivery from a skilled provider,41.6,1,KE,Kenya,2003,KE2003DHS,RH_DELA_C_SKP,83606110,I,1000,0,Total,Total,14000,Three years preceding the survey,1,0,RHDELACSKP,,2003,DHS,3702,3633,,,
KEN,589791,Assistance during delivery from a skilled provider,41.6,1,KE,Kenya,2003,KE2003DHS,RH_DELA_C_SKP,83606110,I,1000,0,Total,Total,14001,Five years preceding the survey,1,0,RHDELACSKP,,2003,DHS,6102,5949,,,
KEN,279094,Assistance during delivery from a skilled provider,40.9,1,KE,Kenya,2003,KE2003DHS,RH_DELA_C_SKP,83606110,I,1000,0,Total,Total,14002,Two years preceding the survey,1,1,RHDELACSKP,,2003,DHS,2562,2494,,,
KEN,636416,Delivery by cesarean section,4.3,1,KE,Kenya,2003,KE2003DHS,RH_DELA_C_CSC,83606120,I,1000,0,Total,Total,14000,Three years preceding the survey,1,0,RHDELACCSC,,2003,DHS,3702,3633,,,
KEN,589775,Delivery by cesarean section,4,1,KE,Kenya,2003,KE2003DHS,RH_DELA_C_CSC,83606120,I,1000,0,Total,Total,14001,Five years preceding the survey,1,0,RHDELACCSC,,2003,DHS,6102,5949,,,
KEN,279095,Delivery by cesarean section,4,1,KE,Kenya,2003,KE2003DHS,RH_DELA_C_CSC,83606120,I,1000,0,Total,Total,14002,Two years preceding the survey,1,1,RHDELACCSC,,2003,DHS,2562,2494,,,
KEN,640897,Number of live births (or stillbirths) in the last two (or three/five) years,3702,0,KE,Kenya,2003,KE2003DHS,RH_DELA_C_NUM,83606130,D,1000,0,Total,Total,14000,Three years preceding the survey,1,0,RHDELACNUM,,2003,DHS,,3633,,,
KEN,589790,Number of live births (or stillbirths) in the last two (or three/five) years,6102,0,KE,Kenya,2003,KE2003DHS,RH_DELA_C_NUM,83606130,D,1000,0,Total,Total,14001,Five years preceding the survey,1,0,RHDELACNUM,,2003,DHS,,5949,,,
KEN,47085,Number of live births (or stillbirths) in the last two (or three/five) years,2562,0,KE,Kenya,2003,KE2003DHS,RH_DELA_C_NUM,83606130,D,1000,0,Total,Total,14002,Two years preceding the survey,1,1,RHDELACNUM,,2003,DHS,,2494,,,
KEN,224341,Number of live births (or stillbirths) in the last two (or three/five) years (unweighted),3633,0,KE,Kenya,2003,KE2003DHS,RH_DELA_C_UNW,83606140,U,1000,0,Total,Total,14000,Three years preceding the survey,1,0,RHDELACUNW,,2003,DHS,3702,,,,
KEN,47257,Number of live births (or stillbirths) in the last two (or three/five) years (unweighted),5949,0,KE,Kenya,2003,KE2003DHS,RH_DELA_C_UNW,83606140,U,1000,0,Total,Total,14001,Five years preceding the survey,1,0,RHDELACUNW,,2003,DHS,6102,,,,
KEN,279112,Number of live births (or stillbirths) in the last two (or three/five) years (unweighted),2494,0,KE,Kenya,2003,KE2003DHS,RH_DELA_C_UNW,83606140,U,1000,0,Total,Total,14002,Two years preceding the survey,1,1,RHDELACUNW,,2003,DHS,2562,,,,
KEN,659681,Provider of mothers' first postnatal checkup: Doctor/nurse/midwife,5.2,1,KE,Kenya,2003,KE2003DHS,RH_PCMP_W_DOC,83663010,I,1000,0,Total,Total,0,,1,1,RHPCMPWDOC,,2003,DHS,2416,2357,,,
KEN,659680,Provider of mothers' first postnatal checkup: Traditional birth attendant,5.2,1,KE,Kenya,2003,KE2003DHS,RH_PCMP_W_TBA,83663050,I,1000,0,Total,Total,0,,1,1,RHPCMPWTBA,,2003,DHS,2416,2357,,,
KEN,659682,Provider of mothers' first postnatal checkup: don't know or missing,0,1,KE,Kenya,2003,KE2003DHS,RH_PCMP_W_DKM,83663060,S,1000,0,Total,Total,0,,1,1,RHPCMPWDKM,,2003,DHS,2416,2357,,,
KEN,659684,No postnatal checkup for mother within first two days of birth,89.5,1,KE,Kenya,2003,KE2003DHS,RH_PCMP_W_NON,83663070,I,1000,0,Total,Total,0,,1,1,RHPCMPWNON,,2003,DHS,2416,2357,,,
KEN,659685,Provider of mothers' first postnatal checkup: Total,100,1,KE,Kenya,2003,KE2003DHS,RH_PCMP_W_TOT,83663080,T,1000,0,Total,Total,0,,1,1,RHPCMPWTOT,,2003,DHS,2416,2357,,,
KEN,675388,Number of mothers,2416,0,KE,Kenya,2003,KE2003DHS,RH_PCMP_W_NUM,83663090,D,1000,0,Total,Total,0,,1,1,RHPCMPWNUM,,2003,DHS,,2357,,,
KEN,354185,Number of mothers (unweighted),2357,0,KE,Kenya,2003,KE2003DHS,RH_PCMP_W_UNW,83663100,U,1000,0,Total,Total,0,,1,1,RHPCMPWUNW,,2003,DHS,2416,,,,
KEN,267440,Children with symptoms of ARI,19.8,1,KE,Kenya,2003,KE2003DHS,CH_ARIS_C_ARI,93966010,I,1000,0,Total,Total,14000,Three years preceding the survey,1,0,CHARISCARI,,2003,DHS,3411,3358,,,
KEN,665297,Children with symptoms of ARI,18.4,1,KE,Kenya,2003,KE2003DHS,CH_ARIS_C_ARI,93966010,I,1000,0,Total,Total,14001,Five years preceding the survey,1,1,CHARISCARI,,2003,DHS,5560,5447,,,
KEN,154536,Number of children born in the last five (or three) years,3411,0,KE,Kenya,2003,KE2003DHS,CH_ARIS_C_NUM,93966020,D,1000,0,Total,Total,14000,Three years preceding the survey,1,0,CHARISCNUM,,2003,DHS,,3358,,,
KEN,669951,Number of children born in the last five (or three) years,5560,0,KE,Kenya,2003,KE2003DHS,CH_ARIS_C_NUM,93966020,D,1000,0,Total,Total,14001,Five years preceding the survey,1,1,CHARISCNUM,,2003,DHS,,5447,,,
KEN,267442,Number of children born in the last five (or three) years (unweighted),3358,0,KE,Kenya,2003,KE2003DHS,CH_ARIS_C_UNW,93966030,U,1000,0,Total,Total,14000,Three years preceding the survey,1,0,CHARISCUNW,,2003,DHS,3411,,,,
KEN,227763,Number of children born in the last five (or three) years (unweighted),5447,0,KE,Kenya,2003,KE2003DHS,CH_ARIS_C_UNW,93966030,U,1000,0,Total,Total,14001,Five years preceding the survey,1,1,CHARISCUNW,,2003,DHS,5560,,,,
KEN,305740,Children with ARI for whom advice or treatment was sought,70.1,1,KE,Kenya,2003,KE2003DHS,CH_ARIS_C_ADV,93966040,I,1000,0,Total,Total,14000,Three years preceding the survey,1,0,CHARISCADV,,2003,DHS,677,675,,,
KEN,313643,Children with ARI for whom advice or treatment was sought,68.5,1,KE,Kenya,2003,KE2003DHS,CH_ARIS_C_ADV,93966040,I,1000,0,Total,Total,14001,Five years preceding the survey,1,1,CHARISCADV,,2003,DHS,1023,1009,,,
KEN,154532,Number of children with symptoms of ARI born in the last five (or three) years,677,0,KE,Kenya,2003,KE2003DHS,CH_ARIS_C_NM2,93966060,D,1000,0,Total,Total,14000,Three years preceding the survey,1,0,CHARISCNM2,,2003,DHS,,675,,,
KEN,154539,Number of children with symptoms of ARI born in the last five (or three) years,1023,0,KE,Kenya,2003,KE2003DHS,CH_ARIS_C_NM2,93966060,D,1000,0,Total,Total,14001,Five years preceding the survey,1,1,CHARISCNM2,,2003,DHS,,1009,,,
KEN,305739,Number of children with symptoms of ARI born in the last five (or three) years (unweighted),675,0,KE,Kenya,2003,KE2003DHS,CH_ARIS_C_UN2,93966070,U,1000,0,Total,Total,14000,Three years preceding the survey,1,0,CHARISCUN2,,2003,DHS,677,,,,
KEN,313612,Number of children with symptoms of ARI born in the last five (or three) years (unweighted),1009,0,KE,Kenya,2003,KE2003DHS,CH_ARIS_C_UN2,93966070,U,1000,0,Total,Total,14001,Five years preceding the survey,1,1,CHARISCUN2,,2003,DHS,1023,,,,
KEN,587521,Children with fever for whom advice or treatment was sought,69,1,KE,Kenya,2003,KE2003DHS,CH_FEVT_C_ADV,94036010,I,1000,0,Total,Total,14000,Three years preceding the survey,1,0,CHFEVTCADV,,2003,DHS,1531,1513,,,
KEN,154566,Children with fever for whom advice or treatment was sought,67.8,1,KE,Kenya,2003,KE2003DHS,CH_FEVT_C_ADV,94036010,I,1000,0,Total,Total,14001,Five years preceding the survey,1,1,CHFEVTCADV,,2003,DHS,2255,2215,,,
KEN,587522,Child took antimalarial drugs for fever,25.7,1,KE,Kenya,2003,KE2003DHS,CH_FEVT_C_AML,94036020,I,1000,0,Total,Total,14000,Three years preceding the survey,1,0,CHFEVTCAML,,2003,DHS,1531,1513,,,
KEN,154565,Child took antimalarial drugs for fever,26.2,1,KE,Kenya,2003,KE2003DHS,CH_FEVT_C_AML,94036020,I,1000,0,Total,Total,14001,Five years preceding the survey,1,1,CHFEVTCAML,,2003,DHS,2255,2215,,,
KEN,587523,Number of children with fever in the last two weeks,1531,0,KE,Kenya,2003,KE2003DHS,CH_FEVT_C_NUM,94036040,D,1000,0,Total,Total,14000,Three years preceding the survey,1,0,CHFEVTCNUM,,2003,DHS,,1513,,,
KEN,154567,Number of children with fever in the last two weeks,2255,0,KE,Kenya,2003,KE2003DHS,CH_FEVT_C_NUM,94036040,D,1000,0,Total,Total,14001,Five years preceding the survey,1,1,CHFEVTCNUM,,2003,DHS,,2215,,,
KEN,154564,Number of children with fever in the last two weeks (unweighted),1513,0,KE,Kenya,2003,KE2003DHS,CH_FEVT_C_UNW,94036050,U,1000,0,Total,Total,14000,Three years preceding the survey,1,0,CHFEVTCUNW,,2003,DHS,1531,,,,
KEN,154551,Number of children with fever in the last two weeks (unweighted),2215,0,KE,Kenya,2003,KE2003DHS,CH_FEVT_C_UNW,94036050,U,1000,0,Total,Total,14001,Five years preceding the survey,1,1,CHFEVTCUNW,,2003,DHS,2255,,,,
KEN,582022,Treatment of diarrhea: Advice or treatment was sought,36,1,KE,Kenya,2003,KE2003DHS,CH_DIAT_C_ADV,94096010,I,1000,0,Total,Total,14000,Three years preceding the survey,1,0,CHDIATCADV,,2003,DHS,730,703,,,
KEN,154576,Treatment of diarrhea: Advice or treatment was sought,36.4,1,KE,Kenya,2003,KE2003DHS,CH_DIAT_C_ADV,94096010,I,1000,0,Total,Total,14001,Five years preceding the survey,1,1,CHDIATCADV,,2003,DHS,888,866,,,
KEN,582013,Treatment of diarrhea: Oral rehydration solution (ORS),29.7,1,KE,Kenya,2003,KE2003DHS,CH_DIAT_C_ORS,94096020,I,1000,0,Total,Total,14000,Three years preceding the survey,1,0,CHDIATCORS,,2003,DHS,730,703,,,
KEN,154573,Treatment of diarrhea: Oral rehydration solution (ORS),29.2,1,KE,Kenya,2003,KE2003DHS,CH_DIAT_C_ORS,94096020,I,1000,0,Total,Total,14001,Five years preceding the survey,1,1,CHDIATCORS,,2003,DHS,888,866,,,
KEN,582014,Treatment of diarrhea: Either ORS or RHF,29.7,1,KE,Kenya,2003,KE2003DHS,CH_DIAT_C_ORT,94096040,I,1000,0,Total,Total,14000,Three years preceding the survey,1,0,CHDIATCORT,,2003,DHS,730,703,,,
KEN,154574,Treatment of diarrhea: Either ORS or RHF,29.2,1,KE,Kenya,2003,KE2003DHS,CH_DIAT_C_ORT,94096040,I,1000,0,Total,Total,14001,Five years preceding the survey,1,1,CHDIATCORT,,2003,DHS,888,866,,,
KEN,582015,Treatment of diarrhea: Increased fluids,33,1,KE,Kenya,2003,KE2003DHS,CH_DIAT_C_INC,94096050,I,1000,0,Total,Total,14000,Three years preceding the survey,1,0,CHDIATCINC,,2003,DHS,730,703,,,
KEN,154575,Treatment of diarrhea: Increased fluids,34.2,1,KE,Kenya,2003,KE2003DHS,CH_DIAT_C_INC,94096050,I,1000,0,Total,Total,14001,Five years preceding the survey,1,1,CHDIATCINC,,2003,DHS,888,866,,,
KEN,582016,Treatment of diarrhea: ORT or increased fluids,49.9,1,KE,Kenya,2003,KE2003DHS,CH_DIAT_C_ORI,94096060,I,1000,0,Total,Total,14000,Three years preceding the survey,1,0,CHDIATCORI,,2003,DHS,730,703,,,
KEN,154583,Treatment of diarrhea: ORT or increased fluids,50.6,1,KE,Kenya,2003,KE2003DHS,CH_DIAT_C_ORI,94096060,I,1000,0,Total,Total,14001,Five years preceding the survey,1,1,CHDIATCORI,,2003,DHS,888,866,,,
KEN,582018,"Treatment of diarrhea: No ORS, RHF or increased fluids",50.1,1,KE,Kenya,2003,KE2003DHS,CH_DIAT_C_NON,94096070,I,1000,0,Total,Total,14000,Three years preceding the survey,1,0,CHDIATCNON,,2003,DHS,730,703,,,
KEN,154582,"Treatment of diarrhea: No ORS, RHF or increased fluids",49.4,1,KE,Kenya,2003,KE2003DHS,CH_DIAT_C_NON,94096070,I,1000,0,Total,Total,14001,Five years preceding the survey,1,1,CHDIATCNON,,2003,DHS,888,866,,,
KEN,582019,Treatment of diarrhea: Intravenous solution,1.5,1,KE,Kenya,2003,KE2003DHS,CH_DIAT_C_IVS,94096110,I,1000,0,Total,Total,14000,Three years preceding the survey,1,0,CHDIATCIVS,,2003,DHS,730,703,,,
KEN,154578,Treatment of diarrhea: Intravenous solution,1.4,1,KE,Kenya,2003,KE2003DHS,CH_DIAT_C_IVS,94096110,I,1000,0,Total,Total,14001,Five years preceding the survey,1,1,CHDIATCIVS,,2003,DHS,888,866,,,
KEN,582020,Treatment of diarrhea: Home remedy - other,36.7,1,KE,Kenya,2003,KE2003DHS,CH_DIAT_C_HOM,94096130,I,1000,0,Total,Total,14000,Three years preceding the survey,1,0,CHDIATCHOM,,2003,DHS,730,703,,,
KEN,154579,Treatment of diarrhea: Home remedy - other,36.2,1,KE,Kenya,2003,KE2003DHS,CH_DIAT_C_HOM,94096130,I,1000,0,Total,Total,14001,Five years preceding the survey,1,1,CHDIATCHOM,,2003,DHS,888,866,,,
KEN,582021,Treatment of diarrhea: No treatment,31.8,1,KE,Kenya,2003,KE2003DHS,CH_DIAT_C_NOT,94096140,I,1000,0,Total,Total,14000,Three years preceding the survey,1,0,CHDIATCNOT,,2003,DHS,730,703,,,
KEN,154580,Treatment of diarrhea: No treatment,31.8,1,KE,Kenya,2003,KE2003DHS,CH_DIAT_C_NOT,94096140,I,1000,0,Total,Total,14001,Five years preceding the survey,1,1,CHDIATCNOT,,2003,DHS,888,866,,,
KEN,582023,Treatment of diarrhea: don't know or missing,0.1,1,KE,Kenya,2003,KE2003DHS,CH_DIAT_C_DKM,94096150,S,1000,0,Total,Total,14000,Three years preceding the survey,1,0,CHDIATCDKM,,2003,DHS,730,703,,,
KEN,154577,Treatment of diarrhea: don't know or missing,0.2,1,KE,Kenya,2003,KE2003DHS,CH_DIAT_C_DKM,94096150,S,1000,0,Total,Total,14001,Five years preceding the survey,1,1,CHDIATCDKM,,2003,DHS,888,866,,,
KEN,582046,Number of children born in the last five (or three) years,730,0,KE,Kenya,2003,KE2003DHS,CH_DIAT_C_NUM,94096160,D,1000,0,Total,Total,14000,Three years preceding the survey,1,0,CHDIATCNUM,,2003,DHS,,703,,,
KEN,154587,Number of children born in the last five (or three) years,888,0,KE,Kenya,2003,KE2003DHS,CH_DIAT_C_NUM,94096160,D,1000,0,Total,Total,14001,Five years preceding the survey,1,1,CHDIATCNUM,,2003,DHS,,866,,,
KEN,154588,Number of children born in the last five (or three) years (unweighted),703,0,KE,Kenya,2003,KE2003DHS,CH_DIAT_C_UNW,94096170,U,1000,0,Total,Total,14000,Three years preceding the survey,1,0,CHDIATCUNW,,2003,DHS,730,,,,
KEN,154584,Number of children born in the last five (or three) years (unweighted),866,0,KE,Kenya,2003,KE2003DHS,CH_DIAT_C_UNW,94096170,U,1000,0,Total,Total,14001,Five years preceding the survey,1,1,CHDIATCUNW,,2003,DHS,888,,,,
KEN,571170,Children under 5 with fever for whom advice or treatment was sought from a public sector facility,29,1,KE,Kenya,2003,KE2003DHS,ML_FEVS_C_PUB,125006010,I,1000,0,Total,Total,0,,1,1,MLFEVSCPUB,,2003,DHS,2255,2215,,,
KEN,571171,Children under 5 with fever for whom advice or treatment was sought from a government hospital ,6.6,1,KE,Kenya,2003,KE2003DHS,ML_FEVS_C_GHS,125006020,I,1000,0,Total,Total,0,,1,1,MLFEVSCGHS,,2003,DHS,2255,2215,,,
KEN,571187,Children under 5 with fever for whom advice or treatment was sought from a government health center ,10.3,1,KE,Kenya,2003,KE2003DHS,ML_FEVS_C_GHC,125006030,I,1000,0,Total,Total,0,,1,1,MLFEVSCGHC,,2003,DHS,2255,2215,,,
KEN,571188,Children under 5 with fever for whom advice or treatment was sought from another type of public sector facility,12.6,1,KE,Kenya,2003,KE2003DHS,ML_FEVS_C_GOT,125006070,I,1000,0,Total,Total,0,,1,1,MLFEVSCGOT,,2003,DHS,2255,2215,,,
KEN,571175,Children under 5 with fever for whom advice or treatment was sought from a private sector facility,32.3,1,KE,Kenya,2003,KE2003DHS,ML_FEVS_C_PRV,125006080,I,1000,0,Total,Total,0,,1,1,MLFEVSCPRV,,2003,DHS,2255,2215,,,
KEN,571185,Children under 5 with fever for whom advice or treatment was sought from a private hospital/clinic,14.3,1,KE,Kenya,2003,KE2003DHS,ML_FEVS_C_PHS,125006090,I,1000,0,Total,Total,0,,1,1,MLFEVSCPHS,,2003,DHS,2255,2215,,,
KEN,571186,Children under 5 with fever for whom advice or treatment was sought from a pharmacy,14.7,1,KE,Kenya,2003,KE2003DHS,ML_FEVS_C_PPH,125006100,I,1000,0,Total,Total,0,,1,1,MLFEVSCPPH,,2003,DHS,2255,2215,,,
KEN,571155,Children under 5 with fever for whom advice or treatment was sought from a mobile clinic,0.2,1,KE,Kenya,2003,KE2003DHS,ML_FEVS_C_PMC,125006120,I,1000,0,Total,Total,0,,1,1,MLFEVSCPMC,,2003,DHS,2255,2215,,,
KEN,571172,Children under 5 with fever for whom advice or treatment was sought from a fieldworker,0.6,1,KE,Kenya,2003,KE2003DHS,ML_FEVS_C_PFW,125006130,I,1000,0,Total,Total,0,,1,1,MLFEVSCPFW,,2003,DHS,2255,2215,,,
KEN,571156,Children under 5 with fever for whom advice or treatment was sought from another private medical sector facility,2.9,1,KE,Kenya,2003,KE2003DHS,ML_FEVS_C_POT,125006140,I,1000,0,Total,Total,0,,1,1,MLFEVSCPOT,,2003,DHS,2255,2215,,,
KEN,571173,Children under 5 with fever for whom advice or treatment was sought from another source,9.7,1,KE,Kenya,2003,KE2003DHS,ML_FEVS_C_OSR,125006150,I,1000,0,Total,Total,0,,1,1,MLFEVSCOSR,,2003,DHS,2255,2215,,,
KEN,571174,Children under 5 with fever for whom advice or treatment was sought from a shop,7.3,1,KE,Kenya,2003,KE2003DHS,ML_FEVS_C_SHP,125006160,I,1000,0,Total,Total,0,,1,1,MLFEVSCSHP,,2003,DHS,2255,2215,,,
KEN,571157,Children under 5 with fever for whom advice or treatment was sought from a traditional practitioner,0.9,1,KE,Kenya,2003,KE2003DHS,ML_FEVS_C_TRD,125006170,I,1000,0,Total,Total,0,,1,1,MLFEVSCTRD,,2003,DHS,2255,2215,,,
KEN,571158,Children under 5 with fever for whom advice or treatment was sought from a market,1.5,1,KE,Kenya,2003,KE2003DHS,ML_FEVS_C_MKT,125006180,I,1000,0,Total,Total,0,,1,1,MLFEVSCMKT,,2003,DHS,2255,2215,,,
KEN,571159,Children under 5 with fever for whom advice or treatment was sought from others,0,1,KE,Kenya,2003,KE2003DHS,ML_FEVS_C_OTH,125006190,I,1000,0,Total,Total,0,,1,1,MLFEVSCOTH,,2003,DHS,2255,2215,,,
KEN,572367,Number of children under 5 with fever in the two weeks preceding the survey,2255,0,KE,Kenya,2003,KE2003DHS,ML_FEVS_C_NUM,125006200,D,1000,0,Total,Total,0,,1,1,MLFEVSCNUM,,2003,DHS,,2215,,,
KEN,220004,Number of children under 5 with fever in the two weeks preceding the survey (unweighted),2215,0,KE,Kenya,2003,KE2003DHS,ML_FEVS_C_UNW,125006210,U,1000,0,Total,Total,0,,1,1,MLFEVSCUNW,,2003,DHS,2255,,,,
KEN,567415,"Children with fever for whom advice or treatment was sought, the source was a public sector facility",42.3,1,KE,Kenya,2003,KE2003DHS,ML_FEVA_C_PUB,125036010,I,1000,0,Total,Total,0,,1,1,MLFEVACPUB,,2003,DHS,1543,1505,,,
KEN,567418,"Children with fever for whom advice or treatment was sought, the source was a government hospital ",9.7,1,KE,Kenya,2003,KE2003DHS,ML_FEVA_C_GHS,125036020,I,1000,0,Total,Total,0,,1,1,MLFEVACGHS,,2003,DHS,1543,1505,,,
KEN,567412,"Children with fever for whom advice or treatment was sought, the source was a government health center ",15.1,1,KE,Kenya,2003,KE2003DHS,ML_FEVA_C_GHC,125036030,I,1000,0,Total,Total,0,,1,1,MLFEVACGHC,,2003,DHS,1543,1505,,,
KEN,567419,"Children with fever for whom advice or treatment was sought, the source was another type of public sector facility",18.5,1,KE,Kenya,2003,KE2003DHS,ML_FEVA_C_GOT,125036070,I,1000,0,Total,Total,0,,1,1,MLFEVACGOT,,2003,DHS,1543,1505,,,
KEN,567392,"Children with fever for whom advice or treatment was sought, the source was a private sector facility",47.3,1,KE,Kenya,2003,KE2003DHS,ML_FEVA_C_PRV,125036080,I,1000,0,Total,Total,0,,1,1,MLFEVACPRV,,2003,DHS,1543,1505,,,
KEN,567420,"Children with fever for whom advice or treatment was sought, the source was a private hospital/clinic",20.9,1,KE,Kenya,2003,KE2003DHS,ML_FEVA_C_PHS,125036090,I,1000,0,Total,Total,0,,1,1,MLFEVACPHS,,2003,DHS,1543,1505,,,
KEN,567393,"Children with fever for whom advice or treatment was sought, the source was a pharmacy",21.5,1,KE,Kenya,2003,KE2003DHS,ML_FEVA_C_PPH,125036100,I,1000,0,Total,Total,0,,1,1,MLFEVACPPH,,2003,DHS,1543,1505,,,
KEN,567413,"Children with fever for whom advice or treatment was sought, the source was a mobile clinic",0.3,1,KE,Kenya,2003,KE2003DHS,ML_FEVA_C_PMC,125036120,I,1000,0,Total,Total,0,,1,1,MLFEVACPMC,,2003,DHS,1543,1505,,,
KEN,567414,"Children with fever for whom advice or treatment was sought, the source was a fieldworker",0.9,1,KE,Kenya,2003,KE2003DHS,ML_FEVA_C_PFW,125036130,I,1000,0,Total,Total,0,,1,1,MLFEVACPFW,,2003,DHS,1543,1505,,,
KEN,567423,"Children with fever for whom advice or treatment was sought, the source was another private medical sector facility",4.2,1,KE,Kenya,2003,KE2003DHS,ML_FEVA_C_POT,125036140,I,1000,0,Total,Total,0,,1,1,MLFEVACPOT,,2003,DHS,1543,1505,,,
KEN,567424,"Children with fever for whom advice or treatment was sought, the source was another source",14.1,1,KE,Kenya,2003,KE2003DHS,ML_FEVA_C_OSR,125036150,I,1000,0,Total,Total,0,,1,1,MLFEVACOSR,,2003,DHS,1543,1505,,,
KEN,567421,"Children with fever for whom advice or treatment was sought, the source was a shop",10.6,1,KE,Kenya,2003,KE2003DHS,ML_FEVA_C_SHP,125036160,I,1000,0,Total,Total,0,,1,1,MLFEVACSHP,,2003,DHS,1543,1505,,,
KEN,567416,"Children with fever for whom advice or treatment was sought, the source was a traditional practitioner",1.3,1,KE,Kenya,2003,KE2003DHS,ML_FEVA_C_TRD,125036170,I,1000,0,Total,Total,0,,1,1,MLFEVACTRD,,2003,DHS,1543,1505,,,
KEN,567422,"Children with fever for whom advice or treatment was sought, the source was a market",2.1,1,KE,Kenya,2003,KE2003DHS,ML_FEVA_C_MKT,125036180,I,1000,0,Total,Total,0,,1,1,MLFEVACMKT,,2003,DHS,1543,1505,,,
KEN,567417,Children with fever for whom advice or treatment was sought from others,0.1,1,KE,Kenya,2003,KE2003DHS,ML_FEVA_C_OTH,125036190,I,1000,0,Total,Total,0,,1,1,MLFEVACOTH,,2003,DHS,1543,1505,,,
KEN,570914,Number of children under 5 with fever for whom advice of treatment was sought,1543,0,KE,Kenya,2003,KE2003DHS,ML_FEVA_C_NUM,125036200,D,1000,0,Total,Total,0,,1,1,MLFEVACNUM,,2003,DHS,,1505,,,
KEN,291427,Number of children under 5 with fever for whom advice of treatment was sought (unweighted),1505,0,KE,Kenya,2003,KE2003DHS,ML_FEVA_C_UNW,125036210,U,1000,0,Total,Total,0,,1,1,MLFEVACUNW,,2003,DHS,1543,,,,
KEN,280328,Antenatal care provider: Doctor,27.4,1,KE,Kenya,2008,KE2008DHS,RH_ANCP_W_DOC,83363010,I,1000,0,Total,Total,14000,Three years preceding the survey,1,0,RHANCPWDOC,,2008-09,DHS,3101,3188,,,
KEN,409581,Antenatal care provider: Doctor,28.9,1,KE,Kenya,2008,KE2008DHS,RH_ANCP_W_DOC,83363010,I,1000,0,Total,Total,14001,Five years preceding the survey,1,0,RHANCPWDOC,,2008-09,DHS,3973,4082,,,
KEN,648769,Antenatal care provider: Doctor,27.9,1,KE,Kenya,2008,KE2008DHS,RH_ANCP_W_DOC,83363010,I,1000,0,Total,Total,14002,Two years preceding the survey,1,1,RHANCPWDOC,,2008-09,DHS,2264,2373,,,
KEN,280332,Antenatal care provider: Nurse/midwife,64.1,1,KE,Kenya,2008,KE2008DHS,RH_ANCP_W_NRS,83363020,I,1000,0,Total,Total,14000,Three years preceding the survey,1,0,RHANCPWNRS,,2008-09,DHS,3101,3188,,,
KEN,409586,Antenatal care provider: Nurse/midwife,62.6,1,KE,Kenya,2008,KE2008DHS,RH_ANCP_W_NRS,83363020,I,1000,0,Total,Total,14001,Five years preceding the survey,1,0,RHANCPWNRS,,2008-09,DHS,3973,4082,,,
KEN,648766,Antenatal care provider: Nurse/midwife,63.6,1,KE,Kenya,2008,KE2008DHS,RH_ANCP_W_NRS,83363020,I,1000,0,Total,Total,14002,Two years preceding the survey,1,1,RHANCPWNRS,,2008-09,DHS,2264,2373,,,
KEN,280341,Antenatal care provider: Other health worker,0.2,1,KE,Kenya,2008,KE2008DHS,RH_ANCP_W_OHW,83363050,I,1000,0,Total,Total,14000,Three years preceding the survey,1,0,RHANCPWOHW,,2008-09,DHS,3101,3188,,,
KEN,409582,Antenatal care provider: Other health worker,0.2,1,KE,Kenya,2008,KE2008DHS,RH_ANCP_W_OHW,83363050,I,1000,0,Total,Total,14001,Five years preceding the survey,1,0,RHANCPWOHW,,2008-09,DHS,3973,4082,,,
KEN,648773,Antenatal care provider: Other health worker,0.1,1,KE,Kenya,2008,KE2008DHS,RH_ANCP_W_OHW,83363050,I,1000,0,Total,Total,14002,Two years preceding the survey,1,1,RHANCPWOHW,,2008-09,DHS,2264,2373,,,
KEN,280342,Antenatal care provider: Traditional birth attendant,0.9,1,KE,Kenya,2008,KE2008DHS,RH_ANCP_W_TBA,83363070,I,1000,0,Total,Total,14000,Three years preceding the survey,1,0,RHANCPWTBA,,2008-09,DHS,3101,3188,,,
KEN,409583,Antenatal care provider: Traditional birth attendant,0.8,1,KE,Kenya,2008,KE2008DHS,RH_ANCP_W_TBA,83363070,I,1000,0,Total,Total,14001,Five years preceding the survey,1,0,RHANCPWTBA,,2008-09,DHS,3973,4082,,,
KEN,648774,Antenatal care provider: Traditional birth attendant,1,1,KE,Kenya,2008,KE2008DHS,RH_ANCP_W_TBA,83363070,I,1000,0,Total,Total,14002,Two years preceding the survey,1,1,RHANCPWTBA,,2008-09,DHS,2264,2373,,,
KEN,280330,Antenatal care provider: Other,0.1,1,KE,Kenya,2008,KE2008DHS,RH_ANCP_W_OTH,83363080,I,1000,0,Total,Total,14000,Three years preceding the survey,1,0,RHANCPWOTH,,2008-09,DHS,3101,3188,,,
KEN,409584,Antenatal care provider: Other,0.1,1,KE,Kenya,2008,KE2008DHS,RH_ANCP_W_OTH,83363080,I,1000,0,Total,Total,14001,Five years preceding the survey,1,0,RHANCPWOTH,,2008-09,DHS,3973,4082,,,
KEN,648770,Antenatal care provider: Other,0,1,KE,Kenya,2008,KE2008DHS,RH_ANCP_W_OTH,83363080,I,1000,0,Total,Total,14002,Two years preceding the survey,1,1,RHANCPWOTH,,2008-09,DHS,2264,2373,,,
KEN,280333,Antenatal care provider: Missing ,0.1,1,KE,Kenya,2008,KE2008DHS,RH_ANCP_W_MIS,83363090,S,1000,0,Total,Total,14000,Three years preceding the survey,1,0,RHANCPWMIS,,2008-09,DHS,3101,3188,,,
KEN,409587,Antenatal care provider: Missing ,0.1,1,KE,Kenya,2008,KE2008DHS,RH_ANCP_W_MIS,83363090,S,1000,0,Total,Total,14001,Five years preceding the survey,1,0,RHANCPWMIS,,2008-09,DHS,3973,4082,,,
KEN,648767,Antenatal care provider: Missing ,0.1,1,KE,Kenya,2008,KE2008DHS,RH_ANCP_W_MIS,83363090,S,1000,0,Total,Total,14002,Two years preceding the survey,1,1,RHANCPWMIS,,2008-09,DHS,2264,2373,,,
KEN,280331,No antenatal care,7.2,1,KE,Kenya,2008,KE2008DHS,RH_ANCP_W_NON,83363100,I,1000,0,Total,Total,14000,Three years preceding the survey,1,0,RHANCPWNON,,2008-09,DHS,3101,3188,,,
KEN,409585,No antenatal care,7.3,1,KE,Kenya,2008,KE2008DHS,RH_ANCP_W_NON,83363100,I,1000,0,Total,Total,14001,Five years preceding the survey,1,0,RHANCPWNON,,2008-09,DHS,3973,4082,,,
KEN,648771,No antenatal care,7.4,1,KE,Kenya,2008,KE2008DHS,RH_ANCP_W_NON,83363100,I,1000,0,Total,Total,14002,Two years preceding the survey,1,1,RHANCPWNON,,2008-09,DHS,2264,2373,,,
KEN,280334,Antenatal care: Total,100,1,KE,Kenya,2008,KE2008DHS,RH_ANCP_W_TOT,83363110,T,1000,0,Total,Total,14000,Three years preceding the survey,1,0,RHANCPWTOT,,2008-09,DHS,3101,3188,,,
KEN,409588,Antenatal care: Total,100,1,KE,Kenya,2008,KE2008DHS,RH_ANCP_W_TOT,83363110,T,1000,0,Total,Total,14001,Five years preceding the survey,1,0,RHANCPWTOT,,2008-09,DHS,3973,4082,,,
KEN,648768,Antenatal care: Total,100,1,KE,Kenya,2008,KE2008DHS,RH_ANCP_W_TOT,83363110,T,1000,0,Total,Total,14002,Two years preceding the survey,1,1,RHANCPWTOT,,2008-09,DHS,2264,2373,,,
KEN,280327,Antenatal care from a skilled provider,91.5,1,KE,Kenya,2008,KE2008DHS,RH_ANCP_W_SKP,83363120,I,1000,0,Total,Total,14000,Three years preceding the survey,1,0,RHANCPWSKP,,2008-09,DHS,3101,3188,,,
KEN,409589,Antenatal care from a skilled provider,91.5,1,KE,Kenya,2008,KE2008DHS,RH_ANCP_W_SKP,83363120,I,1000,0,Total,Total,14001,Five years preceding the survey,1,0,RHANCPWSKP,,2008-09,DHS,3973,4082,,,
KEN,648772,Antenatal care from a skilled provider,91.5,1,KE,Kenya,2008,KE2008DHS,RH_ANCP_W_SKP,83363120,I,1000,0,Total,Total,14002,Two years preceding the survey,1,1,RHANCPWSKP,,2008-09,DHS,2264,2373,,,
KEN,164523,Number of women with a live birth (or stillbirth) in the last two (or three/five) years,3101,0,KE,Kenya,2008,KE2008DHS,RH_ANCP_W_NUM,83363130,D,1000,0,Total,Total,14000,Three years preceding the survey,1,0,RHANCPWNUM,,2008-09,DHS,,3188,,,
KEN,409590,Number of women with a live birth (or stillbirth) in the last two (or three/five) years,3973,0,KE,Kenya,2008,KE2008DHS,RH_ANCP_W_NUM,83363130,D,1000,0,Total,Total,14001,Five years preceding the survey,1,0,RHANCPWNUM,,2008-09,DHS,,4082,,,
KEN,655855,Number of women with a live birth (or stillbirth) in the last two (or three/five) years,2264,0,KE,Kenya,2008,KE2008DHS,RH_ANCP_W_NUM,83363130,D,1000,0,Total,Total,14002,Two years preceding the survey,1,1,RHANCPWNUM,,2008-09,DHS,,2373,,,
KEN,280340,Number of women with a live birth (or stillbirth) in the last two (or three/five) years (unweighted),3188,0,KE,Kenya,2008,KE2008DHS,RH_ANCP_W_UNW,83363140,U,1000,0,Total,Total,14000,Three years preceding the survey,1,0,RHANCPWUNW,,2008-09,DHS,3101,,,,
KEN,164525,Number of women with a live birth (or stillbirth) in the last two (or three/five) years (unweighted),4082,0,KE,Kenya,2008,KE2008DHS,RH_ANCP_W_UNW,83363140,U,1000,0,Total,Total,14001,Five years preceding the survey,1,0,RHANCPWUNW,,2008-09,DHS,3973,,,,
KEN,316655,Number of women with a live birth (or stillbirth) in the last two (or three/five) years (unweighted),2373,0,KE,Kenya,2008,KE2008DHS,RH_ANCP_W_UNW,83363140,U,1000,0,Total,Total,14002,Two years preceding the survey,1,1,RHANCPWUNW,,2008-09,DHS,2264,,,,
KEN,668427,Place of delivery: Public sector,32.4,1,KE,Kenya,2008,KE2008DHS,RH_DELP_C_PUB,83566010,I,1000,0,Total,Total,14000,Three years preceding the survey,1,0,RHDELPCPUB,,2008-09,DHS,3591,3733,,,
KEN,552971,Place of delivery: Public sector,32.3,1,KE,Kenya,2008,KE2008DHS,RH_DELP_C_PUB,83566010,I,1000,0,Total,Total,14001,Five years preceding the survey,1,0,RHDELPCPUB,,2008-09,DHS,5852,6079,,,
KEN,407511,Place of delivery: Public sector,34.5,1,KE,Kenya,2008,KE2008DHS,RH_DELP_C_PUB,83566010,I,1000,0,Total,Total,14002,Two years preceding the survey,1,1,RHDELPCPUB,,2008-09,DHS,2365,2498,,,
KEN,668429,Place of delivery: Private sector,11.1,1,KE,Kenya,2008,KE2008DHS,RH_DELP_C_PRV,83566020,I,1000,0,Total,Total,14000,Three years preceding the survey,1,0,RHDELPCPRV,,2008-09,DHS,3591,3733,,,
KEN,552965,Place of delivery: Private sector,10.3,1,KE,Kenya,2008,KE2008DHS,RH_DELP_C_PRV,83566020,I,1000,0,Total,Total,14001,Five years preceding the survey,1,0,RHDELPCPRV,,2008-09,DHS,5852,6079,,,
KEN,407503,Place of delivery: Private sector,11.9,1,KE,Kenya,2008,KE2008DHS,RH_DELP_C_PRV,83566020,I,1000,0,Total,Total,14002,Two years preceding the survey,1,1,RHDELPCPRV,,2008-09,DHS,2365,2498,,,
KEN,668430,Place of delivery: At home,55.2,1,KE,Kenya,2008,KE2008DHS,RH_DELP_C_HOM,83566030,I,1000,0,Total,Total,14000,Three years preceding the survey,1,0,RHDELPCHOM,,2008-09,DHS,3591,3733,,,
KEN,552967,Place of delivery: At home,56.2,1,KE,Kenya,2008,KE2008DHS,RH_DELP_C_HOM,83566030,I,1000,0,Total,Total,14001,Five years preceding the survey,1,0,RHDELPCHOM,,2008-09,DHS,5852,6079,,,
KEN,407504,Place of delivery: At home,52.4,1,KE,Kenya,2008,KE2008DHS,RH_DELP_C_HOM,83566030,I,1000,0,Total,Total,14002,Two years preceding the survey,1,1,RHDELPCHOM,,2008-09,DHS,2365,2498,,,
KEN,668431,Place of delivery: Other,1.3,1,KE,Kenya,2008,KE2008DHS,RH_DELP_C_OTH,83566040,I,1000,0,Total,Total,14000,Three years preceding the survey,1,0,RHDELPCOTH,,2008-09,DHS,3591,3733,,,
KEN,552968,Place of delivery: Other,1,1,KE,Kenya,2008,KE2008DHS,RH_DELP_C_OTH,83566040,I,1000,0,Total,Total,14001,Five years preceding the survey,1,0,RHDELPCOTH,,2008-09,DHS,5852,6079,,,
KEN,407506,Place of delivery: Other,1.2,1,KE,Kenya,2008,KE2008DHS,RH_DELP_C_OTH,83566040,I,1000,0,Total,Total,14002,Two years preceding the survey,1,1,RHDELPCOTH,,2008-09,DHS,2365,2498,,,
KEN,668432,Place of delivery: don't know or missing,0.1,1,KE,Kenya,2008,KE2008DHS,RH_DELP_C_DKM,83566050,S,1000,0,Total,Total,14000,Three years preceding the survey,1,0,RHDELPCDKM,,2008-09,DHS,3591,3733,,,
KEN,552969,Place of delivery: don't know or missing,0.2,1,KE,Kenya,2008,KE2008DHS,RH_DELP_C_DKM,83566050,S,1000,0,Total,Total,14001,Five years preceding the survey,1,0,RHDELPCDKM,,2008-09,DHS,5852,6079,,,
KEN,407507,Place of delivery: don't know or missing,0.1,1,KE,Kenya,2008,KE2008DHS,RH_DELP_C_DKM,83566050,S,1000,0,Total,Total,14002,Two years preceding the survey,1,1,RHDELPCDKM,,2008-09,DHS,2365,2498,,,
KEN,668428,Place of delivery: Total,100,1,KE,Kenya,2008,KE2008DHS,RH_DELP_C_TOT,83566060,T,1000,0,Total,Total,14000,Three years preceding the survey,1,0,RHDELPCTOT,,2008-09,DHS,3591,3733,,,
KEN,552972,Place of delivery: Total,100,1,KE,Kenya,2008,KE2008DHS,RH_DELP_C_TOT,83566060,T,1000,0,Total,Total,14001,Five years preceding the survey,1,0,RHDELPCTOT,,2008-09,DHS,5852,6079,,,
KEN,407512,Place of delivery: Total,100,1,KE,Kenya,2008,KE2008DHS,RH_DELP_C_TOT,83566060,T,1000,0,Total,Total,14002,Two years preceding the survey,1,1,RHDELPCTOT,,2008-09,DHS,2365,2498,,,
KEN,668433,Place of delivery: Health facility,43.4,1,KE,Kenya,2008,KE2008DHS,RH_DELP_C_DHF,83566070,I,1000,0,Total,Total,14000,Three years preceding the survey,1,0,RHDELPCDHF,,2008-09,DHS,3591,3733,,,
KEN,552970,Place of delivery: Health facility,42.6,1,KE,Kenya,2008,KE2008DHS,RH_DELP_C_DHF,83566070,I,1000,0,Total,Total,14001,Five years preceding the survey,1,0,RHDELPCDHF,,2008-09,DHS,5852,6079,,,
KEN,407505,Place of delivery: Health facility,46.3,1,KE,Kenya,2008,KE2008DHS,RH_DELP_C_DHF,83566070,I,1000,0,Total,Total,14002,Two years preceding the survey,1,1,RHDELPCDHF,,2008-09,DHS,2365,2498,,,
KEN,676543,Number of live births (or stillbirths) in the last two (or three/five) years,3591,0,KE,Kenya,2008,KE2008DHS,RH_DELP_C_NUM,83566080,D,1000,0,Total,Total,14000,Three years preceding the survey,1,0,RHDELPCNUM,,2008-09,DHS,,3733,,,
KEN,556804,Number of live births (or stillbirths) in the last two (or three/five) years,5852,0,KE,Kenya,2008,KE2008DHS,RH_DELP_C_NUM,83566080,D,1000,0,Total,Total,14001,Five years preceding the survey,1,0,RHDELPCNUM,,2008-09,DHS,,6079,,,
KEN,409591,Number of live births (or stillbirths) in the last two (or three/five) years,2365,0,KE,Kenya,2008,KE2008DHS,RH_DELP_C_NUM,83566080,D,1000,0,Total,Total,14002,Two years preceding the survey,1,1,RHDELPCNUM,,2008-09,DHS,,2498,,,
KEN,338053,Number of live births (or stillbirths) in the last two (or three/five) years (unweighted),3733,0,KE,Kenya,2008,KE2008DHS,RH_DELP_C_UNW,83566090,U,1000,0,Total,Total,14000,Three years preceding the survey,1,0,RHDELPCUNW,,2008-09,DHS,3591,,,,
KEN,10401,Number of live births (or stillbirths) in the last two (or three/five) years (unweighted),6079,0,KE,Kenya,2008,KE2008DHS,RH_DELP_C_UNW,83566090,U,1000,0,Total,Total,14001,Five years preceding the survey,1,0,RHDELPCUNW,,2008-09,DHS,5852,,,,
KEN,206332,Number of live births (or stillbirths) in the last two (or three/five) years (unweighted),2498,0,KE,Kenya,2008,KE2008DHS,RH_DELP_C_UNW,83566090,U,1000,0,Total,Total,14002,Two years preceding the survey,1,1,RHDELPCUNW,,2008-09,DHS,2365,,,,
KEN,762604,Assistance during delivery: Doctor,15.9,1,KE,Kenya,2008,KE2008DHS,RH_DELA_C_DOC,83606010,I,1000,0,Total,Total,14000,Three years preceding the survey,1,0,RHDELACDOC,,2008-09,DHS,3591,3733,,,
KEN,509197,Assistance during delivery: Doctor,16,1,KE,Kenya,2008,KE2008DHS,RH_DELA_C_DOC,83606010,I,1000,0,Total,Total,14001,Five years preceding the survey,1,0,RHDELACDOC,,2008-09,DHS,5852,6079,,,
KEN,309414,Assistance during delivery: Doctor,17.5,1,KE,Kenya,2008,KE2008DHS,RH_DELA_C_DOC,83606010,I,1000,0,Total,Total,14002,Two years preceding the survey,1,1,RHDELACDOC,,2008-09,DHS,2365,2498,,,
KEN,762611,Assistance during delivery: Nurse/midwife,28.8,1,KE,Kenya,2008,KE2008DHS,RH_DELA_C_NRS,83606020,I,1000,0,Total,Total,14000,Three years preceding the survey,1,0,RHDELACNRS,,2008-09,DHS,3591,3733,,,
KEN,509200,Assistance during delivery: Nurse/midwife,27.8,1,KE,Kenya,2008,KE2008DHS,RH_DELA_C_NRS,83606020,I,1000,0,Total,Total,14001,Five years preceding the survey,1,0,RHDELACNRS,,2008-09,DHS,5852,6079,,,
KEN,309413,Assistance during delivery: Nurse/midwife,30.1,1,KE,Kenya,2008,KE2008DHS,RH_DELA_C_NRS,83606020,I,1000,0,Total,Total,14002,Two years preceding the survey,1,1,RHDELACNRS,,2008-09,DHS,2365,2498,,,
KEN,762612,Assistance during delivery: Other health worker,0.5,1,KE,Kenya,2008,KE2008DHS,RH_DELA_C_OHW,83606040,I,1000,0,Total,Total,14000,Three years preceding the survey,1,0,RHDELACOHW,,2008-09,DHS,3591,3733,,,
KEN,509201,Assistance during delivery: Other health worker,0.5,1,KE,Kenya,2008,KE2008DHS,RH_DELA_C_OHW,83606040,I,1000,0,Total,Total,14001,Five years preceding the survey,1,0,RHDELACOHW,,2008-09,DHS,5852,6079,,,
KEN,309419,Assistance during delivery: Other health worker,0.3,1,KE,Kenya,2008,KE2008DHS,RH_DELA_C_OHW,83606040,I,1000,0,Total,Total,14002,Two years preceding the survey,1,1,RHDELACOHW,,2008-09,DHS,2365,2498,,,
KEN,762605,Assistance during delivery: Traditional birth attendant,27.1,1,KE,Kenya,2008,KE2008DHS,RH_DELA_C_TBA,83606060,I,1000,0,Total,Total,14000,Three years preceding the survey,1,0,RHDELACTBA,,2008-09,DHS,3591,3733,,,
KEN,509198,Assistance during delivery: Traditional birth attendant,27.6,1,KE,Kenya,2008,KE2008DHS,RH_DELA_C_TBA,83606060,I,1000,0,Total,Total,14001,Five years preceding the survey,1,0,RHDELACTBA,,2008-09,DHS,5852,6079,,,
KEN,309415,Assistance during delivery: Traditional birth attendant,25.7,1,KE,Kenya,2008,KE2008DHS,RH_DELA_C_TBA,83606060,I,1000,0,Total,Total,14002,Two years preceding the survey,1,1,RHDELACTBA,,2008-09,DHS,2365,2498,,,
KEN,762607,Assistance during delivery: Relative or other,21.1,1,KE,Kenya,2008,KE2008DHS,RH_DELA_C_REL,83606070,I,1000,0,Total,Total,14000,Three years preceding the survey,1,0,RHDELACREL,,2008-09,DHS,3591,3733,,,
KEN,509202,Assistance during delivery: Relative or other,21.2,1,KE,Kenya,2008,KE2008DHS,RH_DELA_C_REL,83606070,I,1000,0,Total,Total,14001,Five years preceding the survey,1,0,RHDELACREL,,2008-09,DHS,5852,6079,,,
KEN,309411,Assistance during delivery: Relative or other,21,1,KE,Kenya,2008,KE2008DHS,RH_DELA_C_REL,83606070,I,1000,0,Total,Total,14002,Two years preceding the survey,1,1,RHDELACREL,,2008-09,DHS,2365,2498,,,
KEN,762606,Assistance during delivery: No one,6.5,1,KE,Kenya,2008,KE2008DHS,RH_DELA_C_NON,83606080,I,1000,0,Total,Total,14000,Three years preceding the survey,1,0,RHDELACNON,,2008-09,DHS,3591,3733,,,
KEN,509199,Assistance during delivery: No one,6.8,1,KE,Kenya,2008,KE2008DHS,RH_DELA_C_NON,83606080,I,1000,0,Total,Total,14001,Five years preceding the survey,1,0,RHDELACNON,,2008-09,DHS,5852,6079,,,
KEN,309420,Assistance during delivery: No one,5.2,1,KE,Kenya,2008,KE2008DHS,RH_DELA_C_NON,83606080,I,1000,0,Total,Total,14002,Two years preceding the survey,1,1,RHDELACNON,,2008-09,DHS,2365,2498,,,
KEN,762613,Assistance during delivery: don't know or missing,0.1,1,KE,Kenya,2008,KE2008DHS,RH_DELA_C_DKM,83606090,S,1000,0,Total,Total,14000,Three years preceding the survey,1,0,RHDELACDKM,,2008-09,DHS,3591,3733,,,
KEN,509203,Assistance during delivery: don't know or missing,0.2,1,KE,Kenya,2008,KE2008DHS,RH_DELA_C_DKM,83606090,S,1000,0,Total,Total,14001,Five years preceding the survey,1,0,RHDELACDKM,,2008-09,DHS,5852,6079,,,
KEN,309412,Assistance during delivery: don't know or missing,0,1,KE,Kenya,2008,KE2008DHS,RH_DELA_C_DKM,83606090,S,1000,0,Total,Total,14002,Two years preceding the survey,1,1,RHDELACDKM,,2008-09,DHS,2365,2498,,,
KEN,762608,Assistance during delivery: Total,100,1,KE,Kenya,2008,KE2008DHS,RH_DELA_C_TOT,83606100,T,1000,0,Total,Total,14000,Three years preceding the survey,1,0,RHDELACTOT,,2008-09,DHS,3591,3733,,,
KEN,509194,Assistance during delivery: Total,100,1,KE,Kenya,2008,KE2008DHS,RH_DELA_C_TOT,83606100,T,1000,0,Total,Total,14001,Five years preceding the survey,1,0,RHDELACTOT,,2008-09,DHS,5852,6079,,,
KEN,309416,Assistance during delivery: Total,100,1,KE,Kenya,2008,KE2008DHS,RH_DELA_C_TOT,83606100,T,1000,0,Total,Total,14002,Two years preceding the survey,1,1,RHDELACTOT,,2008-09,DHS,2365,2498,,,
KEN,762609,Assistance during delivery from a skilled provider,44.7,1,KE,Kenya,2008,KE2008DHS,RH_DELA_C_SKP,83606110,I,1000,0,Total,Total,14000,Three years preceding the survey,1,0,RHDELACSKP,,2008-09,DHS,3591,3733,,,
KEN,509195,Assistance during delivery from a skilled provider,43.8,1,KE,Kenya,2008,KE2008DHS,RH_DELA_C_SKP,83606110,I,1000,0,Total,Total,14001,Five years preceding the survey,1,0,RHDELACSKP,,2008-09,DHS,5852,6079,,,
KEN,309417,Assistance during delivery from a skilled provider,47.6,1,KE,Kenya,2008,KE2008DHS,RH_DELA_C_SKP,83606110,I,1000,0,Total,Total,14002,Two years preceding the survey,1,1,RHDELACSKP,,2008-09,DHS,2365,2498,,,
KEN,762610,Delivery by cesarean section,6.7,1,KE,Kenya,2008,KE2008DHS,RH_DELA_C_CSC,83606120,I,1000,0,Total,Total,14000,Three years preceding the survey,1,0,RHDELACCSC,,2008-09,DHS,3591,3733,,,
KEN,509196,Delivery by cesarean section,6.2,1,KE,Kenya,2008,KE2008DHS,RH_DELA_C_CSC,83606120,I,1000,0,Total,Total,14001,Five years preceding the survey,1,0,RHDELACCSC,,2008-09,DHS,5852,6079,,,
KEN,309418,Delivery by cesarean section,7.1,1,KE,Kenya,2008,KE2008DHS,RH_DELA_C_CSC,83606120,I,1000,0,Total,Total,14002,Two years preceding the survey,1,1,RHDELACCSC,,2008-09,DHS,2365,2498,,,
KEN,764069,Number of live births (or stillbirths) in the last two (or three/five) years,3591,0,KE,Kenya,2008,KE2008DHS,RH_DELA_C_NUM,83606130,D,1000,0,Total,Total,14000,Three years preceding the survey,1,0,RHDELACNUM,,2008-09,DHS,,3733,,,
KEN,510780,Number of live births (or stillbirths) in the last two (or three/five) years,5852,0,KE,Kenya,2008,KE2008DHS,RH_DELA_C_NUM,83606130,D,1000,0,Total,Total,14001,Five years preceding the survey,1,0,RHDELACNUM,,2008-09,DHS,,6079,,,
KEN,164579,Number of live births (or stillbirths) in the last two (or three/five) years,2365,0,KE,Kenya,2008,KE2008DHS,RH_DELA_C_NUM,83606130,D,1000,0,Total,Total,14002,Two years preceding the survey,1,1,RHDELACNUM,,2008-09,DHS,,2498,,,
KEN,241603,Number of live births (or stillbirths) in the last two (or three/five) years (unweighted),3733,0,KE,Kenya,2008,KE2008DHS,RH_DELA_C_UNW,83606140,U,1000,0,Total,Total,14000,Three years preceding the survey,1,0,RHDELACUNW,,2008-09,DHS,3591,,,,
KEN,204181,Number of live births (or stillbirths) in the last two (or three/five) years (unweighted),6079,0,KE,Kenya,2008,KE2008DHS,RH_DELA_C_UNW,83606140,U,1000,0,Total,Total,14001,Five years preceding the survey,1,0,RHDELACUNW,,2008-09,DHS,5852,,,,
KEN,309422,Number of live births (or stillbirths) in the last two (or three/five) years (unweighted),2498,0,KE,Kenya,2008,KE2008DHS,RH_DELA_C_UNW,83606140,U,1000,0,Total,Total,14002,Two years preceding the survey,1,1,RHDELACUNW,,2008-09,DHS,2365,,,,
KEN,666537,Provider of mothers' first postnatal checkup: Doctor/nurse/midwife,31.2,1,KE,Kenya,2008,KE2008DHS,RH_PCMP_W_DOC,83663010,I,1000,0,Total,Total,0,,1,1,RHPCMPWDOC,,2008-09,DHS,2264,2373,,,
KEN,666539,No postnatal checkup for mother within first two days of birth,68.8,1,KE,Kenya,2008,KE2008DHS,RH_PCMP_W_NON,83663070,I,1000,0,Total,Total,0,,1,1,RHPCMPWNON,,2008-09,DHS,2264,2373,,,
KEN,666538,Provider of mothers' first postnatal checkup: Total,100,1,KE,Kenya,2008,KE2008DHS,RH_PCMP_W_TOT,83663080,T,1000,0,Total,Total,0,,1,1,RHPCMPWTOT,,2008-09,DHS,2264,2373,,,
KEN,676544,Number of mothers,2264,0,KE,Kenya,2008,KE2008DHS,RH_PCMP_W_NUM,83663090,D,1000,0,Total,Total,0,,1,1,RHPCMPWNUM,,2008-09,DHS,,2373,,,
KEN,364236,Number of mothers (unweighted),2373,0,KE,Kenya,2008,KE2008DHS,RH_PCMP_W_UNW,83663100,U,1000,0,Total,Total,0,,1,1,RHPCMPWUNW,,2008-09,DHS,2264,,,,
KEN,592287,Children with symptoms of ARI,7.8,1,KE,Kenya,2008,KE2008DHS,CH_ARIS_C_ARI,93966010,I,1000,0,Total,Total,14000,Three years preceding the survey,1,0,CHARISCARI,,2008-09,DHS,3370,3513,,,
KEN,651534,Children with symptoms of ARI,7.6,1,KE,Kenya,2008,KE2008DHS,CH_ARIS_C_ARI,93966010,I,1000,0,Total,Total,14001,Five years preceding the survey,1,1,CHARISCARI,,2008-09,DHS,5481,5706,,,
KEN,592288,Number of children born in the last five (or three) years,3370,0,KE,Kenya,2008,KE2008DHS,CH_ARIS_C_NUM,93966020,D,1000,0,Total,Total,14000,Three years preceding the survey,1,0,CHARISCNUM,,2008-09,DHS,,3513,,,
KEN,685635,Number of children born in the last five (or three) years,5481,0,KE,Kenya,2008,KE2008DHS,CH_ARIS_C_NUM,93966020,D,1000,0,Total,Total,14001,Five years preceding the survey,1,1,CHARISCNUM,,2008-09,DHS,,5706,,,
KEN,157375,Number of children born in the last five (or three) years (unweighted),3513,0,KE,Kenya,2008,KE2008DHS,CH_ARIS_C_UNW,93966030,U,1000,0,Total,Total,14000,Three years preceding the survey,1,0,CHARISCUNW,,2008-09,DHS,3370,,,,
KEN,352117,Number of children born in the last five (or three) years (unweighted),5706,0,KE,Kenya,2008,KE2008DHS,CH_ARIS_C_UNW,93966030,U,1000,0,Total,Total,14001,Five years preceding the survey,1,1,CHARISCUNW,,2008-09,DHS,5481,,,,
KEN,259896,Children with ARI for whom advice or treatment was sought,72.3,1,KE,Kenya,2008,KE2008DHS,CH_ARIS_C_ADV,93966040,I,1000,0,Total,Total,14000,Three years preceding the survey,1,0,CHARISCADV,,2008-09,DHS,264,277,,,
KEN,571556,Children with ARI for whom advice or treatment was sought,69.9,1,KE,Kenya,2008,KE2008DHS,CH_ARIS_C_ADV,93966040,I,1000,0,Total,Total,14001,Five years preceding the survey,1,1,CHARISCADV,,2008-09,DHS,416,432,,,
KEN,259895,Children with symptoms of ARI who received antibiotics,53.2,1,KE,Kenya,2008,KE2008DHS,CH_ARIS_C_ABI,93966050,I,1000,0,Total,Total,14000,Three years preceding the survey,1,0,CHARISCABI,,2008-09,DHS,264,277,,,
KEN,571554,Children with symptoms of ARI who received antibiotics,49.6,1,KE,Kenya,2008,KE2008DHS,CH_ARIS_C_ABI,93966050,I,1000,0,Total,Total,14001,Five years preceding the survey,1,1,CHARISCABI,,2008-09,DHS,416,432,,,
KEN,157377,Number of children with symptoms of ARI born in the last five (or three) years,264,0,KE,Kenya,2008,KE2008DHS,CH_ARIS_C_NM2,93966060,D,1000,0,Total,Total,14000,Three years preceding the survey,1,0,CHARISCNM2,,2008-09,DHS,,277,,,
KEN,571555,Number of children with symptoms of ARI born in the last five (or three) years,416,0,KE,Kenya,2008,KE2008DHS,CH_ARIS_C_NM2,93966060,D,1000,0,Total,Total,14001,Five years preceding the survey,1,1,CHARISCNM2,,2008-09,DHS,,432,,,
KEN,259893,Number of children with symptoms of ARI born in the last five (or three) years (unweighted),277,0,KE,Kenya,2008,KE2008DHS,CH_ARIS_C_UN2,93966070,U,1000,0,Total,Total,14000,Three years preceding the survey,1,0,CHARISCUN2,,2008-09,DHS,264,,,,
KEN,157374,Number of children with symptoms of ARI born in the last five (or three) years (unweighted),432,0,KE,Kenya,2008,KE2008DHS,CH_ARIS_C_UN2,93966070,U,1000,0,Total,Total,14001,Five years preceding the survey,1,1,CHARISCUN2,,2008-09,DHS,416,,,,
KEN,410257,Children with fever for whom advice or treatment was sought,63.8,1,KE,Kenya,2008,KE2008DHS,CH_FEVT_C_ADV,94036010,I,1000,0,Total,Total,14000,Three years preceding the survey,1,0,CHFEVTCADV,,2008-09,DHS,855,928,,,
KEN,631740,Children with fever for whom advice or treatment was sought,62.1,1,KE,Kenya,2008,KE2008DHS,CH_FEVT_C_ADV,94036010,I,1000,0,Total,Total,14001,Five years preceding the survey,1,1,CHFEVTCADV,,2008-09,DHS,1302,1385,,,
KEN,410242,Child took antimalarial drugs for fever,23.2,1,KE,Kenya,2008,KE2008DHS,CH_FEVT_C_AML,94036020,I,1000,0,Total,Total,14000,Three years preceding the survey,1,0,CHFEVTCAML,,2008-09,DHS,855,928,,,
KEN,631739,Child took antimalarial drugs for fever,23.2,1,KE,Kenya,2008,KE2008DHS,CH_FEVT_C_AML,94036020,I,1000,0,Total,Total,14001,Five years preceding the survey,1,1,CHFEVTCAML,,2008-09,DHS,1302,1385,,,
KEN,410244,Child took antibiotic drugs for fever,38.2,1,KE,Kenya,2008,KE2008DHS,CH_FEVT_C_ABI,94036030,I,1000,0,Total,Total,14000,Three years preceding the survey,1,0,CHFEVTCABI,,2008-09,DHS,855,928,,,
KEN,631732,Child took antibiotic drugs for fever,36.1,1,KE,Kenya,2008,KE2008DHS,CH_FEVT_C_ABI,94036030,I,1000,0,Total,Total,14001,Five years preceding the survey,1,1,CHFEVTCABI,,2008-09,DHS,1302,1385,,,
KEN,416758,Number of children with fever in the last two weeks,855,0,KE,Kenya,2008,KE2008DHS,CH_FEVT_C_NUM,94036040,D,1000,0,Total,Total,14000,Three years preceding the survey,1,0,CHFEVTCNUM,,2008-09,DHS,,928,,,
KEN,638847,Number of children with fever in the last two weeks,1302,0,KE,Kenya,2008,KE2008DHS,CH_FEVT_C_NUM,94036040,D,1000,0,Total,Total,14001,Five years preceding the survey,1,1,CHFEVTCNUM,,2008-09,DHS,,1385,,,
KEN,229709,Number of children with fever in the last two weeks (unweighted),928,0,KE,Kenya,2008,KE2008DHS,CH_FEVT_C_UNW,94036050,U,1000,0,Total,Total,14000,Three years preceding the survey,1,0,CHFEVTCUNW,,2008-09,DHS,855,,,,
KEN,311837,Number of children with fever in the last two weeks (unweighted),1385,0,KE,Kenya,2008,KE2008DHS,CH_FEVT_C_UNW,94036050,U,1000,0,Total,Total,14001,Five years preceding the survey,1,1,CHFEVTCUNW,,2008-09,DHS,1302,,,,
KEN,394538,Treatment of diarrhea: Advice or treatment was sought,59.1,1,KE,Kenya,2008,KE2008DHS,CH_DIAT_C_ADV,94096010,I,1000,0,Total,Total,14000,Three years preceding the survey,1,0,CHDIATCADV,,2008-09,DHS,738,756,,,
KEN,632661,Treatment of diarrhea: Advice or treatment was sought,58,1,KE,Kenya,2008,KE2008DHS,CH_DIAT_C_ADV,94096010,I,1000,0,Total,Total,14001,Five years preceding the survey,1,1,CHDIATCADV,,2008-09,DHS,909,946,,,
KEN,394542,Treatment of diarrhea: Oral rehydration solution (ORS),72.7,1,KE,Kenya,2008,KE2008DHS,CH_DIAT_C_ORS,94096020,I,1000,0,Total,Total,14000,Three years preceding the survey,1,0,CHDIATCORS,,2008-09,DHS,738,756,,,
KEN,632667,Treatment of diarrhea: Oral rehydration solution (ORS),71.5,1,KE,Kenya,2008,KE2008DHS,CH_DIAT_C_ORS,94096020,I,1000,0,Total,Total,14001,Five years preceding the survey,1,1,CHDIATCORS,,2008-09,DHS,909,946,,,
KEN,394543,Treatment of diarrhea: Recommended home fluids (RHF) at home,27.5,1,KE,Kenya,2008,KE2008DHS,CH_DIAT_C_RHF,94096030,I,1000,0,Total,Total,14000,Three years preceding the survey,1,0,CHDIATCRHF,,2008-09,DHS,738,756,,,
KEN,632668,Treatment of diarrhea: Recommended home fluids (RHF) at home,25.9,1,KE,Kenya,2008,KE2008DHS,CH_DIAT_C_RHF,94096030,I,1000,0,Total,Total,14001,Five years preceding the survey,1,1,CHDIATCRHF,,2008-09,DHS,909,946,,,
KEN,394544,Treatment of diarrhea: Either ORS or RHF,72.7,1,KE,Kenya,2008,KE2008DHS,CH_DIAT_C_ORT,94096040,I,1000,0,Total,Total,14000,Three years preceding the survey,1,0,CHDIATCORT,,2008-09,DHS,738,756,,,
KEN,632669,Treatment of diarrhea: Either ORS or RHF,71.5,1,KE,Kenya,2008,KE2008DHS,CH_DIAT_C_ORT,94096040,I,1000,0,Total,Total,14001,Five years preceding the survey,1,1,CHDIATCORT,,2008-09,DHS,909,946,,,
KEN,394540,Treatment of diarrhea: Zinc supplements,0.2,1,KE,Kenya,2008,KE2008DHS,CH_DIAT_C_ZNC,94096044,I,1000,0,Total,Total,14000,Three years preceding the survey,1,0,CHDIATCZNC,,2008-09,DHS,738,756,,,
KEN,632663,Treatment of diarrhea: Zinc supplements,0.2,1,KE,Kenya,2008,KE2008DHS,CH_DIAT_C_ZNC,94096044,I,1000,0,Total,Total,14001,Five years preceding the survey,1,1,CHDIATCZNC,,2008-09,DHS,909,946,,,
KEN,394545,Treatment of diarrhea: Increased fluids,24.6,1,KE,Kenya,2008,KE2008DHS,CH_DIAT_C_INC,94096050,I,1000,0,Total,Total,14000,Three years preceding the survey,1,0,CHDIATCINC,,2008-09,DHS,738,756,,,
KEN,632670,Treatment of diarrhea: Increased fluids,26.1,1,KE,Kenya,2008,KE2008DHS,CH_DIAT_C_INC,94096050,I,1000,0,Total,Total,14001,Five years preceding the survey,1,1,CHDIATCINC,,2008-09,DHS,909,946,,,
KEN,394546,Treatment of diarrhea: ORT or increased fluids,78.1,1,KE,Kenya,2008,KE2008DHS,CH_DIAT_C_ORI,94096060,I,1000,0,Total,Total,14000,Three years preceding the survey,1,0,CHDIATCORI,,2008-09,DHS,738,756,,,
KEN,632671,Treatment of diarrhea: ORT or increased fluids,78.1,1,KE,Kenya,2008,KE2008DHS,CH_DIAT_C_ORI,94096060,I,1000,0,Total,Total,14001,Five years preceding the survey,1,1,CHDIATCORI,,2008-09,DHS,909,946,,,
KEN,394533,"Treatment of diarrhea: No ORS, RHF or increased fluids",21.9,1,KE,Kenya,2008,KE2008DHS,CH_DIAT_C_NON,94096070,I,1000,0,Total,Total,14000,Three years preceding the survey,1,0,CHDIATCNON,,2008-09,DHS,738,756,,,
KEN,632659,"Treatment of diarrhea: No ORS, RHF or increased fluids",21.9,1,KE,Kenya,2008,KE2008DHS,CH_DIAT_C_NON,94096070,I,1000,0,Total,Total,14001,Five years preceding the survey,1,1,CHDIATCNON,,2008-09,DHS,909,946,,,
KEN,394539,Treatment of diarrhea: Antibiotics,13.7,1,KE,Kenya,2008,KE2008DHS,CH_DIAT_C_ABI,94096080,I,1000,0,Total,Total,14000,Three years preceding the survey,1,0,CHDIATCABI,,2008-09,DHS,738,756,,,
KEN,632662,Treatment of diarrhea: Antibiotics,14.2,1,KE,Kenya,2008,KE2008DHS,CH_DIAT_C_ABI,94096080,I,1000,0,Total,Total,14001,Five years preceding the survey,1,1,CHDIATCABI,,2008-09,DHS,909,946,,,
KEN,394534,Treatment of diarrhea: Antimotility drugs,7.3,1,KE,Kenya,2008,KE2008DHS,CH_DIAT_C_AMO,94096090,I,1000,0,Total,Total,14000,Three years preceding the survey,1,0,CHDIATCAMO,,2008-09,DHS,738,756,,,
KEN,632660,Treatment of diarrhea: Antimotility drugs,8.7,1,KE,Kenya,2008,KE2008DHS,CH_DIAT_C_AMO,94096090,I,1000,0,Total,Total,14001,Five years preceding the survey,1,1,CHDIATCAMO,,2008-09,DHS,909,946,,,
KEN,394535,Treatment of diarrhea: Intravenous solution,0.3,1,KE,Kenya,2008,KE2008DHS,CH_DIAT_C_IVS,94096110,I,1000,0,Total,Total,14000,Three years preceding the survey,1,0,CHDIATCIVS,,2008-09,DHS,738,756,,,
KEN,632654,Treatment of diarrhea: Intravenous solution,0.2,1,KE,Kenya,2008,KE2008DHS,CH_DIAT_C_IVS,94096110,I,1000,0,Total,Total,14001,Five years preceding the survey,1,1,CHDIATCIVS,,2008-09,DHS,909,946,,,
KEN,394536,Treatment of diarrhea: Injection,2.4,1,KE,Kenya,2008,KE2008DHS,CH_DIAT_C_INJ,94096120,I,1000,0,Total,Total,14000,Three years preceding the survey,1,0,CHDIATCINJ,,2008-09,DHS,738,756,,,
KEN,632655,Treatment of diarrhea: Injection,2.1,1,KE,Kenya,2008,KE2008DHS,CH_DIAT_C_INJ,94096120,I,1000,0,Total,Total,14001,Five years preceding the survey,1,1,CHDIATCINJ,,2008-09,DHS,909,946,,,
KEN,394537,Treatment of diarrhea: Home remedy - other,25.8,1,KE,Kenya,2008,KE2008DHS,CH_DIAT_C_HOM,94096130,I,1000,0,Total,Total,14000,Three years preceding the survey,1,0,CHDIATCHOM,,2008-09,DHS,738,756,,,
KEN,632656,Treatment of diarrhea: Home remedy - other,23.6,1,KE,Kenya,2008,KE2008DHS,CH_DIAT_C_HOM,94096130,I,1000,0,Total,Total,14001,Five years preceding the survey,1,1,CHDIATCHOM,,2008-09,DHS,909,946,,,
KEN,394548,Treatment of diarrhea: No treatment,13,1,KE,Kenya,2008,KE2008DHS,CH_DIAT_C_NOT,94096140,I,1000,0,Total,Total,14000,Three years preceding the survey,1,0,CHDIATCNOT,,2008-09,DHS,738,756,,,
KEN,632657,Treatment of diarrhea: No treatment,13,1,KE,Kenya,2008,KE2008DHS,CH_DIAT_C_NOT,94096140,I,1000,0,Total,Total,14001,Five years preceding the survey,1,1,CHDIATCNOT,,2008-09,DHS,909,946,,,
KEN,632666,Treatment of diarrhea: don't know or missing,0,1,KE,Kenya,2008,KE2008DHS,CH_DIAT_C_DKM,94096150,S,1000,0,Total,Total,14001,Five years preceding the survey,1,1,CHDIATCDKM,,2008-09,DHS,909,946,,,
KEN,394547,Number of children born in the last five (or three) years,738,0,KE,Kenya,2008,KE2008DHS,CH_DIAT_C_NUM,94096160,D,1000,0,Total,Total,14000,Three years preceding the survey,1,0,CHDIATCNUM,,2008-09,DHS,,756,,,
KEN,638746,Number of children born in the last five (or three) years,909,0,KE,Kenya,2008,KE2008DHS,CH_DIAT_C_NUM,94096160,D,1000,0,Total,Total,14001,Five years preceding the survey,1,1,CHDIATCNUM,,2008-09,DHS,,946,,,
KEN,157388,Number of children born in the last five (or three) years (unweighted),756,0,KE,Kenya,2008,KE2008DHS,CH_DIAT_C_UNW,94096170,U,1000,0,Total,Total,14000,Three years preceding the survey,1,0,CHDIATCUNW,,2008-09,DHS,738,,,,
KEN,303582,Number of children born in the last five (or three) years (unweighted),946,0,KE,Kenya,2008,KE2008DHS,CH_DIAT_C_UNW,94096170,U,1000,0,Total,Total,14001,Five years preceding the survey,1,1,CHDIATCUNW,,2008-09,DHS,909,,,,
KEN,399891,Children under 5 with fever for whom advice or treatment was sought from a public sector facility,39,1,KE,Kenya,2008,KE2008DHS,ML_FEVS_C_PUB,125006010,I,1000,0,Total,Total,0,,1,1,MLFEVSCPUB,,2008-09,DHS,1302,1385,,,
KEN,399892,Children under 5 with fever for whom advice or treatment was sought from a government hospital ,12.1,1,KE,Kenya,2008,KE2008DHS,ML_FEVS_C_GHS,125006020,I,1000,0,Total,Total,0,,1,1,MLFEVSCGHS,,2008-09,DHS,1302,1385,,,
KEN,399895,Children under 5 with fever for whom advice or treatment was sought from a government health center ,12.9,1,KE,Kenya,2008,KE2008DHS,ML_FEVS_C_GHC,125006030,I,1000,0,Total,Total,0,,1,1,MLFEVSCGHC,,2008-09,DHS,1302,1385,,,
KEN,399896,Children under 5 with fever for whom advice or treatment was sought from another type of public sector facility,14.5,1,KE,Kenya,2008,KE2008DHS,ML_FEVS_C_GOT,125006070,I,1000,0,Total,Total,0,,1,1,MLFEVSCGOT,,2008-09,DHS,1302,1385,,,
KEN,399889,Children under 5 with fever for whom advice or treatment was sought from a private sector facility,17.2,1,KE,Kenya,2008,KE2008DHS,ML_FEVS_C_PRV,125006080,I,1000,0,Total,Total,0,,1,1,MLFEVSCPRV,,2008-09,DHS,1302,1385,,,
KEN,399893,Children under 5 with fever for whom advice or treatment was sought from a private hospital/clinic,7.3,1,KE,Kenya,2008,KE2008DHS,ML_FEVS_C_PHS,125006090,I,1000,0,Total,Total,0,,1,1,MLFEVSCPHS,,2008-09,DHS,1302,1385,,,
KEN,399894,Children under 5 with fever for whom advice or treatment was sought from a pharmacy,7.8,1,KE,Kenya,2008,KE2008DHS,ML_FEVS_C_PPH,125006100,I,1000,0,Total,Total,0,,1,1,MLFEVSCPPH,,2008-09,DHS,1302,1385,,,
KEN,399897,Children under 5 with fever for whom advice or treatment was sought from another private medical sector facility,2.3,1,KE,Kenya,2008,KE2008DHS,ML_FEVS_C_POT,125006140,I,1000,0,Total,Total,0,,1,1,MLFEVSCPOT,,2008-09,DHS,1302,1385,,,
KEN,399890,Children under 5 with fever for whom advice or treatment was sought from another source,6.8,1,KE,Kenya,2008,KE2008DHS,ML_FEVS_C_OSR,125006150,I,1000,0,Total,Total,0,,1,1,MLFEVSCOSR,,2008-09,DHS,1302,1385,,,
KEN,399898,Children under 5 with fever for whom advice or treatment was sought from a shop,6,1,KE,Kenya,2008,KE2008DHS,ML_FEVS_C_SHP,125006160,I,1000,0,Total,Total,0,,1,1,MLFEVSCSHP,,2008-09,DHS,1302,1385,,,
KEN,399899,Children under 5 with fever for whom advice or treatment was sought from a traditional practitioner,0.2,1,KE,Kenya,2008,KE2008DHS,ML_FEVS_C_TRD,125006170,I,1000,0,Total,Total,0,,1,1,MLFEVSCTRD,,2008-09,DHS,1302,1385,,,
KEN,399900,Children under 5 with fever for whom advice or treatment was sought from a market,0.2,1,KE,Kenya,2008,KE2008DHS,ML_FEVS_C_MKT,125006180,I,1000,0,Total,Total,0,,1,1,MLFEVSCMKT,,2008-09,DHS,1302,1385,,,
KEN,399901,Children under 5 with fever for whom advice or treatment was sought from others,0.5,1,KE,Kenya,2008,KE2008DHS,ML_FEVS_C_OTH,125006190,I,1000,0,Total,Total,0,,1,1,MLFEVSCOTH,,2008-09,DHS,1302,1385,,,
KEN,399902,Number of children under 5 with fever in the two weeks preceding the survey,1302,0,KE,Kenya,2008,KE2008DHS,ML_FEVS_C_NUM,125006200,D,1000,0,Total,Total,0,,1,1,MLFEVSCNUM,,2008-09,DHS,,1385,,,
KEN,171556,Number of children under 5 with fever in the two weeks preceding the survey (unweighted),1385,0,KE,Kenya,2008,KE2008DHS,ML_FEVS_C_UNW,125006210,U,1000,0,Total,Total,0,,1,1,MLFEVSCUNW,,2008-09,DHS,1302,,,,
KEN,227892,"Children with fever for whom advice or treatment was sought, the source was a public sector facility",62.7,1,KE,Kenya,2008,KE2008DHS,ML_FEVA_C_PUB,125036010,I,1000,0,Total,Total,0,,1,1,MLFEVACPUB,,2008-09,DHS,811,881,,,
KEN,227899,"Children with fever for whom advice or treatment was sought, the source was a government hospital ",19.5,1,KE,Kenya,2008,KE2008DHS,ML_FEVA_C_GHS,125036020,I,1000,0,Total,Total,0,,1,1,MLFEVACGHS,,2008-09,DHS,811,881,,,
KEN,227891,"Children with fever for whom advice or treatment was sought, the source was a government health center ",20.6,1,KE,Kenya,2008,KE2008DHS,ML_FEVA_C_GHC,125036030,I,1000,0,Total,Total,0,,1,1,MLFEVACGHC,,2008-09,DHS,811,881,,,
KEN,227900,"Children with fever for whom advice or treatment was sought, the source was another type of public sector facility",23.3,1,KE,Kenya,2008,KE2008DHS,ML_FEVA_C_GOT,125036070,I,1000,0,Total,Total,0,,1,1,MLFEVACGOT,,2008-09,DHS,811,881,,,
KEN,227895,"Children with fever for whom advice or treatment was sought, the source was a private sector facility",27.7,1,KE,Kenya,2008,KE2008DHS,ML_FEVA_C_PRV,125036080,I,1000,0,Total,Total,0,,1,1,MLFEVACPRV,,2008-09,DHS,811,881,,,
KEN,227901,"Children with fever for whom advice or treatment was sought, the source was a private hospital/clinic",11.7,1,KE,Kenya,2008,KE2008DHS,ML_FEVA_C_PHS,125036090,I,1000,0,Total,Total,0,,1,1,MLFEVACPHS,,2008-09,DHS,811,881,,,
KEN,227896,"Children with fever for whom advice or treatment was sought, the source was a pharmacy",12.6,1,KE,Kenya,2008,KE2008DHS,ML_FEVA_C_PPH,125036100,I,1000,0,Total,Total,0,,1,1,MLFEVACPPH,,2008-09,DHS,811,881,,,
KEN,227893,"Children with fever for whom advice or treatment was sought, the source was another private medical sector facility",3.6,1,KE,Kenya,2008,KE2008DHS,ML_FEVA_C_POT,125036140,I,1000,0,Total,Total,0,,1,1,MLFEVACPOT,,2008-09,DHS,811,881,,,
KEN,227894,"Children with fever for whom advice or treatment was sought, the source was another source",10.8,1,KE,Kenya,2008,KE2008DHS,ML_FEVA_C_OSR,125036150,I,1000,0,Total,Total,0,,1,1,MLFEVACOSR,,2008-09,DHS,811,881,,,
KEN,227902,"Children with fever for whom advice or treatment was sought, the source was a shop",9.6,1,KE,Kenya,2008,KE2008DHS,ML_FEVA_C_SHP,125036160,I,1000,0,Total,Total,0,,1,1,MLFEVACSHP,,2008-09,DHS,811,881,,,
KEN,227897,"Children with fever for whom advice or treatment was sought, the source was a traditional practitioner",0.3,1,KE,Kenya,2008,KE2008DHS,ML_FEVA_C_TRD,125036170,I,1000,0,Total,Total,0,,1,1,MLFEVACTRD,,2008-09,DHS,811,881,,,
KEN,227903,"Children with fever for whom advice or treatment was sought, the source was a market",0.3,1,KE,Kenya,2008,KE2008DHS,ML_FEVA_C_MKT,125036180,I,1000,0,Total,Total,0,,1,1,MLFEVACMKT,,2008-09,DHS,811,881,,,
KEN,227898,Children with fever for whom advice or treatment was sought from others,0.8,1,KE,Kenya,2008,KE2008DHS,ML_FEVA_C_OTH,125036190,I,1000,0,Total,Total,0,,1,1,MLFEVACOTH,,2008-09,DHS,811,881,,,
KEN,171555,Number of children under 5 with fever for whom advice of treatment was sought,811,0,KE,Kenya,2008,KE2008DHS,ML_FEVA_C_NUM,125036200,D,1000,0,Total,Total,0,,1,1,MLFEVACNUM,,2008-09,DHS,,881,,,
KEN,227917,Number of children under 5 with fever for whom advice of treatment was sought (unweighted),881,0,KE,Kenya,2008,KE2008DHS,ML_FEVA_C_UNW,125036210,U,1000,0,Total,Total,0,,1,1,MLFEVACUNW,,2008-09,DHS,811,,,,
KEN,203673,Antenatal care provider: Doctor,30.1,1,KE,Kenya,2014,KE2014DHS,RH_ANCP_W_DOC,83363010,I,1000,0,Total,Total,14000,Three years preceding the survey,1,0,RHANCPWDOC,,2014,DHS,10378,11005,,,
KEN,601299,Antenatal care provider: Doctor,31.1,1,KE,Kenya,2014,KE2014DHS,RH_ANCP_W_DOC,83363010,I,1000,0,Total,Total,14001,Five years preceding the survey,1,0,RHANCPWDOC,,2014,DHS,14442,14949,,,
KEN,241455,Antenatal care provider: Doctor,29.8,1,KE,Kenya,2014,KE2014DHS,RH_ANCP_W_DOC,83363010,I,1000,0,Total,Total,14002,Two years preceding the survey,1,1,RHANCPWDOC,,2014,DHS,7357,7925,,,
KEN,203679,Antenatal care provider: Nurse/midwife,65.2,1,KE,Kenya,2014,KE2014DHS,RH_ANCP_W_NRS,83363020,I,1000,0,Total,Total,14000,Three years preceding the survey,1,0,RHANCPWNRS,,2014,DHS,10378,11005,,,
KEN,601298,Antenatal care provider: Nurse/midwife,64.3,1,KE,Kenya,2014,KE2014DHS,RH_ANCP_W_NRS,83363020,I,1000,0,Total,Total,14001,Five years preceding the survey,1,0,RHANCPWNRS,,2014,DHS,14442,14949,,,
KEN,241470,Antenatal care provider: Nurse/midwife,65.5,1,KE,Kenya,2014,KE2014DHS,RH_ANCP_W_NRS,83363020,I,1000,0,Total,Total,14002,Two years preceding the survey,1,1,RHANCPWNRS,,2014,DHS,7357,7925,,,
KEN,203675,Antenatal care provider: Community health worker,0.5,1,KE,Kenya,2014,KE2014DHS,RH_ANCP_W_CHW,83363040,I,1000,0,Total,Total,14000,Three years preceding the survey,1,0,RHANCPWCHW,,2014,DHS,10378,11005,,,
KEN,601305,Antenatal care provider: Community health worker,0.4,1,KE,Kenya,2014,KE2014DHS,RH_ANCP_W_CHW,83363040,I,1000,0,Total,Total,14001,Five years preceding the survey,1,0,RHANCPWCHW,,2014,DHS,14442,14949,,,
KEN,241467,Antenatal care provider: Community health worker,0.5,1,KE,Kenya,2014,KE2014DHS,RH_ANCP_W_CHW,83363040,I,1000,0,Total,Total,14002,Two years preceding the survey,1,1,RHANCPWCHW,,2014,DHS,7357,7925,,,
KEN,203678,Antenatal care provider: Traditional birth attendant,0.1,1,KE,Kenya,2014,KE2014DHS,RH_ANCP_W_TBA,83363070,I,1000,0,Total,Total,14000,Three years preceding the survey,1,0,RHANCPWTBA,,2014,DHS,10378,11005,,,
KEN,601306,Antenatal care provider: Traditional birth attendant,0,1,KE,Kenya,2014,KE2014DHS,RH_ANCP_W_TBA,83363070,I,1000,0,Total,Total,14001,Five years preceding the survey,1,0,RHANCPWTBA,,2014,DHS,14442,14949,,,
KEN,241468,Antenatal care provider: Traditional birth attendant,0.1,1,KE,Kenya,2014,KE2014DHS,RH_ANCP_W_TBA,83363070,I,1000,0,Total,Total,14002,Two years preceding the survey,1,1,RHANCPWTBA,,2014,DHS,7357,7925,,,
KEN,203674,Antenatal care provider: Other,0,1,KE,Kenya,2014,KE2014DHS,RH_ANCP_W_OTH,83363080,I,1000,0,Total,Total,14000,Three years preceding the survey,1,0,RHANCPWOTH,,2014,DHS,10378,11005,,,
KEN,601302,Antenatal care provider: Other,0,1,KE,Kenya,2014,KE2014DHS,RH_ANCP_W_OTH,83363080,I,1000,0,Total,Total,14001,Five years preceding the survey,1,0,RHANCPWOTH,,2014,DHS,14442,14949,,,
KEN,241456,Antenatal care provider: Other,0,1,KE,Kenya,2014,KE2014DHS,RH_ANCP_W_OTH,83363080,I,1000,0,Total,Total,14002,Two years preceding the survey,1,1,RHANCPWOTH,,2014,DHS,7357,7925,,,
KEN,203680,Antenatal care provider: Missing ,0.2,1,KE,Kenya,2014,KE2014DHS,RH_ANCP_W_MIS,83363090,S,1000,0,Total,Total,14000,Three years preceding the survey,1,0,RHANCPWMIS,,2014,DHS,10378,11005,,,
KEN,601301,Antenatal care provider: Missing ,0.2,1,KE,Kenya,2014,KE2014DHS,RH_ANCP_W_MIS,83363090,S,1000,0,Total,Total,14001,Five years preceding the survey,1,0,RHANCPWMIS,,2014,DHS,14442,14949,,,
KEN,241471,Antenatal care provider: Missing ,0.2,1,KE,Kenya,2014,KE2014DHS,RH_ANCP_W_MIS,83363090,S,1000,0,Total,Total,14002,Two years preceding the survey,1,1,RHANCPWMIS,,2014,DHS,7357,7925,,,
KEN,203676,No antenatal care,4,1,KE,Kenya,2014,KE2014DHS,RH_ANCP_W_NON,83363100,I,1000,0,Total,Total,14000,Three years preceding the survey,1,0,RHANCPWNON,,2014,DHS,10378,11005,,,
KEN,601327,No antenatal care,3.9,1,KE,Kenya,2014,KE2014DHS,RH_ANCP_W_NON,83363100,I,1000,0,Total,Total,14001,Five years preceding the survey,1,0,RHANCPWNON,,2014,DHS,14442,14949,,,
KEN,241469,No antenatal care,3.9,1,KE,Kenya,2014,KE2014DHS,RH_ANCP_W_NON,83363100,I,1000,0,Total,Total,14002,Two years preceding the survey,1,1,RHANCPWNON,,2014,DHS,7357,7925,,,
KEN,203682,Antenatal care: Total,100,1,KE,Kenya,2014,KE2014DHS,RH_ANCP_W_TOT,83363110,T,1000,0,Total,Total,14000,Three years preceding the survey,1,0,RHANCPWTOT,,2014,DHS,10378,11005,,,
KEN,601326,Antenatal care: Total,100,1,KE,Kenya,2014,KE2014DHS,RH_ANCP_W_TOT,83363110,T,1000,0,Total,Total,14001,Five years preceding the survey,1,0,RHANCPWTOT,,2014,DHS,14442,14949,,,
KEN,241472,Antenatal care: Total,100,1,KE,Kenya,2014,KE2014DHS,RH_ANCP_W_TOT,83363110,T,1000,0,Total,Total,14002,Two years preceding the survey,1,1,RHANCPWTOT,,2014,DHS,7357,7925,,,
KEN,203677,Antenatal care from a skilled provider,95.3,1,KE,Kenya,2014,KE2014DHS,RH_ANCP_W_SKP,83363120,I,1000,0,Total,Total,14000,Three years preceding the survey,1,0,RHANCPWSKP,,2014,DHS,10378,11005,,,
KEN,601307,Antenatal care from a skilled provider,95.5,1,KE,Kenya,2014,KE2014DHS,RH_ANCP_W_SKP,83363120,I,1000,0,Total,Total,14001,Five years preceding the survey,1,0,RHANCPWSKP,,2014,DHS,14442,14949,,,
KEN,241466,Antenatal care from a skilled provider,95.3,1,KE,Kenya,2014,KE2014DHS,RH_ANCP_W_SKP,83363120,I,1000,0,Total,Total,14002,Two years preceding the survey,1,1,RHANCPWSKP,,2014,DHS,7357,7925,,,
KEN,164588,Number of women with a live birth (or stillbirth) in the last two (or three/five) years,10378,0,KE,Kenya,2014,KE2014DHS,RH_ANCP_W_NUM,83363130,D,1000,0,Total,Total,14000,Three years preceding the survey,1,0,RHANCPWNUM,,2014,DHS,,11005,,,
KEN,607548,Number of women with a live birth (or stillbirth) in the last two (or three/five) years,14442,0,KE,Kenya,2014,KE2014DHS,RH_ANCP_W_NUM,83363130,D,1000,0,Total,Total,14001,Five years preceding the survey,1,0,RHANCPWNUM,,2014,DHS,,14949,,,
KEN,164636,Number of women with a live birth (or stillbirth) in the last two (or three/five) years,7357,0,KE,Kenya,2014,KE2014DHS,RH_ANCP_W_NUM,83363130,D,1000,0,Total,Total,14002,Two years preceding the survey,1,1,RHANCPWNUM,,2014,DHS,,7925,,,
KEN,203684,Number of women with a live birth (or stillbirth) in the last two (or three/five) years (unweighted),11005,0,KE,Kenya,2014,KE2014DHS,RH_ANCP_W_UNW,83363140,U,1000,0,Total,Total,14000,Three years preceding the survey,1,0,RHANCPWUNW,,2014,DHS,10378,,,,
KEN,305328,Number of women with a live birth (or stillbirth) in the last two (or three/five) years (unweighted),14949,0,KE,Kenya,2014,KE2014DHS,RH_ANCP_W_UNW,83363140,U,1000,0,Total,Total,14001,Five years preceding the survey,1,0,RHANCPWUNW,,2014,DHS,14442,,,,
KEN,241473,Number of women with a live birth (or stillbirth) in the last two (or three/five) years (unweighted),7925,0,KE,Kenya,2014,KE2014DHS,RH_ANCP_W_UNW,83363140,U,1000,0,Total,Total,14002,Two years preceding the survey,1,1,RHANCPWUNW,,2014,DHS,7357,,,,
KEN,249260,Place of delivery: Public sector,47.9,1,KE,Kenya,2014,KE2014DHS,RH_DELP_C_PUB,83566010,I,1000,0,Total,Total,14000,Three years preceding the survey,1,0,RHDELPCPUB,,2014,DHS,11601,12443,,,
KEN,209450,Place of delivery: Public sector,46,1,KE,Kenya,2014,KE2014DHS,RH_DELP_C_PUB,83566010,I,1000,0,Total,Total,14001,Five years preceding the survey,1,0,RHDELPCPUB,,2014,DHS,19564,20964,,,
KEN,617173,Place of delivery: Public sector,49.3,1,KE,Kenya,2014,KE2014DHS,RH_DELP_C_PUB,83566010,I,1000,0,Total,Total,14002,Two years preceding the survey,1,1,RHDELPCPUB,,2014,DHS,7662,8241,,,
KEN,249262,Place of delivery: Private sector,16.1,1,KE,Kenya,2014,KE2014DHS,RH_DELP_C_PRV,83566020,I,1000,0,Total,Total,14000,Three years preceding the survey,1,0,RHDELPCPRV,,2014,DHS,11601,12443,,,
KEN,209452,Place of delivery: Private sector,15.2,1,KE,Kenya,2014,KE2014DHS,RH_DELP_C_PRV,83566020,I,1000,0,Total,Total,14001,Five years preceding the survey,1,0,RHDELPCPRV,,2014,DHS,19564,20964,,,
KEN,617176,Place of delivery: Private sector,15.9,1,KE,Kenya,2014,KE2014DHS,RH_DELP_C_PRV,83566020,I,1000,0,Total,Total,14002,Two years preceding the survey,1,1,RHDELPCPRV,,2014,DHS,7662,8241,,,
KEN,249263,Place of delivery: At home,34.6,1,KE,Kenya,2014,KE2014DHS,RH_DELP_C_HOM,83566030,I,1000,0,Total,Total,14000,Three years preceding the survey,1,0,RHDELPCHOM,,2014,DHS,11601,12443,,,
KEN,209453,Place of delivery: At home,37.4,1,KE,Kenya,2014,KE2014DHS,RH_DELP_C_HOM,83566030,I,1000,0,Total,Total,14001,Five years preceding the survey,1,0,RHDELPCHOM,,2014,DHS,19564,20964,,,
KEN,617177,Place of delivery: At home,33.7,1,KE,Kenya,2014,KE2014DHS,RH_DELP_C_HOM,83566030,I,1000,0,Total,Total,14002,Two years preceding the survey,1,1,RHDELPCHOM,,2014,DHS,7662,8241,,,
KEN,249264,Place of delivery: Other,1.1,1,KE,Kenya,2014,KE2014DHS,RH_DELP_C_OTH,83566040,I,1000,0,Total,Total,14000,Three years preceding the survey,1,0,RHDELPCOTH,,2014,DHS,11601,12443,,,
KEN,209454,Place of delivery: Other,1,1,KE,Kenya,2014,KE2014DHS,RH_DELP_C_OTH,83566040,I,1000,0,Total,Total,14001,Five years preceding the survey,1,0,RHDELPCOTH,,2014,DHS,19564,20964,,,
KEN,617178,Place of delivery: Other,0.9,1,KE,Kenya,2014,KE2014DHS,RH_DELP_C_OTH,83566040,I,1000,0,Total,Total,14002,Two years preceding the survey,1,1,RHDELPCOTH,,2014,DHS,7662,8241,,,
KEN,249265,Place of delivery: don't know or missing,0.2,1,KE,Kenya,2014,KE2014DHS,RH_DELP_C_DKM,83566050,S,1000,0,Total,Total,14000,Three years preceding the survey,1,0,RHDELPCDKM,,2014,DHS,11601,12443,,,
KEN,209455,Place of delivery: don't know or missing,0.5,1,KE,Kenya,2014,KE2014DHS,RH_DELP_C_DKM,83566050,S,1000,0,Total,Total,14001,Five years preceding the survey,1,0,RHDELPCDKM,,2014,DHS,19564,20964,,,
KEN,617179,Place of delivery: don't know or missing,0.2,1,KE,Kenya,2014,KE2014DHS,RH_DELP_C_DKM,83566050,S,1000,0,Total,Total,14002,Two years preceding the survey,1,1,RHDELPCDKM,,2014,DHS,7662,8241,,,
KEN,249261,Place of delivery: Total,100,1,KE,Kenya,2014,KE2014DHS,RH_DELP_C_TOT,83566060,T,1000,0,Total,Total,14000,Three years preceding the survey,1,0,RHDELPCTOT,,2014,DHS,11601,12443,,,
KEN,209451,Place of delivery: Total,100,1,KE,Kenya,2014,KE2014DHS,RH_DELP_C_TOT,83566060,T,1000,0,Total,Total,14001,Five years preceding the survey,1,0,RHDELPCTOT,,2014,DHS,19564,20964,,,
KEN,617174,Place of delivery: Total,100,1,KE,Kenya,2014,KE2014DHS,RH_DELP_C_TOT,83566060,T,1000,0,Total,Total,14002,Two years preceding the survey,1,1,RHDELPCTOT,,2014,DHS,7662,8241,,,
KEN,249259,Place of delivery: Health facility,64,1,KE,Kenya,2014,KE2014DHS,RH_DELP_C_DHF,83566070,I,1000,0,Total,Total,14000,Three years preceding the survey,1,0,RHDELPCDHF,,2014,DHS,11601,12443,,,
KEN,209449,Place of delivery: Health facility,61.2,1,KE,Kenya,2014,KE2014DHS,RH_DELP_C_DHF,83566070,I,1000,0,Total,Total,14001,Five years preceding the survey,1,0,RHDELPCDHF,,2014,DHS,19564,20964,,,
KEN,617175,Place of delivery: Health facility,65.2,1,KE,Kenya,2014,KE2014DHS,RH_DELP_C_DHF,83566070,I,1000,0,Total,Total,14002,Two years preceding the survey,1,1,RHDELPCDHF,,2014,DHS,7662,8241,,,
KEN,164953,Number of live births (or stillbirths) in the last two (or three/five) years,11601,0,KE,Kenya,2014,KE2014DHS,RH_DELP_C_NUM,83566080,D,1000,0,Total,Total,14000,Three years preceding the survey,1,0,RHDELPCNUM,,2014,DHS,,12443,,,
KEN,164950,Number of live births (or stillbirths) in the last two (or three/five) years,19564,0,KE,Kenya,2014,KE2014DHS,RH_DELP_C_NUM,83566080,D,1000,0,Total,Total,14001,Five years preceding the survey,1,0,RHDELPCNUM,,2014,DHS,,20964,,,
KEN,622194,Number of live births (or stillbirths) in the last two (or three/five) years,7662,0,KE,Kenya,2014,KE2014DHS,RH_DELP_C_NUM,83566080,D,1000,0,Total,Total,14002,Two years preceding the survey,1,1,RHDELPCNUM,,2014,DHS,,8241,,,
KEN,249284,Number of live births (or stillbirths) in the last two (or three/five) years (unweighted),12443,0,KE,Kenya,2014,KE2014DHS,RH_DELP_C_UNW,83566090,U,1000,0,Total,Total,14000,Three years preceding the survey,1,0,RHDELPCUNW,,2014,DHS,11601,,,,
KEN,209390,Number of live births (or stillbirths) in the last two (or three/five) years (unweighted),20964,0,KE,Kenya,2014,KE2014DHS,RH_DELP_C_UNW,83566090,U,1000,0,Total,Total,14001,Five years preceding the survey,1,0,RHDELPCUNW,,2014,DHS,19564,,,,
KEN,298150,Number of live births (or stillbirths) in the last two (or three/five) years (unweighted),8241,0,KE,Kenya,2014,KE2014DHS,RH_DELP_C_UNW,83566090,U,1000,0,Total,Total,14002,Two years preceding the survey,1,1,RHDELPCUNW,,2014,DHS,7662,,,,
KEN,198480,Assistance during delivery: Doctor,27.1,1,KE,Kenya,2014,KE2014DHS,RH_DELA_C_DOC,83606010,I,1000,0,Total,Total,14000,Three years preceding the survey,1,0,RHDELACDOC,,2014,DHS,11601,12443,,,
KEN,336431,Assistance during delivery: Doctor,26.2,1,KE,Kenya,2014,KE2014DHS,RH_DELA_C_DOC,83606010,I,1000,0,Total,Total,14001,Five years preceding the survey,1,0,RHDELACDOC,,2014,DHS,19564,20964,,,
KEN,619633,Assistance during delivery: Doctor,27.5,1,KE,Kenya,2014,KE2014DHS,RH_DELA_C_DOC,83606010,I,1000,0,Total,Total,14002,Two years preceding the survey,1,1,RHDELACDOC,,2014,DHS,7662,8241,,,
KEN,198488,Assistance during delivery: Nurse/midwife,37.4,1,KE,Kenya,2014,KE2014DHS,RH_DELA_C_NRS,83606020,I,1000,0,Total,Total,14000,Three years preceding the survey,1,0,RHDELACNRS,,2014,DHS,11601,12443,,,
KEN,336439,Assistance during delivery: Nurse/midwife,35.6,1,KE,Kenya,2014,KE2014DHS,RH_DELA_C_NRS,83606020,I,1000,0,Total,Total,14001,Five years preceding the survey,1,0,RHDELACNRS,,2014,DHS,19564,20964,,,
KEN,619638,Assistance during delivery: Nurse/midwife,38.2,1,KE,Kenya,2014,KE2014DHS,RH_DELA_C_NRS,83606020,I,1000,0,Total,Total,14002,Two years preceding the survey,1,1,RHDELACNRS,,2014,DHS,7662,8241,,,
KEN,198481,Assistance during delivery: Traditional birth attendant,18,1,KE,Kenya,2014,KE2014DHS,RH_DELA_C_TBA,83606060,I,1000,0,Total,Total,14000,Three years preceding the survey,1,0,RHDELACTBA,,2014,DHS,11601,12443,,,
KEN,336432,Assistance during delivery: Traditional birth attendant,19.5,1,KE,Kenya,2014,KE2014DHS,RH_DELA_C_TBA,83606060,I,1000,0,Total,Total,14001,Five years preceding the survey,1,0,RHDELACTBA,,2014,DHS,19564,20964,,,
KEN,619639,Assistance during delivery: Traditional birth attendant,17,1,KE,Kenya,2014,KE2014DHS,RH_DELA_C_TBA,83606060,I,1000,0,Total,Total,14002,Two years preceding the survey,1,1,RHDELACTBA,,2014,DHS,7662,8241,,,
KEN,198483,Assistance during delivery: Relative or other,13.1,1,KE,Kenya,2014,KE2014DHS,RH_DELA_C_REL,83606070,I,1000,0,Total,Total,14000,Three years preceding the survey,1,0,RHDELACREL,,2014,DHS,11601,12443,,,
KEN,336437,Assistance during delivery: Relative or other,13.7,1,KE,Kenya,2014,KE2014DHS,RH_DELA_C_REL,83606070,I,1000,0,Total,Total,14001,Five years preceding the survey,1,0,RHDELACREL,,2014,DHS,19564,20964,,,
KEN,619632,Assistance during delivery: Relative or other,13,1,KE,Kenya,2014,KE2014DHS,RH_DELA_C_REL,83606070,I,1000,0,Total,Total,14002,Two years preceding the survey,1,1,RHDELACREL,,2014,DHS,7662,8241,,,
KEN,198482,Assistance during delivery: No one,4.3,1,KE,Kenya,2014,KE2014DHS,RH_DELA_C_NON,83606080,I,1000,0,Total,Total,14000,Three years preceding the survey,1,0,RHDELACNON,,2014,DHS,11601,12443,,,
KEN,336433,Assistance during delivery: No one,4.6,1,KE,Kenya,2014,KE2014DHS,RH_DELA_C_NON,83606080,I,1000,0,Total,Total,14001,Five years preceding the survey,1,0,RHDELACNON,,2014,DHS,19564,20964,,,
KEN,619640,Assistance during delivery: No one,4,1,KE,Kenya,2014,KE2014DHS,RH_DELA_C_NON,83606080,I,1000,0,Total,Total,14002,Two years preceding the survey,1,1,RHDELACNON,,2014,DHS,7662,8241,,,
KEN,198484,Assistance during delivery: don't know or missing,0.1,1,KE,Kenya,2014,KE2014DHS,RH_DELA_C_DKM,83606090,S,1000,0,Total,Total,14000,Three years preceding the survey,1,0,RHDELACDKM,,2014,DHS,11601,12443,,,
KEN,336438,Assistance during delivery: don't know or missing,0.4,1,KE,Kenya,2014,KE2014DHS,RH_DELA_C_DKM,83606090,S,1000,0,Total,Total,14001,Five years preceding the survey,1,0,RHDELACDKM,,2014,DHS,19564,20964,,,
KEN,619637,Assistance during delivery: don't know or missing,0.2,1,KE,Kenya,2014,KE2014DHS,RH_DELA_C_DKM,83606090,S,1000,0,Total,Total,14002,Two years preceding the survey,1,1,RHDELACDKM,,2014,DHS,7662,8241,,,
KEN,198485,Assistance during delivery: Total,100,1,KE,Kenya,2014,KE2014DHS,RH_DELA_C_TOT,83606100,T,1000,0,Total,Total,14000,Three years preceding the survey,1,0,RHDELACTOT,,2014,DHS,11601,12443,,,
KEN,336434,Assistance during delivery: Total,100,1,KE,Kenya,2014,KE2014DHS,RH_DELA_C_TOT,83606100,T,1000,0,Total,Total,14001,Five years preceding the survey,1,0,RHDELACTOT,,2014,DHS,19564,20964,,,
KEN,619634,Assistance during delivery: Total,100,1,KE,Kenya,2014,KE2014DHS,RH_DELA_C_TOT,83606100,T,1000,0,Total,Total,14002,Two years preceding the survey,1,1,RHDELACTOT,,2014,DHS,7662,8241,,,
KEN,198486,Assistance during delivery from a skilled provider,64.5,1,KE,Kenya,2014,KE2014DHS,RH_DELA_C_SKP,83606110,I,1000,0,Total,Total,14000,Three years preceding the survey,1,0,RHDELACSKP,,2014,DHS,11601,12443,,,
KEN,336435,Assistance during delivery from a skilled provider,61.8,1,KE,Kenya,2014,KE2014DHS,RH_DELA_C_SKP,83606110,I,1000,0,Total,Total,14001,Five years preceding the survey,1,0,RHDELACSKP,,2014,DHS,19564,20964,,,
KEN,619635,Assistance during delivery from a skilled provider,65.8,1,KE,Kenya,2014,KE2014DHS,RH_DELA_C_SKP,83606110,I,1000,0,Total,Total,14002,Two years preceding the survey,1,1,RHDELACSKP,,2014,DHS,7662,8241,,,
KEN,198487,Delivery by cesarean section,9.2,1,KE,Kenya,2014,KE2014DHS,RH_DELA_C_CSC,83606120,I,1000,0,Total,Total,14000,Three years preceding the survey,1,0,RHDELACCSC,,2014,DHS,11601,12443,,,
KEN,336436,Delivery by cesarean section,8.7,1,KE,Kenya,2014,KE2014DHS,RH_DELA_C_CSC,83606120,I,1000,0,Total,Total,14001,Five years preceding the survey,1,0,RHDELACCSC,,2014,DHS,19564,20964,,,
KEN,619636,Delivery by cesarean section,9,1,KE,Kenya,2014,KE2014DHS,RH_DELA_C_CSC,83606120,I,1000,0,Total,Total,14002,Two years preceding the survey,1,1,RHDELACCSC,,2014,DHS,7662,8241,,,
KEN,164964,Number of live births (or stillbirths) in the last two (or three/five) years,11601,0,KE,Kenya,2014,KE2014DHS,RH_DELA_C_NUM,83606130,D,1000,0,Total,Total,14000,Three years preceding the survey,1,0,RHDELACNUM,,2014,DHS,,12443,,,
KEN,164963,Number of live births (or stillbirths) in the last two (or three/five) years,19564,0,KE,Kenya,2014,KE2014DHS,RH_DELA_C_NUM,83606130,D,1000,0,Total,Total,14001,Five years preceding the survey,1,0,RHDELACNUM,,2014,DHS,,20964,,,
KEN,622227,Number of live births (or stillbirths) in the last two (or three/five) years,7662,0,KE,Kenya,2014,KE2014DHS,RH_DELA_C_NUM,83606130,D,1000,0,Total,Total,14002,Two years preceding the survey,1,1,RHDELACNUM,,2014,DHS,,8241,,,
KEN,198497,Number of live births (or stillbirths) in the last two (or three/five) years (unweighted),12443,0,KE,Kenya,2014,KE2014DHS,RH_DELA_C_UNW,83606140,U,1000,0,Total,Total,14000,Three years preceding the survey,1,0,RHDELACUNW,,2014,DHS,11601,,,,
KEN,336487,Number of live births (or stillbirths) in the last two (or three/five) years (unweighted),20964,0,KE,Kenya,2014,KE2014DHS,RH_DELA_C_UNW,83606140,U,1000,0,Total,Total,14001,Five years preceding the survey,1,0,RHDELACUNW,,2014,DHS,19564,,,,
KEN,232827,Number of live births (or stillbirths) in the last two (or three/five) years (unweighted),8241,0,KE,Kenya,2014,KE2014DHS,RH_DELA_C_UNW,83606140,U,1000,0,Total,Total,14002,Two years preceding the survey,1,1,RHDELACUNW,,2014,DHS,7662,,,,
KEN,267598,Provider of mothers' first postnatal checkup: Doctor/nurse/midwife,49.1,1,KE,Kenya,2014,KE2014DHS,RH_PCMP_W_DOC,83663010,I,1000,0,Total,Total,0,,1,1,RHPCMPWDOC,,2014,DHS,3544,3821,,,
KEN,267596,Provider of mothers' first postnatal checkup: Community health worker,0.4,1,KE,Kenya,2014,KE2014DHS,RH_PCMP_W_CHW,83663030,I,1000,0,Total,Total,0,,1,1,RHPCMPWCHW,,2014,DHS,3544,3821,,,
KEN,267597,Provider of mothers' first postnatal checkup: Traditional birth attendant,3.5,1,KE,Kenya,2014,KE2014DHS,RH_PCMP_W_TBA,83663050,I,1000,0,Total,Total,0,,1,1,RHPCMPWTBA,,2014,DHS,3544,3821,,,
KEN,267600,No postnatal checkup for mother within first two days of birth,47.1,1,KE,Kenya,2014,KE2014DHS,RH_PCMP_W_NON,83663070,I,1000,0,Total,Total,0,,1,1,RHPCMPWNON,,2014,DHS,3544,3821,,,
KEN,267599,Provider of mothers' first postnatal checkup: Total,100,1,KE,Kenya,2014,KE2014DHS,RH_PCMP_W_TOT,83663080,T,1000,0,Total,Total,0,,1,1,RHPCMPWTOT,,2014,DHS,3544,3821,,,
KEN,164691,Number of mothers,3544,0,KE,Kenya,2014,KE2014DHS,RH_PCMP_W_NUM,83663090,D,1000,0,Total,Total,0,,1,1,RHPCMPWNUM,,2014,DHS,,3821,,,
KEN,267601,Number of mothers (unweighted),3821,0,KE,Kenya,2014,KE2014DHS,RH_PCMP_W_UNW,83663100,U,1000,0,Total,Total,0,,1,1,RHPCMPWUNW,,2014,DHS,3544,,,,
KEN,241465,Provider of newborns' first postnatal checkup: Doctor/nurse/midwife,33.1,1,KE,Kenya,2014,KE2014DHS,RH_PCCP_C_DOC,83736010,I,1000,0,Total,Total,0,,1,1,RHPCCPCDOC,,2014,DHS,3544,3821,,,
KEN,241463,Provider of newborns' first postnatal checkup: Community health worker,0,1,KE,Kenya,2014,KE2014DHS,RH_PCCP_C_CHW,83736030,I,1000,0,Total,Total,0,,1,1,RHPCCPCCHW,,2014,DHS,3544,3821,,,
KEN,241464,Provider of newborns' first postnatal checkup: Traditional birth attendant,2.4,1,KE,Kenya,2014,KE2014DHS,RH_PCCP_C_TBA,83736050,I,1000,0,Total,Total,0,,1,1,RHPCCPCTBA,,2014,DHS,3544,3821,,,
KEN,241460,No postnatal checkup for newborn within first two days of birth,64.4,1,KE,Kenya,2014,KE2014DHS,RH_PCCP_C_NON,83736070,I,1000,0,Total,Total,0,,1,1,RHPCCPCNON,,2014,DHS,3544,3821,,,
KEN,241462,Provider of newborns' first postnatal checkup: Total,100,1,KE,Kenya,2014,KE2014DHS,RH_PCCP_C_TOT,83736080,T,1000,0,Total,Total,0,,1,1,RHPCCPCTOT,,2014,DHS,3544,3821,,,
KEN,164750,Number of newborns,3544,0,KE,Kenya,2014,KE2014DHS,RH_PCCP_C_NUM,83736090,D,1000,0,Total,Total,0,,1,1,RHPCCPCNUM,,2014,DHS,,3821,,,
KEN,241461,Number of newborns (unweighted),3821,0,KE,Kenya,2014,KE2014DHS,RH_PCCP_C_UNW,83736100,U,1000,0,Total,Total,0,,1,1,RHPCCPCUNW,,2014,DHS,3544,,,,
KEN,559392,Children with symptoms of ARI,9,1,KE,Kenya,2014,KE2014DHS,CH_ARIS_C_ARI,93966010,I,1000,0,Total,Total,14000,Three years preceding the survey,1,0,CHARISCARI,,2014,DHS,11140,11979,,,
KEN,601632,Children with symptoms of ARI,8.5,1,KE,Kenya,2014,KE2014DHS,CH_ARIS_C_ARI,93966010,I,1000,0,Total,Total,14001,Five years preceding the survey,1,1,CHARISCARI,,2014,DHS,18702,20093,,,
KEN,561841,Number of children born in the last five (or three) years,11140,0,KE,Kenya,2014,KE2014DHS,CH_ARIS_C_NUM,93966020,D,1000,0,Total,Total,14000,Three years preceding the survey,1,0,CHARISCNUM,,2014,DHS,,11979,,,
KEN,633131,Number of children born in the last five (or three) years,18702,0,KE,Kenya,2014,KE2014DHS,CH_ARIS_C_NUM,93966020,D,1000,0,Total,Total,14001,Five years preceding the survey,1,1,CHARISCNUM,,2014,DHS,,20093,,,
KEN,225713,Number of children born in the last five (or three) years (unweighted),11979,0,KE,Kenya,2014,KE2014DHS,CH_ARIS_C_UNW,93966030,U,1000,0,Total,Total,14000,Three years preceding the survey,1,0,CHARISCUNW,,2014,DHS,11140,,,,
KEN,338492,Number of children born in the last five (or three) years (unweighted),20093,0,KE,Kenya,2014,KE2014DHS,CH_ARIS_C_UNW,93966030,U,1000,0,Total,Total,14001,Five years preceding the survey,1,1,CHARISCUNW,,2014,DHS,18702,,,,
KEN,399581,Children with ARI for whom advice or treatment was sought,75.2,1,KE,Kenya,2014,KE2014DHS,CH_ARIS_C_ADV,93966040,I,1000,0,Total,Total,14000,Three years preceding the survey,1,0,CHARISCADV,,2014,DHS,998,1088,,,
KEN,539585,Children with ARI for whom advice or treatment was sought,73.1,1,KE,Kenya,2014,KE2014DHS,CH_ARIS_C_ADV,93966040,I,1000,0,Total,Total,14001,Five years preceding the survey,1,1,CHARISCADV,,2014,DHS,1582,1722,,,
KEN,399607,Children with symptoms of ARI who received antibiotics,54.8,1,KE,Kenya,2014,KE2014DHS,CH_ARIS_C_ABI,93966050,I,1000,0,Total,Total,14000,Three years preceding the survey,1,0,CHARISCABI,,2014,DHS,998,1088,,,
KEN,539587,Children with symptoms of ARI who received antibiotics,53.1,1,KE,Kenya,2014,KE2014DHS,CH_ARIS_C_ABI,93966050,I,1000,0,Total,Total,14001,Five years preceding the survey,1,1,CHARISCABI,,2014,DHS,1582,1722,,,
KEN,406115,Number of children with symptoms of ARI born in the last five (or three) years,998,0,KE,Kenya,2014,KE2014DHS,CH_ARIS_C_NM2,93966060,D,1000,0,Total,Total,14000,Three years preceding the survey,1,0,CHARISCNM2,,2014,DHS,,1088,,,
KEN,542008,Number of children with symptoms of ARI born in the last five (or three) years,1582,0,KE,Kenya,2014,KE2014DHS,CH_ARIS_C_NM2,93966060,D,1000,0,Total,Total,14001,Five years preceding the survey,1,1,CHARISCNM2,,2014,DHS,,1722,,,
KEN,11078,Number of children with symptoms of ARI born in the last five (or three) years (unweighted),1088,0,KE,Kenya,2014,KE2014DHS,CH_ARIS_C_UN2,93966070,U,1000,0,Total,Total,14000,Three years preceding the survey,1,0,CHARISCUN2,,2014,DHS,998,,,,
KEN,229710,Number of children with symptoms of ARI born in the last five (or three) years (unweighted),1722,0,KE,Kenya,2014,KE2014DHS,CH_ARIS_C_UN2,93966070,U,1000,0,Total,Total,14001,Five years preceding the survey,1,1,CHARISCUN2,,2014,DHS,1582,,,,
KEN,398604,Children with fever for whom advice or treatment was sought,72.5,1,KE,Kenya,2014,KE2014DHS,CH_FEVT_C_ADV,94036010,I,1000,0,Total,Total,14000,Three years preceding the survey,1,0,CHFEVTCADV,,2014,DHS,2946,3072,,,
KEN,601780,Children with fever for whom advice or treatment was sought,72.2,1,KE,Kenya,2014,KE2014DHS,CH_FEVT_C_ADV,94036010,I,1000,0,Total,Total,14001,Five years preceding the survey,1,1,CHFEVTCADV,,2014,DHS,4562,4764,,,
KEN,398601,Child took antimalarial drugs for fever,23.5,1,KE,Kenya,2014,KE2014DHS,CH_FEVT_C_AML,94036020,I,1000,0,Total,Total,14000,Three years preceding the survey,1,0,CHFEVTCAML,,2014,DHS,2946,3072,,,
KEN,601779,Child took antimalarial drugs for fever,27,1,KE,Kenya,2014,KE2014DHS,CH_FEVT_C_AML,94036020,I,1000,0,Total,Total,14001,Five years preceding the survey,1,1,CHFEVTCAML,,2014,DHS,4562,4764,,,
KEN,398603,Child took antibiotic drugs for fever,44.2,1,KE,Kenya,2014,KE2014DHS,CH_FEVT_C_ABI,94036030,I,1000,0,Total,Total,14000,Three years preceding the survey,1,0,CHFEVTCABI,,2014,DHS,2946,3072,,,
KEN,601782,Child took antibiotic drugs for fever,43.2,1,KE,Kenya,2014,KE2014DHS,CH_FEVT_C_ABI,94036030,I,1000,0,Total,Total,14001,Five years preceding the survey,1,1,CHFEVTCABI,,2014,DHS,4562,4764,,,
KEN,400727,Number of children with fever in the last two weeks,2946,0,KE,Kenya,2014,KE2014DHS,CH_FEVT_C_NUM,94036040,D,1000,0,Total,Total,14000,Three years preceding the survey,1,0,CHFEVTCNUM,,2014,DHS,,3072,,,
KEN,607742,Number of children with fever in the last two weeks,4562,0,KE,Kenya,2014,KE2014DHS,CH_FEVT_C_NUM,94036040,D,1000,0,Total,Total,14001,Five years preceding the survey,1,1,CHFEVTCNUM,,2014,DHS,,4764,,,
KEN,204925,Number of children with fever in the last two weeks (unweighted),3072,0,KE,Kenya,2014,KE2014DHS,CH_FEVT_C_UNW,94036050,U,1000,0,Total,Total,14000,Three years preceding the survey,1,0,CHFEVTCUNW,,2014,DHS,2946,,,,
KEN,298637,Number of children with fever in the last two weeks (unweighted),4764,0,KE,Kenya,2014,KE2014DHS,CH_FEVT_C_UNW,94036050,U,1000,0,Total,Total,14001,Five years preceding the survey,1,1,CHFEVTCUNW,,2014,DHS,4562,,,,
KEN,199137,Treatment of diarrhea: Advice or treatment was sought,66,1,KE,Kenya,2014,KE2014DHS,CH_DIAT_C_ADV,94096010,I,1000,0,Total,Total,14000,Three years preceding the survey,1,0,CHDIATCADV,,2014,DHS,2237,2327,,,
KEN,598820,Treatment of diarrhea: Advice or treatment was sought,66,1,KE,Kenya,2014,KE2014DHS,CH_DIAT_C_ADV,94096010,I,1000,0,Total,Total,14001,Five years preceding the survey,1,1,CHDIATCADV,,2014,DHS,2844,2953,,,
KEN,199150,Treatment of diarrhea: Oral rehydration solution (ORS),53.6,1,KE,Kenya,2014,KE2014DHS,CH_DIAT_C_ORS,94096020,I,1000,0,Total,Total,14000,Three years preceding the survey,1,0,CHDIATCORS,,2014,DHS,2237,2327,,,
KEN,598822,Treatment of diarrhea: Oral rehydration solution (ORS),53.8,1,KE,Kenya,2014,KE2014DHS,CH_DIAT_C_ORS,94096020,I,1000,0,Total,Total,14001,Five years preceding the survey,1,1,CHDIATCORS,,2014,DHS,2844,2953,,,
KEN,199153,Treatment of diarrhea: Recommended home fluids (RHF) at home,28.9,1,KE,Kenya,2014,KE2014DHS,CH_DIAT_C_RHF,94096030,I,1000,0,Total,Total,14000,Three years preceding the survey,1,0,CHDIATCRHF,,2014,DHS,2237,2327,,,
KEN,598823,Treatment of diarrhea: Recommended home fluids (RHF) at home,28.5,1,KE,Kenya,2014,KE2014DHS,CH_DIAT_C_RHF,94096030,I,1000,0,Total,Total,14001,Five years preceding the survey,1,1,CHDIATCRHF,,2014,DHS,2844,2953,,,
KEN,199154,Treatment of diarrhea: Either ORS or RHF,65.2,1,KE,Kenya,2014,KE2014DHS,CH_DIAT_C_ORT,94096040,I,1000,0,Total,Total,14000,Three years preceding the survey,1,0,CHDIATCORT,,2014,DHS,2237,2327,,,
KEN,598824,Treatment of diarrhea: Either ORS or RHF,64.6,1,KE,Kenya,2014,KE2014DHS,CH_DIAT_C_ORT,94096040,I,1000,0,Total,Total,14001,Five years preceding the survey,1,1,CHDIATCORT,,2014,DHS,2844,2953,,,
KEN,199140,Treatment of diarrhea: Zinc supplements,8.9,1,KE,Kenya,2014,KE2014DHS,CH_DIAT_C_ZNC,94096044,I,1000,0,Total,Total,14000,Three years preceding the survey,1,0,CHDIATCZNC,,2014,DHS,2237,2327,,,
KEN,598830,Treatment of diarrhea: Zinc supplements,8.1,1,KE,Kenya,2014,KE2014DHS,CH_DIAT_C_ZNC,94096044,I,1000,0,Total,Total,14001,Five years preceding the survey,1,1,CHDIATCZNC,,2014,DHS,2844,2953,,,
KEN,199155,Treatment of diarrhea: Increased fluids,20.8,1,KE,Kenya,2014,KE2014DHS,CH_DIAT_C_INC,94096050,I,1000,0,Total,Total,14000,Three years preceding the survey,1,0,CHDIATCINC,,2014,DHS,2237,2327,,,
KEN,598825,Treatment of diarrhea: Increased fluids,21.5,1,KE,Kenya,2014,KE2014DHS,CH_DIAT_C_INC,94096050,I,1000,0,Total,Total,14001,Five years preceding the survey,1,1,CHDIATCINC,,2014,DHS,2844,2953,,,
KEN,199161,Treatment of diarrhea: ORT or increased fluids,70.7,1,KE,Kenya,2014,KE2014DHS,CH_DIAT_C_ORI,94096060,I,1000,0,Total,Total,14000,Three years preceding the survey,1,0,CHDIATCORI,,2014,DHS,2237,2327,,,
KEN,598826,Treatment of diarrhea: ORT or increased fluids,70.6,1,KE,Kenya,2014,KE2014DHS,CH_DIAT_C_ORI,94096060,I,1000,0,Total,Total,14001,Five years preceding the survey,1,1,CHDIATCORI,,2014,DHS,2844,2953,,,
KEN,199148,"Treatment of diarrhea: No ORS, RHF or increased fluids",29.3,1,KE,Kenya,2014,KE2014DHS,CH_DIAT_C_NON,94096070,I,1000,0,Total,Total,14000,Three years preceding the survey,1,0,CHDIATCNON,,2014,DHS,2237,2327,,,
KEN,598827,"Treatment of diarrhea: No ORS, RHF or increased fluids",29.4,1,KE,Kenya,2014,KE2014DHS,CH_DIAT_C_NON,94096070,I,1000,0,Total,Total,14001,Five years preceding the survey,1,1,CHDIATCNON,,2014,DHS,2844,2953,,,
KEN,199139,Treatment of diarrhea: Antibiotics,15.8,1,KE,Kenya,2014,KE2014DHS,CH_DIAT_C_ABI,94096080,I,1000,0,Total,Total,14000,Three years preceding the survey,1,0,CHDIATCABI,,2014,DHS,2237,2327,,,
KEN,598829,Treatment of diarrhea: Antibiotics,15.9,1,KE,Kenya,2014,KE2014DHS,CH_DIAT_C_ABI,94096080,I,1000,0,Total,Total,14001,Five years preceding the survey,1,1,CHDIATCABI,,2014,DHS,2844,2953,,,
KEN,199149,Treatment of diarrhea: Antimotility drugs,1.3,1,KE,Kenya,2014,KE2014DHS,CH_DIAT_C_AMO,94096090,I,1000,0,Total,Total,14000,Three years preceding the survey,1,0,CHDIATCAMO,,2014,DHS,2237,2327,,,
KEN,598828,Treatment of diarrhea: Antimotility drugs,1.1,1,KE,Kenya,2014,KE2014DHS,CH_DIAT_C_AMO,94096090,I,1000,0,Total,Total,14001,Five years preceding the survey,1,1,CHDIATCAMO,,2014,DHS,2844,2953,,,
KEN,199144,Treatment of diarrhea: Intravenous solution,1.5,1,KE,Kenya,2014,KE2014DHS,CH_DIAT_C_IVS,94096110,I,1000,0,Total,Total,14000,Three years preceding the survey,1,0,CHDIATCIVS,,2014,DHS,2237,2327,,,
KEN,598833,Treatment of diarrhea: Intravenous solution,1.5,1,KE,Kenya,2014,KE2014DHS,CH_DIAT_C_IVS,94096110,I,1000,0,Total,Total,14001,Five years preceding the survey,1,1,CHDIATCIVS,,2014,DHS,2844,2953,,,
KEN,199145,Treatment of diarrhea: Injection,2,1,KE,Kenya,2014,KE2014DHS,CH_DIAT_C_INJ,94096120,I,1000,0,Total,Total,14000,Three years preceding the survey,1,0,CHDIATCINJ,,2014,DHS,2237,2327,,,
KEN,598834,Treatment of diarrhea: Injection,2.2,1,KE,Kenya,2014,KE2014DHS,CH_DIAT_C_INJ,94096120,I,1000,0,Total,Total,14001,Five years preceding the survey,1,1,CHDIATCINJ,,2014,DHS,2844,2953,,,
KEN,199146,Treatment of diarrhea: Home remedy - other,19.2,1,KE,Kenya,2014,KE2014DHS,CH_DIAT_C_HOM,94096130,I,1000,0,Total,Total,14000,Three years preceding the survey,1,0,CHDIATCHOM,,2014,DHS,2237,2327,,,
KEN,598835,Treatment of diarrhea: Home remedy - other,18.9,1,KE,Kenya,2014,KE2014DHS,CH_DIAT_C_HOM,94096130,I,1000,0,Total,Total,14001,Five years preceding the survey,1,1,CHDIATCHOM,,2014,DHS,2844,2953,,,
KEN,199147,Treatment of diarrhea: No treatment,18.2,1,KE,Kenya,2014,KE2014DHS,CH_DIAT_C_NOT,94096140,I,1000,0,Total,Total,14000,Three years preceding the survey,1,0,CHDIATCNOT,,2014,DHS,2237,2327,,,
KEN,598836,Treatment of diarrhea: No treatment,18.2,1,KE,Kenya,2014,KE2014DHS,CH_DIAT_C_NOT,94096140,I,1000,0,Total,Total,14001,Five years preceding the survey,1,1,CHDIATCNOT,,2014,DHS,2844,2953,,,
KEN,199143,Treatment of diarrhea: don't know or missing,0.2,1,KE,Kenya,2014,KE2014DHS,CH_DIAT_C_DKM,94096150,S,1000,0,Total,Total,14000,Three years preceding the survey,1,0,CHDIATCDKM,,2014,DHS,2237,2327,,,
KEN,598837,Treatment of diarrhea: don't know or missing,0.2,1,KE,Kenya,2014,KE2014DHS,CH_DIAT_C_DKM,94096150,S,1000,0,Total,Total,14001,Five years preceding the survey,1,1,CHDIATCDKM,,2014,DHS,2844,2953,,,
KEN,157414,Number of children born in the last five (or three) years,2237,0,KE,Kenya,2014,KE2014DHS,CH_DIAT_C_NUM,94096160,D,1000,0,Total,Total,14000,Three years preceding the survey,1,0,CHDIATCNUM,,2014,DHS,,2327,,,
KEN,605678,Number of children born in the last five (or three) years,2844,0,KE,Kenya,2014,KE2014DHS,CH_DIAT_C_NUM,94096160,D,1000,0,Total,Total,14001,Five years preceding the survey,1,1,CHDIATCNUM,,2014,DHS,,2953,,,
KEN,199162,Number of children born in the last five (or three) years (unweighted),2327,0,KE,Kenya,2014,KE2014DHS,CH_DIAT_C_UNW,94096170,U,1000,0,Total,Total,14000,Three years preceding the survey,1,0,CHDIATCUNW,,2014,DHS,2237,,,,
KEN,289479,Number of children born in the last five (or three) years (unweighted),2953,0,KE,Kenya,2014,KE2014DHS,CH_DIAT_C_UNW,94096170,U,1000,0,Total,Total,14001,Five years preceding the survey,1,1,CHDIATCUNW,,2014,DHS,2844,,,,
KEN,171634,Children under 5 with fever for whom advice or treatment was sought from a public sector facility,50.1,1,KE,Kenya,2014,KE2014DHS,ML_FEVS_C_PUB,125006010,I,1000,0,Total,Total,0,,1,1,MLFEVSCPUB,,2014,DHS,4562,4764,,,
KEN,171635,Children under 5 with fever for whom advice or treatment was sought from a government hospital ,11.9,1,KE,Kenya,2014,KE2014DHS,ML_FEVS_C_GHS,125006020,I,1000,0,Total,Total,0,,1,1,MLFEVSCGHS,,2014,DHS,4562,4764,,,
KEN,171637,Children under 5 with fever for whom advice or treatment was sought from a government health center ,15.2,1,KE,Kenya,2014,KE2014DHS,ML_FEVS_C_GHC,125006030,I,1000,0,Total,Total,0,,1,1,MLFEVSCGHC,,2014,DHS,4562,4764,,,
KEN,171642,Children under 5 with fever for whom advice or treatment was sought from a government health post ,23.7,1,KE,Kenya,2014,KE2014DHS,ML_FEVS_C_GHP,125006040,I,1000,0,Total,Total,0,,1,1,MLFEVSCGHP,,2014,DHS,4562,4764,,,
KEN,171638,Children under 5 with fever for whom advice or treatment was sought from another type of public sector facility,0,1,KE,Kenya,2014,KE2014DHS,ML_FEVS_C_GOT,125006070,I,1000,0,Total,Total,0,,1,1,MLFEVSCGOT,,2014,DHS,4562,4764,,,
KEN,171649,Children under 5 with fever for whom advice or treatment was sought from a private sector facility,20.2,1,KE,Kenya,2014,KE2014DHS,ML_FEVS_C_PRV,125006080,I,1000,0,Total,Total,0,,1,1,MLFEVSCPRV,,2014,DHS,4562,4764,,,
KEN,171650,Children under 5 with fever for whom advice or treatment was sought from a private hospital/clinic,11.9,1,KE,Kenya,2014,KE2014DHS,ML_FEVS_C_PHS,125006090,I,1000,0,Total,Total,0,,1,1,MLFEVSCPHS,,2014,DHS,4562,4764,,,
KEN,171652,Children under 5 with fever for whom advice or treatment was sought from a pharmacy,7.8,1,KE,Kenya,2014,KE2014DHS,ML_FEVS_C_PPH,125006100,I,1000,0,Total,Total,0,,1,1,MLFEVSCPPH,,2014,DHS,4562,4764,,,
KEN,171643,Children under 5 with fever for whom advice or treatment was sought from a fieldworker,0.3,1,KE,Kenya,2014,KE2014DHS,ML_FEVS_C_PFW,125006130,I,1000,0,Total,Total,0,,1,1,MLFEVSCPFW,,2014,DHS,4562,4764,,,
KEN,171639,Children under 5 with fever for whom advice or treatment was sought from another private medical sector facility,0.3,1,KE,Kenya,2014,KE2014DHS,ML_FEVS_C_POT,125006140,I,1000,0,Total,Total,0,,1,1,MLFEVSCPOT,,2014,DHS,4562,4764,,,
KEN,171644,Children under 5 with fever for whom advice or treatment was sought from another source,2.6,1,KE,Kenya,2014,KE2014DHS,ML_FEVS_C_OSR,125006150,I,1000,0,Total,Total,0,,1,1,MLFEVSCOSR,,2014,DHS,4562,4764,,,
KEN,171636,Children under 5 with fever for whom advice or treatment was sought from a shop,1.6,1,KE,Kenya,2014,KE2014DHS,ML_FEVS_C_SHP,125006160,I,1000,0,Total,Total,0,,1,1,MLFEVSCSHP,,2014,DHS,4562,4764,,,
KEN,171640,Children under 5 with fever for whom advice or treatment was sought from a traditional practitioner,0.5,1,KE,Kenya,2014,KE2014DHS,ML_FEVS_C_TRD,125006170,I,1000,0,Total,Total,0,,1,1,MLFEVSCTRD,,2014,DHS,4562,4764,,,
KEN,171641,Children under 5 with fever for whom advice or treatment was sought from others,0.5,1,KE,Kenya,2014,KE2014DHS,ML_FEVS_C_OTH,125006190,I,1000,0,Total,Total,0,,1,1,MLFEVSCOTH,,2014,DHS,4562,4764,,,
KEN,171645,Number of children under 5 with fever in the two weeks preceding the survey,4562,0,KE,Kenya,2014,KE2014DHS,ML_FEVS_C_NUM,125006200,D,1000,0,Total,Total,0,,1,1,MLFEVSCNUM,,2014,DHS,,4764,,,
KEN,171648,Number of children under 5 with fever in the two weeks preceding the survey (unweighted),4764,0,KE,Kenya,2014,KE2014DHS,ML_FEVS_C_UNW,125006210,U,1000,0,Total,Total,0,,1,1,MLFEVSCUNW,,2014,DHS,4562,,,,
KEN,201966,"Children with fever for whom advice or treatment was sought, the source was a public sector facility",69.1,1,KE,Kenya,2014,KE2014DHS,ML_FEVA_C_PUB,125036010,I,1000,0,Total,Total,0,,1,1,MLFEVACPUB,,2014,DHS,3310,3436,,,
KEN,201961,"Children with fever for whom advice or treatment was sought, the source was a government hospital ",16.4,1,KE,Kenya,2014,KE2014DHS,ML_FEVA_C_GHS,125036020,I,1000,0,Total,Total,0,,1,1,MLFEVACGHS,,2014,DHS,3310,3436,,,
KEN,201967,"Children with fever for whom advice or treatment was sought, the source was a government health center ",20.9,1,KE,Kenya,2014,KE2014DHS,ML_FEVA_C_GHC,125036030,I,1000,0,Total,Total,0,,1,1,MLFEVACGHC,,2014,DHS,3310,3436,,,
KEN,201968,"Children with fever for whom advice or treatment was sought, the source was a government health post ",32.6,1,KE,Kenya,2014,KE2014DHS,ML_FEVA_C_GHP,125036040,I,1000,0,Total,Total,0,,1,1,MLFEVACGHP,,2014,DHS,3310,3436,,,
KEN,201962,"Children with fever for whom advice or treatment was sought, the source was another type of public sector facility",0,1,KE,Kenya,2014,KE2014DHS,ML_FEVA_C_GOT,125036070,I,1000,0,Total,Total,0,,1,1,MLFEVACGOT,,2014,DHS,3310,3436,,,
KEN,201969,"Children with fever for whom advice or treatment was sought, the source was a private sector facility",27.9,1,KE,Kenya,2014,KE2014DHS,ML_FEVA_C_PRV,125036080,I,1000,0,Total,Total,0,,1,1,MLFEVACPRV,,2014,DHS,3310,3436,,,
KEN,201964,"Children with fever for whom advice or treatment was sought, the source was a private hospital/clinic",16.4,1,KE,Kenya,2014,KE2014DHS,ML_FEVA_C_PHS,125036090,I,1000,0,Total,Total,0,,1,1,MLFEVACPHS,,2014,DHS,3310,3436,,,
KEN,201970,"Children with fever for whom advice or treatment was sought, the source was a pharmacy",10.8,1,KE,Kenya,2014,KE2014DHS,ML_FEVA_C_PPH,125036100,I,1000,0,Total,Total,0,,1,1,MLFEVACPPH,,2014,DHS,3310,3436,,,
KEN,201959,"Children with fever for whom advice or treatment was sought, the source was a fieldworker",0.4,1,KE,Kenya,2014,KE2014DHS,ML_FEVA_C_PFW,125036130,I,1000,0,Total,Total,0,,1,1,MLFEVACPFW,,2014,DHS,3310,3436,,,
KEN,201960,"Children with fever for whom advice or treatment was sought, the source was another private medical sector facility",0.4,1,KE,Kenya,2014,KE2014DHS,ML_FEVA_C_POT,125036140,I,1000,0,Total,Total,0,,1,1,MLFEVACPOT,,2014,DHS,3310,3436,,,
KEN,201963,"Children with fever for whom advice or treatment was sought, the source was another source",3.6,1,KE,Kenya,2014,KE2014DHS,ML_FEVA_C_OSR,125036150,I,1000,0,Total,Total,0,,1,1,MLFEVACOSR,,2014,DHS,3310,3436,,,
KEN,201965,"Children with fever for whom advice or treatment was sought, the source was a shop",2.2,1,KE,Kenya,2014,KE2014DHS,ML_FEVA_C_SHP,125036160,I,1000,0,Total,Total,0,,1,1,MLFEVACSHP,,2014,DHS,3310,3436,,,
KEN,201971,"Children with fever for whom advice or treatment was sought, the source was a traditional practitioner",0.6,1,KE,Kenya,2014,KE2014DHS,ML_FEVA_C_TRD,125036170,I,1000,0,Total,Total,0,,1,1,MLFEVACTRD,,2014,DHS,3310,3436,,,
KEN,201973,Children with fever for whom advice or treatment was sought from others,0.7,1,KE,Kenya,2014,KE2014DHS,ML_FEVA_C_OTH,125036190,I,1000,0,Total,Total,0,,1,1,MLFEVACOTH,,2014,DHS,3310,3436,,,
KEN,171658,Number of children under 5 with fever for whom advice of treatment was sought,3310,0,KE,Kenya,2014,KE2014DHS,ML_FEVA_C_NUM,125036200,D,1000,0,Total,Total,0,,1,1,MLFEVACNUM,,2014,DHS,,3436,,,
KEN,201990,Number of children under 5 with fever for whom advice of treatment was sought (unweighted),3436,0,KE,Kenya,2014,KE2014DHS,ML_FEVA_C_UNW,125036210,U,1000,0,Total,Total,0,,1,1,MLFEVACUNW,,2014,DHS,3310,,,,
KEN,763815,Antenatal care provider: Doctor,42.9,1,KE,Kenya,2015,KE2015MIS,RH_ANCP_W_DOC,83363010,I,1000,0,Total,Total,14000,Three years preceding the survey,1,0,RHANCPWDOC,,2015,MIS,1776,1934,,,
KEN,481260,Antenatal care provider: Doctor,45.8,1,KE,Kenya,2015,KE2015MIS,RH_ANCP_W_DOC,83363010,I,1000,0,Total,Total,14001,Five years preceding the survey,1,0,RHANCPWDOC,,2015,MIS,2480,2639,,,
KEN,446504,Antenatal care provider: Doctor,42.1,1,KE,Kenya,2015,KE2015MIS,RH_ANCP_W_DOC,83363010,I,1000,0,Total,Total,14002,Two years preceding the survey,1,1,RHANCPWDOC,,2015,MIS,1268,1385,,,
KEN,763813,Antenatal care provider: Nurse/midwife,51.1,1,KE,Kenya,2015,KE2015MIS,RH_ANCP_W_NRS,83363020,I,1000,0,Total,Total,14000,Three years preceding the survey,1,0,RHANCPWNRS,,2015,MIS,1776,1934,,,
KEN,481261,Antenatal care provider: Nurse/midwife,48.7,1,KE,Kenya,2015,KE2015MIS,RH_ANCP_W_NRS,83363020,I,1000,0,Total,Total,14001,Five years preceding the survey,1,0,RHANCPWNRS,,2015,MIS,2480,2639,,,
KEN,446505,Antenatal care provider: Nurse/midwife,51.5,1,KE,Kenya,2015,KE2015MIS,RH_ANCP_W_NRS,83363020,I,1000,0,Total,Total,14002,Two years preceding the survey,1,1,RHANCPWNRS,,2015,MIS,1268,1385,,,
KEN,763810,Antenatal care provider: Community health worker,0.4,1,KE,Kenya,2015,KE2015MIS,RH_ANCP_W_CHW,83363040,I,1000,0,Total,Total,14000,Three years preceding the survey,1,0,RHANCPWCHW,,2015,MIS,1776,1934,,,
KEN,481263,Antenatal care provider: Community health worker,0.4,1,KE,Kenya,2015,KE2015MIS,RH_ANCP_W_CHW,83363040,I,1000,0,Total,Total,14001,Five years preceding the survey,1,0,RHANCPWCHW,,2015,MIS,2480,2639,,,
KEN,446506,Antenatal care provider: Community health worker,0.4,1,KE,Kenya,2015,KE2015MIS,RH_ANCP_W_CHW,83363040,I,1000,0,Total,Total,14002,Two years preceding the survey,1,1,RHANCPWCHW,,2015,MIS,1268,1385,,,
KEN,763812,Antenatal care provider: Traditional birth attendant,0.3,1,KE,Kenya,2015,KE2015MIS,RH_ANCP_W_TBA,83363070,I,1000,0,Total,Total,14000,Three years preceding the survey,1,0,RHANCPWTBA,,2015,MIS,1776,1934,,,
KEN,481264,Antenatal care provider: Traditional birth attendant,0.3,1,KE,Kenya,2015,KE2015MIS,RH_ANCP_W_TBA,83363070,I,1000,0,Total,Total,14001,Five years preceding the survey,1,0,RHANCPWTBA,,2015,MIS,2480,2639,,,
KEN,446508,Antenatal care provider: Traditional birth attendant,0.4,1,KE,Kenya,2015,KE2015MIS,RH_ANCP_W_TBA,83363070,I,1000,0,Total,Total,14002,Two years preceding the survey,1,1,RHANCPWTBA,,2015,MIS,1268,1385,,,
KEN,763816,Antenatal care provider: Other,0.1,1,KE,Kenya,2015,KE2015MIS,RH_ANCP_W_OTH,83363080,I,1000,0,Total,Total,14000,Three years preceding the survey,1,0,RHANCPWOTH,,2015,MIS,1776,1934,,,
KEN,481265,Antenatal care provider: Other,0.1,1,KE,Kenya,2015,KE2015MIS,RH_ANCP_W_OTH,83363080,I,1000,0,Total,Total,14001,Five years preceding the survey,1,0,RHANCPWOTH,,2015,MIS,2480,2639,,,
KEN,446509,Antenatal care provider: Other,0.1,1,KE,Kenya,2015,KE2015MIS,RH_ANCP_W_OTH,83363080,I,1000,0,Total,Total,14002,Two years preceding the survey,1,1,RHANCPWOTH,,2015,MIS,1268,1385,,,
KEN,763817,No antenatal care,5.1,1,KE,Kenya,2015,KE2015MIS,RH_ANCP_W_NON,83363100,I,1000,0,Total,Total,14000,Three years preceding the survey,1,0,RHANCPWNON,,2015,MIS,1776,1934,,,
KEN,481266,No antenatal care,4.6,1,KE,Kenya,2015,KE2015MIS,RH_ANCP_W_NON,83363100,I,1000,0,Total,Total,14001,Five years preceding the survey,1,0,RHANCPWNON,,2015,MIS,2480,2639,,,
KEN,446510,No antenatal care,5.5,1,KE,Kenya,2015,KE2015MIS,RH_ANCP_W_NON,83363100,I,1000,0,Total,Total,14002,Two years preceding the survey,1,1,RHANCPWNON,,2015,MIS,1268,1385,,,
KEN,763814,Antenatal care: Total,100,1,KE,Kenya,2015,KE2015MIS,RH_ANCP_W_TOT,83363110,T,1000,0,Total,Total,14000,Three years preceding the survey,1,0,RHANCPWTOT,,2015,MIS,1776,1934,,,
KEN,481267,Antenatal care: Total,100,1,KE,Kenya,2015,KE2015MIS,RH_ANCP_W_TOT,83363110,T,1000,0,Total,Total,14001,Five years preceding the survey,1,0,RHANCPWTOT,,2015,MIS,2480,2639,,,
KEN,446511,Antenatal care: Total,100,1,KE,Kenya,2015,KE2015MIS,RH_ANCP_W_TOT,83363110,T,1000,0,Total,Total,14002,Two years preceding the survey,1,1,RHANCPWTOT,,2015,MIS,1268,1385,,,
KEN,763811,Antenatal care from a skilled provider,94,1,KE,Kenya,2015,KE2015MIS,RH_ANCP_W_SKP,83363120,I,1000,0,Total,Total,14000,Three years preceding the survey,1,0,RHANCPWSKP,,2015,MIS,1776,1934,,,
KEN,481262,Antenatal care from a skilled provider,94.5,1,KE,Kenya,2015,KE2015MIS,RH_ANCP_W_SKP,83363120,I,1000,0,Total,Total,14001,Five years preceding the survey,1,0,RHANCPWSKP,,2015,MIS,2480,2639,,,
KEN,446507,Antenatal care from a skilled provider,93.7,1,KE,Kenya,2015,KE2015MIS,RH_ANCP_W_SKP,83363120,I,1000,0,Total,Total,14002,Two years preceding the survey,1,1,RHANCPWSKP,,2015,MIS,1268,1385,,,
KEN,764061,Number of women with a live birth (or stillbirth) in the last two (or three/five) years,1776,0,KE,Kenya,2015,KE2015MIS,RH_ANCP_W_NUM,83363130,D,1000,0,Total,Total,14000,Three years preceding the survey,1,0,RHANCPWNUM,,2015,MIS,,1934,,,
KEN,484990,Number of women with a live birth (or stillbirth) in the last two (or three/five) years,2480,0,KE,Kenya,2015,KE2015MIS,RH_ANCP_W_NUM,83363130,D,1000,0,Total,Total,14001,Five years preceding the survey,1,0,RHANCPWNUM,,2015,MIS,,2639,,,
KEN,449293,Number of women with a live birth (or stillbirth) in the last two (or three/five) years,1268,0,KE,Kenya,2015,KE2015MIS,RH_ANCP_W_NUM,83363130,D,1000,0,Total,Total,14002,Two years preceding the survey,1,1,RHANCPWNUM,,2015,MIS,,1385,,,
KEN,191413,Number of women with a live birth (or stillbirth) in the last two (or three/five) years (unweighted),1934,0,KE,Kenya,2015,KE2015MIS,RH_ANCP_W_UNW,83363140,U,1000,0,Total,Total,14000,Three years preceding the survey,1,0,RHANCPWUNW,,2015,MIS,1776,,,,
KEN,265504,Number of women with a live birth (or stillbirth) in the last two (or three/five) years (unweighted),2639,0,KE,Kenya,2015,KE2015MIS,RH_ANCP_W_UNW,83363140,U,1000,0,Total,Total,14001,Five years preceding the survey,1,0,RHANCPWUNW,,2015,MIS,2480,,,,
KEN,225384,Number of women with a live birth (or stillbirth) in the last two (or three/five) years (unweighted),1385,0,KE,Kenya,2015,KE2015MIS,RH_ANCP_W_UNW,83363140,U,1000,0,Total,Total,14002,Two years preceding the survey,1,1,RHANCPWUNW,,2015,MIS,1268,,,,
KEN,648538,Children with fever for whom advice or treatment was sought,73.6,1,KE,Kenya,2015,KE2015MIS,CH_FEVT_C_ADV,94036010,I,1000,0,Total,Total,14000,Three years preceding the survey,1,0,CHFEVTCADV,,2015,MIS,722,820,,,
KEN,570102,Children with fever for whom advice or treatment was sought,72.4,1,KE,Kenya,2015,KE2015MIS,CH_FEVT_C_ADV,94036010,I,1000,0,Total,Total,14001,Five years preceding the survey,1,1,CHFEVTCADV,,2015,MIS,1144,1290,,,
KEN,648540,Child took antimalarial drugs for fever,24.3,1,KE,Kenya,2015,KE2015MIS,CH_FEVT_C_AML,94036020,I,1000,0,Total,Total,14000,Three years preceding the survey,1,0,CHFEVTCAML,,2015,MIS,722,820,,,
KEN,570104,Child took antimalarial drugs for fever,27.1,1,KE,Kenya,2015,KE2015MIS,CH_FEVT_C_AML,94036020,I,1000,0,Total,Total,14001,Five years preceding the survey,1,1,CHFEVTCAML,,2015,MIS,1144,1290,,,
KEN,648539,Child took antibiotic drugs for fever,38.9,1,KE,Kenya,2015,KE2015MIS,CH_FEVT_C_ABI,94036030,I,1000,0,Total,Total,14000,Three years preceding the survey,1,0,CHFEVTCABI,,2015,MIS,722,820,,,
KEN,570103,Child took antibiotic drugs for fever,36.1,1,KE,Kenya,2015,KE2015MIS,CH_FEVT_C_ABI,94036030,I,1000,0,Total,Total,14001,Five years preceding the survey,1,1,CHFEVTCABI,,2015,MIS,1144,1290,,,
KEN,656433,Number of children with fever in the last two weeks,722,0,KE,Kenya,2015,KE2015MIS,CH_FEVT_C_NUM,94036040,D,1000,0,Total,Total,14000,Three years preceding the survey,1,0,CHFEVTCNUM,,2015,MIS,,820,,,
KEN,577784,Number of children with fever in the last two weeks,1144,0,KE,Kenya,2015,KE2015MIS,CH_FEVT_C_NUM,94036040,D,1000,0,Total,Total,14001,Five years preceding the survey,1,1,CHFEVTCNUM,,2015,MIS,,1290,,,
KEN,317391,Number of children with fever in the last two weeks (unweighted),820,0,KE,Kenya,2015,KE2015MIS,CH_FEVT_C_UNW,94036050,U,1000,0,Total,Total,14000,Three years preceding the survey,1,0,CHFEVTCUNW,,2015,MIS,722,,,,
KEN,287880,Number of children with fever in the last two weeks (unweighted),1290,0,KE,Kenya,2015,KE2015MIS,CH_FEVT_C_UNW,94036050,U,1000,0,Total,Total,14001,Five years preceding the survey,1,1,CHFEVTCUNW,,2015,MIS,1144,,,,
KEN,636940,Children under 5 with fever for whom advice or treatment was sought from a public sector facility,50.5,1,KE,Kenya,2015,KE2015MIS,ML_FEVS_C_PUB,125006010,I,1000,0,Total,Total,0,,1,1,MLFEVSCPUB,,2015,MIS,1144,1290,,,
KEN,636941,Children under 5 with fever for whom advice or treatment was sought from a government hospital ,15.2,1,KE,Kenya,2015,KE2015MIS,ML_FEVS_C_GHS,125006020,I,1000,0,Total,Total,0,,1,1,MLFEVSCGHS,,2015,MIS,1144,1290,,,
KEN,636937,Children under 5 with fever for whom advice or treatment was sought from a government health center ,11.8,1,KE,Kenya,2015,KE2015MIS,ML_FEVS_C_GHC,125006030,I,1000,0,Total,Total,0,,1,1,MLFEVSCGHC,,2015,MIS,1144,1290,,,
KEN,636938,Children under 5 with fever for whom advice or treatment was sought from another type of public sector facility,24.5,1,KE,Kenya,2015,KE2015MIS,ML_FEVS_C_GOT,125006070,I,1000,0,Total,Total,0,,1,1,MLFEVSCGOT,,2015,MIS,1144,1290,,,
KEN,636892,Children under 5 with fever for whom advice or treatment was sought from a private sector facility,21,1,KE,Kenya,2015,KE2015MIS,ML_FEVS_C_PRV,125006080,I,1000,0,Total,Total,0,,1,1,MLFEVSCPRV,,2015,MIS,1144,1290,,,
KEN,636893,Children under 5 with fever for whom advice or treatment was sought from a private hospital/clinic,15.2,1,KE,Kenya,2015,KE2015MIS,ML_FEVS_C_PHS,125006090,I,1000,0,Total,Total,0,,1,1,MLFEVSCPHS,,2015,MIS,1144,1290,,,
KEN,636912,Children under 5 with fever for whom advice or treatment was sought from a pharmacy,4.8,1,KE,Kenya,2015,KE2015MIS,ML_FEVS_C_PPH,125006100,I,1000,0,Total,Total,0,,1,1,MLFEVSCPPH,,2015,MIS,1144,1290,,,
KEN,636939,Children under 5 with fever for whom advice or treatment was sought from a mobile clinic,0.1,1,KE,Kenya,2015,KE2015MIS,ML_FEVS_C_PMC,125006120,I,1000,0,Total,Total,0,,1,1,MLFEVSCPMC,,2015,MIS,1144,1290,,,
KEN,636890,Children under 5 with fever for whom advice or treatment was sought from a fieldworker,0.9,1,KE,Kenya,2015,KE2015MIS,ML_FEVS_C_PFW,125006130,I,1000,0,Total,Total,0,,1,1,MLFEVSCPFW,,2015,MIS,1144,1290,,,
KEN,636891,Children under 5 with fever for whom advice or treatment was sought from another source,2.8,1,KE,Kenya,2015,KE2015MIS,ML_FEVS_C_OSR,125006150,I,1000,0,Total,Total,0,,1,1,MLFEVSCOSR,,2015,MIS,1144,1290,,,
KEN,636950,Children under 5 with fever for whom advice or treatment was sought from a shop,1.8,1,KE,Kenya,2015,KE2015MIS,ML_FEVS_C_SHP,125006160,I,1000,0,Total,Total,0,,1,1,MLFEVSCSHP,,2015,MIS,1144,1290,,,
KEN,636888,Children under 5 with fever for whom advice or treatment was sought from a traditional practitioner,0.2,1,KE,Kenya,2015,KE2015MIS,ML_FEVS_C_TRD,125006170,I,1000,0,Total,Total,0,,1,1,MLFEVSCTRD,,2015,MIS,1144,1290,,,
KEN,636889,Children under 5 with fever for whom advice or treatment was sought from others,0.7,1,KE,Kenya,2015,KE2015MIS,ML_FEVS_C_OTH,125006190,I,1000,0,Total,Total,0,,1,1,MLFEVSCOTH,,2015,MIS,1144,1290,,,
KEN,637847,Number of children under 5 with fever in the two weeks preceding the survey,1144,0,KE,Kenya,2015,KE2015MIS,ML_FEVS_C_NUM,125006200,D,1000,0,Total,Total,0,,1,1,MLFEVSCNUM,,2015,MIS,,1290,,,
KEN,191169,Number of children under 5 with fever in the two weeks preceding the survey (unweighted),1290,0,KE,Kenya,2015,KE2015MIS,ML_FEVS_C_UNW,125006210,U,1000,0,Total,Total,0,,1,1,MLFEVSCUNW,,2015,MIS,1144,,,,
KEN,360740,"Children with fever for whom advice or treatment was sought, the source was a public sector facility",69.6,1,KE,Kenya,2015,KE2015MIS,ML_FEVA_C_PUB,125036010,I,1000,0,Total,Total,0,,1,1,MLFEVACPUB,,2015,MIS,831,917,,,
KEN,360736,"Children with fever for whom advice or treatment was sought, the source was a government hospital ",20.9,1,KE,Kenya,2015,KE2015MIS,ML_FEVA_C_GHS,125036020,I,1000,0,Total,Total,0,,1,1,MLFEVACGHS,,2015,MIS,831,917,,,
KEN,360739,"Children with fever for whom advice or treatment was sought, the source was a government health center ",16.2,1,KE,Kenya,2015,KE2015MIS,ML_FEVA_C_GHC,125036030,I,1000,0,Total,Total,0,,1,1,MLFEVACGHC,,2015,MIS,831,917,,,
KEN,360737,"Children with fever for whom advice or treatment was sought, the source was another type of public sector facility",33.7,1,KE,Kenya,2015,KE2015MIS,ML_FEVA_C_GOT,125036070,I,1000,0,Total,Total,0,,1,1,MLFEVACGOT,,2015,MIS,831,917,,,
KEN,360741,"Children with fever for whom advice or treatment was sought, the source was a private sector facility",28.9,1,KE,Kenya,2015,KE2015MIS,ML_FEVA_C_PRV,125036080,I,1000,0,Total,Total,0,,1,1,MLFEVACPRV,,2015,MIS,831,917,,,
KEN,360738,"Children with fever for whom advice or treatment was sought, the source was a private hospital/clinic",20.9,1,KE,Kenya,2015,KE2015MIS,ML_FEVA_C_PHS,125036090,I,1000,0,Total,Total,0,,1,1,MLFEVACPHS,,2015,MIS,831,917,,,
KEN,360742,"Children with fever for whom advice or treatment was sought, the source was a pharmacy",6.6,1,KE,Kenya,2015,KE2015MIS,ML_FEVA_C_PPH,125036100,I,1000,0,Total,Total,0,,1,1,MLFEVACPPH,,2015,MIS,831,917,,,
KEN,360745,"Children with fever for whom advice or treatment was sought, the source was a mobile clinic",0.2,1,KE,Kenya,2015,KE2015MIS,ML_FEVA_C_PMC,125036120,I,1000,0,Total,Total,0,,1,1,MLFEVACPMC,,2015,MIS,831,917,,,
KEN,360746,"Children with fever for whom advice or treatment was sought, the source was a fieldworker",1.2,1,KE,Kenya,2015,KE2015MIS,ML_FEVA_C_PFW,125036130,I,1000,0,Total,Total,0,,1,1,MLFEVACPFW,,2015,MIS,831,917,,,
KEN,360747,"Children with fever for whom advice or treatment was sought, the source was another source",3.8,1,KE,Kenya,2015,KE2015MIS,ML_FEVA_C_OSR,125036150,I,1000,0,Total,Total,0,,1,1,MLFEVACOSR,,2015,MIS,831,917,,,
KEN,360748,"Children with fever for whom advice or treatment was sought, the source was a shop",2.5,1,KE,Kenya,2015,KE2015MIS,ML_FEVA_C_SHP,125036160,I,1000,0,Total,Total,0,,1,1,MLFEVACSHP,,2015,MIS,831,917,,,
KEN,360743,"Children with fever for whom advice or treatment was sought, the source was a traditional practitioner",0.3,1,KE,Kenya,2015,KE2015MIS,ML_FEVA_C_TRD,125036170,I,1000,0,Total,Total,0,,1,1,MLFEVACTRD,,2015,MIS,831,917,,,
KEN,360744,Children with fever for whom advice or treatment was sought from others,1,1,KE,Kenya,2015,KE2015MIS,ML_FEVA_C_OTH,125036190,I,1000,0,Total,Total,0,,1,1,MLFEVACOTH,,2015,MIS,831,917,,,
KEN,171771,Number of children under 5 with fever for whom advice of treatment was sought,831,0,KE,Kenya,2015,KE2015MIS,ML_FEVA_C_NUM,125036200,D,1000,0,Total,Total,0,,1,1,MLFEVACNUM,,2015,MIS,,917,,,
KEN,360753,Number of children under 5 with fever for whom advice of treatment was sought (unweighted),917,0,KE,Kenya,2015,KE2015MIS,ML_FEVA_C_UNW,125036210,U,1000,0,Total,Total,0,,1,1,MLFEVACUNW,,2015,MIS,831,,,,
KEN,596888,Antenatal care provider: Doctor,92.9,1,KE,Kenya,2020,KE2020MIS,RH_ANCP_W_DOC,83363010,I,1000,0,Total,Total,14000,Three years preceding the survey,1,0,RHANCPWDOC,,2020,MIS,1931,2064,,,
KEN,164808,Antenatal care provider: Doctor,92.8,1,KE,Kenya,2020,KE2020MIS,RH_ANCP_W_DOC,83363010,I,1000,0,Total,Total,14002,Two years preceding the survey,1,1,RHANCPWDOC,,2020,MIS,1363,1481,,,
KEN,596885,Antenatal care provider: Community health worker,2.9,1,KE,Kenya,2020,KE2020MIS,RH_ANCP_W_CHW,83363040,I,1000,0,Total,Total,14000,Three years preceding the survey,1,0,RHANCPWCHW,,2020,MIS,1931,2064,,,
KEN,164811,Antenatal care provider: Community health worker,2.7,1,KE,Kenya,2020,KE2020MIS,RH_ANCP_W_CHW,83363040,I,1000,0,Total,Total,14002,Two years preceding the survey,1,1,RHANCPWCHW,,2020,MIS,1363,1481,,,
KEN,596886,Antenatal care provider: Traditional birth attendant,0.1,1,KE,Kenya,2020,KE2020MIS,RH_ANCP_W_TBA,83363070,I,1000,0,Total,Total,14000,Three years preceding the survey,1,0,RHANCPWTBA,,2020,MIS,1931,2064,,,
KEN,164812,Antenatal care provider: Traditional birth attendant,0.1,1,KE,Kenya,2020,KE2020MIS,RH_ANCP_W_TBA,83363070,I,1000,0,Total,Total,14002,Two years preceding the survey,1,1,RHANCPWTBA,,2020,MIS,1363,1481,,,
KEN,596889,No antenatal care,4.1,1,KE,Kenya,2020,KE2020MIS,RH_ANCP_W_NON,83363100,I,1000,0,Total,Total,14000,Three years preceding the survey,1,0,RHANCPWNON,,2020,MIS,1931,2064,,,
KEN,164809,No antenatal care,4.4,1,KE,Kenya,2020,KE2020MIS,RH_ANCP_W_NON,83363100,I,1000,0,Total,Total,14002,Two years preceding the survey,1,1,RHANCPWNON,,2020,MIS,1363,1481,,,
KEN,596890,Antenatal care: Total,100,1,KE,Kenya,2020,KE2020MIS,RH_ANCP_W_TOT,83363110,T,1000,0,Total,Total,14000,Three years preceding the survey,1,0,RHANCPWTOT,,2020,MIS,1931,2064,,,
KEN,164810,Antenatal care: Total,100,1,KE,Kenya,2020,KE2020MIS,RH_ANCP_W_TOT,83363110,T,1000,0,Total,Total,14002,Two years preceding the survey,1,1,RHANCPWTOT,,2020,MIS,1363,1481,,,
KEN,596887,Antenatal care from a skilled provider,92.9,1,KE,Kenya,2020,KE2020MIS,RH_ANCP_W_SKP,83363120,I,1000,0,Total,Total,14000,Three years preceding the survey,1,0,RHANCPWSKP,,2020,MIS,1931,2064,,,
KEN,164805,Antenatal care from a skilled provider,92.8,1,KE,Kenya,2020,KE2020MIS,RH_ANCP_W_SKP,83363120,I,1000,0,Total,Total,14002,Two years preceding the survey,1,1,RHANCPWSKP,,2020,MIS,1363,1481,,,
KEN,601588,Number of women with a live birth (or stillbirth) in the last two (or three/five) years,1931,0,KE,Kenya,2020,KE2020MIS,RH_ANCP_W_NUM,83363130,D,1000,0,Total,Total,14000,Three years preceding the survey,1,0,RHANCPWNUM,,2020,MIS,,2064,,,
KEN,164816,Number of women with a live birth (or stillbirth) in the last two (or three/five) years,1363,0,KE,Kenya,2020,KE2020MIS,RH_ANCP_W_NUM,83363130,D,1000,0,Total,Total,14002,Two years preceding the survey,1,1,RHANCPWNUM,,2020,MIS,,1481,,,
KEN,344687,Number of women with a live birth (or stillbirth) in the last two (or three/five) years (unweighted),2064,0,KE,Kenya,2020,KE2020MIS,RH_ANCP_W_UNW,83363140,U,1000,0,Total,Total,14000,Three years preceding the survey,1,0,RHANCPWUNW,,2020,MIS,1931,,,,
KEN,164807,Number of women with a live birth (or stillbirth) in the last two (or three/five) years (unweighted),1481,0,KE,Kenya,2020,KE2020MIS,RH_ANCP_W_UNW,83363140,U,1000,0,Total,Total,14002,Two years preceding the survey,1,1,RHANCPWUNW,,2020,MIS,1363,,,,
KEN,597421,Children with fever for whom advice or treatment was sought,61.3,1,KE,Kenya,2020,KE2020MIS,CH_FEVT_C_ADV,94036010,I,1000,0,Total,Total,14000,Three years preceding the survey,1,0,CHFEVTCADV,,2020,MIS,397,524,,,
KEN,469306,Children with fever for whom advice or treatment was sought,63.6,1,KE,Kenya,2020,KE2020MIS,CH_FEVT_C_ADV,94036010,I,1000,0,Total,Total,14001,Five years preceding the survey,1,1,CHFEVTCADV,,2020,MIS,562,745,,,
KEN,597420,Child took antimalarial drugs for fever,18.4,1,KE,Kenya,2020,KE2020MIS,CH_FEVT_C_AML,94036020,I,1000,0,Total,Total,14000,Three years preceding the survey,1,0,CHFEVTCAML,,2020,MIS,397,524,,,
KEN,469326,Child took antimalarial drugs for fever,20.2,1,KE,Kenya,2020,KE2020MIS,CH_FEVT_C_AML,94036020,I,1000,0,Total,Total,14001,Five years preceding the survey,1,1,CHFEVTCAML,,2020,MIS,562,745,,,
KEN,597418,Child took antibiotic drugs for fever,15.6,1,KE,Kenya,2020,KE2020MIS,CH_FEVT_C_ABI,94036030,I,1000,0,Total,Total,14000,Three years preceding the survey,1,0,CHFEVTCABI,,2020,MIS,397,524,,,
KEN,469324,Child took antibiotic drugs for fever,13.1,1,KE,Kenya,2020,KE2020MIS,CH_FEVT_C_ABI,94036030,I,1000,0,Total,Total,14001,Five years preceding the survey,1,1,CHFEVTCABI,,2020,MIS,562,745,,,
KEN,602174,Number of children with fever in the last two weeks,397,0,KE,Kenya,2020,KE2020MIS,CH_FEVT_C_NUM,94036040,D,1000,0,Total,Total,14000,Three years preceding the survey,1,0,CHFEVTCNUM,,2020,MIS,,524,,,
KEN,469325,Number of children with fever in the last two weeks,562,0,KE,Kenya,2020,KE2020MIS,CH_FEVT_C_NUM,94036040,D,1000,0,Total,Total,14001,Five years preceding the survey,1,1,CHFEVTCNUM,,2020,MIS,,745,,,
KEN,337303,Number of children with fever in the last two weeks (unweighted),524,0,KE,Kenya,2020,KE2020MIS,CH_FEVT_C_UNW,94036050,U,1000,0,Total,Total,14000,Three years preceding the survey,1,0,CHFEVTCUNW,,2020,MIS,397,,,,
KEN,152084,Number of children with fever in the last two weeks (unweighted),745,0,KE,Kenya,2020,KE2020MIS,CH_FEVT_C_UNW,94036050,U,1000,0,Total,Total,14001,Five years preceding the survey,1,1,CHFEVTCUNW,,2020,MIS,562,,,,
KEN,618870,Children under 5 with fever for whom advice or treatment was sought from a public sector facility,43.5,1,KE,Kenya,2020,KE2020MIS,ML_FEVS_C_PUB,125006010,I,1000,0,Total,Total,0,,1,1,MLFEVSCPUB,,2020,MIS,562,745,,,
KEN,618871,Children under 5 with fever for whom advice or treatment was sought from a government hospital ,15.7,1,KE,Kenya,2020,KE2020MIS,ML_FEVS_C_GHS,125006020,I,1000,0,Total,Total,0,,1,1,MLFEVSCGHS,,2020,MIS,562,745,,,
KEN,618867,Children under 5 with fever for whom advice or treatment was sought from a government health center ,11,1,KE,Kenya,2020,KE2020MIS,ML_FEVS_C_GHC,125006030,I,1000,0,Total,Total,0,,1,1,MLFEVSCGHC,,2020,MIS,562,745,,,
KEN,618872,Children under 5 with fever for whom advice or treatment was sought from a mobile clinic ,0.1,1,KE,Kenya,2020,KE2020MIS,ML_FEVS_C_GMC,125006050,I,1000,0,Total,Total,0,,1,1,MLFEVSCGMC,,2020,MIS,562,745,,,
KEN,618874,Children under 5 with fever for whom advice or treatment was sought from a fieldworker ,0.1,1,KE,Kenya,2020,KE2020MIS,ML_FEVS_C_GFW,125006060,I,1000,0,Total,Total,0,,1,1,MLFEVSCGFW,,2020,MIS,562,745,,,
KEN,618873,Children under 5 with fever for whom advice or treatment was sought from another type of public sector facility,17.7,1,KE,Kenya,2020,KE2020MIS,ML_FEVS_C_GOT,125006070,I,1000,0,Total,Total,0,,1,1,MLFEVSCGOT,,2020,MIS,562,745,,,
KEN,618868,Children under 5 with fever for whom advice or treatment was sought from a private sector facility,20.3,1,KE,Kenya,2020,KE2020MIS,ML_FEVS_C_PRV,125006080,I,1000,0,Total,Total,0,,1,1,MLFEVSCPRV,,2020,MIS,562,745,,,
KEN,618869,Children under 5 with fever for whom advice or treatment was sought from a private hospital/clinic,8.9,1,KE,Kenya,2020,KE2020MIS,ML_FEVS_C_PHS,125006090,I,1000,0,Total,Total,0,,1,1,MLFEVSCPHS,,2020,MIS,562,745,,,
KEN,618877,Children under 5 with fever for whom advice or treatment was sought from a pharmacy,11.4,1,KE,Kenya,2020,KE2020MIS,ML_FEVS_C_PPH,125006100,I,1000,0,Total,Total,0,,1,1,MLFEVSCPPH,,2020,MIS,562,745,,,
KEN,618878,Children under 5 with fever for whom advice or treatment was sought from a private doctor,0.4,1,KE,Kenya,2020,KE2020MIS,ML_FEVS_C_PDR,125006110,I,1000,0,Total,Total,0,,1,1,MLFEVSCPDR,,2020,MIS,562,745,,,
KEN,618875,Children under 5 with fever for whom advice or treatment was sought from a mobile clinic,3.5,1,KE,Kenya,2020,KE2020MIS,ML_FEVS_C_PMC,125006120,I,1000,0,Total,Total,0,,1,1,MLFEVSCPMC,,2020,MIS,562,745,,,
KEN,618876,Children under 5 with fever for whom advice or treatment was sought from another private medical sector facility,0,1,KE,Kenya,2020,KE2020MIS,ML_FEVS_C_POT,125006140,I,1000,0,Total,Total,0,,1,1,MLFEVSCPOT,,2020,MIS,562,745,,,
KEN,618882,Children under 5 with fever for whom advice or treatment was sought from another source,1,1,KE,Kenya,2020,KE2020MIS,ML_FEVS_C_OSR,125006150,I,1000,0,Total,Total,0,,1,1,MLFEVSCOSR,,2020,MIS,562,745,,,
KEN,618879,Children under 5 with fever for whom advice or treatment was sought from a shop,0.8,1,KE,Kenya,2020,KE2020MIS,ML_FEVS_C_SHP,125006160,I,1000,0,Total,Total,0,,1,1,MLFEVSCSHP,,2020,MIS,562,745,,,
KEN,618880,Children under 5 with fever for whom advice or treatment was sought from a traditional practitioner,0.2,1,KE,Kenya,2020,KE2020MIS,ML_FEVS_C_TRD,125006170,I,1000,0,Total,Total,0,,1,1,MLFEVSCTRD,,2020,MIS,562,745,,,
KEN,618881,Children under 5 with fever for whom advice or treatment was sought from others,0,1,KE,Kenya,2020,KE2020MIS,ML_FEVS_C_OTH,125006190,I,1000,0,Total,Total,0,,1,1,MLFEVSCOTH,,2020,MIS,562,745,,,
KEN,622003,Number of children under 5 with fever in the two weeks preceding the survey,562,0,KE,Kenya,2020,KE2020MIS,ML_FEVS_C_NUM,125006200,D,1000,0,Total,Total,0,,1,1,MLFEVSCNUM,,2020,MIS,,745,,,
KEN,279536,Number of children under 5 with fever in the two weeks preceding the survey (unweighted),745,0,KE,Kenya,2020,KE2020MIS,ML_FEVS_C_UNW,125006210,U,1000,0,Total,Total,0,,1,1,MLFEVSCUNW,,2020,MIS,562,,,,
KEN,611159,"Children with fever for whom advice or treatment was sought, the source was a public sector facility",68.1,1,KE,Kenya,2020,KE2020MIS,ML_FEVA_C_PUB,125036010,I,1000,0,Total,Total,0,,1,1,MLFEVACPUB,,2020,MIS,359,457,,,
KEN,611151,"Children with fever for whom advice or treatment was sought, the source was a government hospital ",24.6,1,KE,Kenya,2020,KE2020MIS,ML_FEVA_C_GHS,125036020,I,1000,0,Total,Total,0,,1,1,MLFEVACGHS,,2020,MIS,359,457,,,
KEN,611153,"Children with fever for whom advice or treatment was sought, the source was a government health center ",17.3,1,KE,Kenya,2020,KE2020MIS,ML_FEVA_C_GHC,125036030,I,1000,0,Total,Total,0,,1,1,MLFEVACGHC,,2020,MIS,359,457,,,
KEN,611154,"Children with fever for whom advice or treatment was sought, the source was a mobile clinic ",0.2,1,KE,Kenya,2020,KE2020MIS,ML_FEVA_C_GMC,125036050,I,1000,0,Total,Total,0,,1,1,MLFEVACGMC,,2020,MIS,359,457,,,
KEN,611155,"Children with fever for whom advice or treatment was sought, the source was a fieldworker ",0.1,1,KE,Kenya,2020,KE2020MIS,ML_FEVA_C_GFW,125036060,I,1000,0,Total,Total,0,,1,1,MLFEVACGFW,,2020,MIS,359,457,,,
KEN,611152,"Children with fever for whom advice or treatment was sought, the source was another type of public sector facility",27.7,1,KE,Kenya,2020,KE2020MIS,ML_FEVA_C_GOT,125036070,I,1000,0,Total,Total,0,,1,1,MLFEVACGOT,,2020,MIS,359,457,,,
KEN,611160,"Children with fever for whom advice or treatment was sought, the source was a private sector facility",31.8,1,KE,Kenya,2020,KE2020MIS,ML_FEVA_C_PRV,125036080,I,1000,0,Total,Total,0,,1,1,MLFEVACPRV,,2020,MIS,359,457,,,
KEN,611166,"Children with fever for whom advice or treatment was sought, the source was a private hospital/clinic",13.9,1,KE,Kenya,2020,KE2020MIS,ML_FEVA_C_PHS,125036090,I,1000,0,Total,Total,0,,1,1,MLFEVACPHS,,2020,MIS,359,457,,,
KEN,611164,"Children with fever for whom advice or treatment was sought, the source was a pharmacy",17.8,1,KE,Kenya,2020,KE2020MIS,ML_FEVA_C_PPH,125036100,I,1000,0,Total,Total,0,,1,1,MLFEVACPPH,,2020,MIS,359,457,,,
KEN,611167,"Children with fever for whom advice or treatment was sought, the source was a private doctor",0.7,1,KE,Kenya,2020,KE2020MIS,ML_FEVA_C_PDR,125036110,I,1000,0,Total,Total,0,,1,1,MLFEVACPDR,,2020,MIS,359,457,,,
KEN,611156,"Children with fever for whom advice or treatment was sought, the source was a mobile clinic",5.5,1,KE,Kenya,2020,KE2020MIS,ML_FEVA_C_PMC,125036120,I,1000,0,Total,Total,0,,1,1,MLFEVACPMC,,2020,MIS,359,457,,,
KEN,611157,"Children with fever for whom advice or treatment was sought, the source was another private medical sector facility",0.1,1,KE,Kenya,2020,KE2020MIS,ML_FEVA_C_POT,125036140,I,1000,0,Total,Total,0,,1,1,MLFEVACPOT,,2020,MIS,359,457,,,
KEN,611158,"Children with fever for whom advice or treatment was sought, the source was another source",1.6,1,KE,Kenya,2020,KE2020MIS,ML_FEVA_C_OSR,125036150,I,1000,0,Total,Total,0,,1,1,MLFEVACOSR,,2020,MIS,359,457,,,
KEN,611168,"Children with fever for whom advice or treatment was sought, the source was a shop",1.2,1,KE,Kenya,2020,KE2020MIS,ML_FEVA_C_SHP,125036160,I,1000,0,Total,Total,0,,1,1,MLFEVACSHP,,2020,MIS,359,457,,,
KEN,611165,"Children with fever for whom advice or treatment was sought, the source was a traditional practitioner",0.4,1,KE,Kenya,2020,KE2020MIS,ML_FEVA_C_TRD,125036170,I,1000,0,Total,Total,0,,1,1,MLFEVACTRD,,2020,MIS,359,457,,,
KEN,611174,Children with fever for whom advice or treatment was sought from others,0,1,KE,Kenya,2020,KE2020MIS,ML_FEVA_C_OTH,125036190,I,1000,0,Total,Total,0,,1,1,MLFEVACOTH,,2020,MIS,359,457,,,
KEN,616705,Number of children under 5 with fever for whom advice of treatment was sought,359,0,KE,Kenya,2020,KE2020MIS,ML_FEVA_C_NUM,125036200,D,1000,0,Total,Total,0,,1,1,MLFEVACNUM,,2020,MIS,,457,,,
KEN,337688,Number of children under 5 with fever for whom advice of treatment was sought (unweighted),457,0,KE,Kenya,2020,KE2020MIS,ML_FEVA_C_UNW,125036210,U,1000,0,Total,Total,0,,1,1,MLFEVACUNW,,2020,MIS,359,,,,
KEN,411229,Antenatal care provider: Doctor,46.8,1,KE,Kenya,2022,KE2022DHS,RH_ANCP_W_DOC,83363010,I,1000,0,Total,Total,14000,Three years preceding the survey,1,0,RHANCPWDOC,,2022,DHS,9465,10412,,,
KEN,780390,Antenatal care provider: Doctor,46.3,1,KE,Kenya,2022,KE2022DHS,RH_ANCP_W_DOC,83363010,I,1000,0,Total,Total,14002,Two years preceding the survey,1,1,RHANCPWDOC,,2022,DHS,6847,7638,,,
KEN,411227,Antenatal care provider: Nurse/midwife,51.1,1,KE,Kenya,2022,KE2022DHS,RH_ANCP_W_NRS,83363020,I,1000,0,Total,Total,14000,Three years preceding the survey,1,0,RHANCPWNRS,,2022,DHS,9465,10412,,,
KEN,780388,Antenatal care provider: Nurse/midwife,51.6,1,KE,Kenya,2022,KE2022DHS,RH_ANCP_W_NRS,83363020,I,1000,0,Total,Total,14002,Two years preceding the survey,1,1,RHANCPWNRS,,2022,DHS,6847,7638,,,
KEN,411228,Antenatal care provider: Community health worker,0.1,1,KE,Kenya,2022,KE2022DHS,RH_ANCP_W_CHW,83363040,I,1000,0,Total,Total,14000,Three years preceding the survey,1,0,RHANCPWCHW,,2022,DHS,9465,10412,,,
KEN,780387,Antenatal care provider: Community health worker,0.1,1,KE,Kenya,2022,KE2022DHS,RH_ANCP_W_CHW,83363040,I,1000,0,Total,Total,14002,Two years preceding the survey,1,1,RHANCPWCHW,,2022,DHS,6847,7638,,,
KEN,411233,Antenatal care provider: Traditional birth attendant,0.1,1,KE,Kenya,2022,KE2022DHS,RH_ANCP_W_TBA,83363070,I,1000,0,Total,Total,14000,Three years preceding the survey,1,0,RHANCPWTBA,,2022,DHS,9465,10412,,,
KEN,780385,Antenatal care provider: Traditional birth attendant,0.1,1,KE,Kenya,2022,KE2022DHS,RH_ANCP_W_TBA,83363070,I,1000,0,Total,Total,14002,Two years preceding the survey,1,1,RHANCPWTBA,,2022,DHS,6847,7638,,,
KEN,411234,No antenatal care,2,1,KE,Kenya,2022,KE2022DHS,RH_ANCP_W_NON,83363100,I,1000,0,Total,Total,14000,Three years preceding the survey,1,0,RHANCPWNON,,2022,DHS,9465,10412,,,
KEN,780384,No antenatal care,2,1,KE,Kenya,2022,KE2022DHS,RH_ANCP_W_NON,83363100,I,1000,0,Total,Total,14002,Two years preceding the survey,1,1,RHANCPWNON,,2022,DHS,6847,7638,,,
KEN,411232,Antenatal care: Total,100,1,KE,Kenya,2022,KE2022DHS,RH_ANCP_W_TOT,83363110,T,1000,0,Total,Total,14000,Three years preceding the survey,1,0,RHANCPWTOT,,2022,DHS,9465,10412,,,
KEN,780389,Antenatal care: Total,100,1,KE,Kenya,2022,KE2022DHS,RH_ANCP_W_TOT,83363110,T,1000,0,Total,Total,14002,Two years preceding the survey,1,1,RHANCPWTOT,,2022,DHS,6847,7638,,,
KEN,411230,Antenatal care from a skilled provider,97.9,1,KE,Kenya,2022,KE2022DHS,RH_ANCP_W_SKP,83363120,I,1000,0,Total,Total,14000,Three years preceding the survey,1,0,RHANCPWSKP,,2022,DHS,9465,10412,,,
KEN,780386,Antenatal care from a skilled provider,97.9,1,KE,Kenya,2022,KE2022DHS,RH_ANCP_W_SKP,83363120,I,1000,0,Total,Total,14002,Two years preceding the survey,1,1,RHANCPWSKP,,2022,DHS,6847,7638,,,
KEN,411231,Number of women with a live birth (or stillbirth) in the last two (or three/five) years,9465,0,KE,Kenya,2022,KE2022DHS,RH_ANCP_W_NUM,83363130,D,1000,0,Total,Total,14000,Three years preceding the survey,1,0,RHANCPWNUM,,2022,DHS,,10412,,,
KEN,780285,Number of women with a live birth (or stillbirth) in the last two (or three/five) years,6847,0,KE,Kenya,2022,KE2022DHS,RH_ANCP_W_NUM,83363130,D,1000,0,Total,Total,14002,Two years preceding the survey,1,1,RHANCPWNUM,,2022,DHS,,7638,,,
KEN,169068,Number of women with a live birth (or stillbirth) in the last two (or three/five) years (unweighted),10412,0,KE,Kenya,2022,KE2022DHS,RH_ANCP_W_UNW,83363140,U,1000,0,Total,Total,14000,Three years preceding the survey,1,0,RHANCPWUNW,,2022,DHS,9465,,,,
KEN,780756,Number of women with a live birth (or stillbirth) in the last two (or three/five) years (unweighted),7638,0,KE,Kenya,2022,KE2022DHS,RH_ANCP_W_UNW,83363140,U,1000,0,Total,Total,14002,Two years preceding the survey,1,1,RHANCPWUNW,,2022,DHS,6847,,,,
KEN,729097,Place of delivery: Public sector,65,1,KE,Kenya,2022,KE2022DHS,RH_DELP_C_PUB,83566010,I,1000,0,Total,Total,14000,Three years preceding the survey,1,0,RHDELPCPUB,,2022,DHS,10454,11729,,,
KEN,780220,Place of delivery: Public sector,63.7,1,KE,Kenya,2022,KE2022DHS,RH_DELP_C_PUB,83566010,I,1000,0,Total,Total,14002,Two years preceding the survey,1,1,RHDELPCPUB,,2022,DHS,7101,7949,,,
KEN,729100,Place of delivery: At home,11.7,1,KE,Kenya,2022,KE2022DHS,RH_DELP_C_HOM,83566030,I,1000,0,Total,Total,14000,Three years preceding the survey,1,0,RHDELPCHOM,,2022,DHS,10454,11729,,,
KEN,780223,Place of delivery: At home,11.4,1,KE,Kenya,2022,KE2022DHS,RH_DELP_C_HOM,83566030,I,1000,0,Total,Total,14002,Two years preceding the survey,1,1,RHDELPCHOM,,2022,DHS,7101,7949,,,
KEN,729101,Place of delivery: Other,0.5,1,KE,Kenya,2022,KE2022DHS,RH_DELP_C_OTH,83566040,I,1000,0,Total,Total,14000,Three years preceding the survey,1,0,RHDELPCOTH,,2022,DHS,10454,11729,,,
KEN,780224,Place of delivery: Other,0.5,1,KE,Kenya,2022,KE2022DHS,RH_DELP_C_OTH,83566040,I,1000,0,Total,Total,14002,Two years preceding the survey,1,1,RHDELPCOTH,,2022,DHS,7101,7949,,,
KEN,729102,Place of delivery: don't know or missing,0,1,KE,Kenya,2022,KE2022DHS,RH_DELP_C_DKM,83566050,S,1000,0,Total,Total,14000,Three years preceding the survey,1,0,RHDELPCDKM,,2022,DHS,10454,11729,,,
KEN,780225,Place of delivery: don't know or missing,0,1,KE,Kenya,2022,KE2022DHS,RH_DELP_C_DKM,83566050,S,1000,0,Total,Total,14002,Two years preceding the survey,1,1,RHDELPCDKM,,2022,DHS,7101,7949,,,
KEN,729099,Place of delivery: Total,100,1,KE,Kenya,2022,KE2022DHS,RH_DELP_C_TOT,83566060,T,1000,0,Total,Total,14000,Three years preceding the survey,1,0,RHDELPCTOT,,2022,DHS,10454,11729,,,
KEN,780222,Place of delivery: Total,100,1,KE,Kenya,2022,KE2022DHS,RH_DELP_C_TOT,83566060,T,1000,0,Total,Total,14002,Two years preceding the survey,1,1,RHDELPCTOT,,2022,DHS,7101,7949,,,
KEN,729104,Place of delivery: Health facility,87.7,1,KE,Kenya,2022,KE2022DHS,RH_DELP_C_DHF,83566070,I,1000,0,Total,Total,14000,Three years preceding the survey,1,0,RHDELPCDHF,,2022,DHS,10454,11729,,,
KEN,780219,Place of delivery: Health facility,88.1,1,KE,Kenya,2022,KE2022DHS,RH_DELP_C_DHF,83566070,I,1000,0,Total,Total,14002,Two years preceding the survey,1,1,RHDELPCDHF,,2022,DHS,7101,7949,,,
KEN,729573,Number of live births (or stillbirths) in the last two (or three/five) years,10454,0,KE,Kenya,2022,KE2022DHS,RH_DELP_C_NUM,83566080,D,1000,0,Total,Total,14000,Three years preceding the survey,1,0,RHDELPCNUM,,2022,DHS,,11729,,,
KEN,780228,Number of live births (or stillbirths) in the last two (or three/five) years,7101,0,KE,Kenya,2022,KE2022DHS,RH_DELP_C_NUM,83566080,D,1000,0,Total,Total,14002,Two years preceding the survey,1,1,RHDELPCNUM,,2022,DHS,,7949,,,
KEN,223348,Number of live births (or stillbirths) in the last two (or three/five) years (unweighted),11729,0,KE,Kenya,2022,KE2022DHS,RH_DELP_C_UNW,83566090,U,1000,0,Total,Total,14000,Three years preceding the survey,1,0,RHDELPCUNW,,2022,DHS,10454,,,,
KEN,780752,Number of live births (or stillbirths) in the last two (or three/five) years (unweighted),7949,0,KE,Kenya,2022,KE2022DHS,RH_DELP_C_UNW,83566090,U,1000,0,Total,Total,14002,Two years preceding the survey,1,1,RHDELPCUNW,,2022,DHS,7101,,,,
KEN,561118,Assistance during delivery: Doctor,51.1,1,KE,Kenya,2022,KE2022DHS,RH_DELA_C_DOC,83606010,I,1000,0,Total,Total,14000,Three years preceding the survey,1,0,RHDELACDOC,,2022,DHS,10454,11729,,,
KEN,780231,Assistance during delivery: Doctor,51.2,1,KE,Kenya,2022,KE2022DHS,RH_DELA_C_DOC,83606010,I,1000,0,Total,Total,14002,Two years preceding the survey,1,1,RHDELACDOC,,2022,DHS,7101,7949,,,
KEN,561121,Assistance during delivery: Nurse/midwife,37.9,1,KE,Kenya,2022,KE2022DHS,RH_DELA_C_NRS,83606020,I,1000,0,Total,Total,14000,Three years preceding the survey,1,0,RHDELACNRS,,2022,DHS,10454,11729,,,
KEN,780233,Assistance during delivery: Nurse/midwife,38.1,1,KE,Kenya,2022,KE2022DHS,RH_DELA_C_NRS,83606020,I,1000,0,Total,Total,14002,Two years preceding the survey,1,1,RHDELACNRS,,2022,DHS,7101,7949,,,
KEN,561119,Assistance during delivery: Traditional birth attendant,6.2,1,KE,Kenya,2022,KE2022DHS,RH_DELA_C_TBA,83606060,I,1000,0,Total,Total,14000,Three years preceding the survey,1,0,RHDELACTBA,,2022,DHS,10454,11729,,,
KEN,780232,Assistance during delivery: Traditional birth attendant,6.1,1,KE,Kenya,2022,KE2022DHS,RH_DELA_C_TBA,83606060,I,1000,0,Total,Total,14002,Two years preceding the survey,1,1,RHDELACTBA,,2022,DHS,7101,7949,,,
KEN,561122,Assistance during delivery: Relative or other,3.3,1,KE,Kenya,2022,KE2022DHS,RH_DELA_C_REL,83606070,I,1000,0,Total,Total,14000,Three years preceding the survey,1,0,RHDELACREL,,2022,DHS,10454,11729,,,
KEN,780238,Assistance during delivery: Relative or other,3.2,1,KE,Kenya,2022,KE2022DHS,RH_DELA_C_REL,83606070,I,1000,0,Total,Total,14002,Two years preceding the survey,1,1,RHDELACREL,,2022,DHS,7101,7949,,,
KEN,561120,Assistance during delivery: No one,1.5,1,KE,Kenya,2022,KE2022DHS,RH_DELA_C_NON,83606080,I,1000,0,Total,Total,14000,Three years preceding the survey,1,0,RHDELACNON,,2022,DHS,10454,11729,,,
KEN,780234,Assistance during delivery: No one,1.4,1,KE,Kenya,2022,KE2022DHS,RH_DELA_C_NON,83606080,I,1000,0,Total,Total,14002,Two years preceding the survey,1,1,RHDELACNON,,2022,DHS,7101,7949,,,
KEN,561123,Assistance during delivery: don't know or missing,0,1,KE,Kenya,2022,KE2022DHS,RH_DELA_C_DKM,83606090,S,1000,0,Total,Total,14000,Three years preceding the survey,1,0,RHDELACDKM,,2022,DHS,10454,11729,,,
KEN,561124,Assistance during delivery: Total,100,1,KE,Kenya,2022,KE2022DHS,RH_DELA_C_TOT,83606100,T,1000,0,Total,Total,14000,Three years preceding the survey,1,0,RHDELACTOT,,2022,DHS,10454,11729,,,
KEN,780235,Assistance during delivery: Total,100,1,KE,Kenya,2022,KE2022DHS,RH_DELA_C_TOT,83606100,T,1000,0,Total,Total,14002,Two years preceding the survey,1,1,RHDELACTOT,,2022,DHS,7101,7949,,,
KEN,561125,Assistance during delivery from a skilled provider,89,1,KE,Kenya,2022,KE2022DHS,RH_DELA_C_SKP,83606110,I,1000,0,Total,Total,14000,Three years preceding the survey,1,0,RHDELACSKP,,2022,DHS,10454,11729,,,
KEN,780236,Assistance during delivery from a skilled provider,89.3,1,KE,Kenya,2022,KE2022DHS,RH_DELA_C_SKP,83606110,I,1000,0,Total,Total,14002,Two years preceding the survey,1,1,RHDELACSKP,,2022,DHS,7101,7949,,,
KEN,561126,Delivery by cesarean section,16.8,1,KE,Kenya,2022,KE2022DHS,RH_DELA_C_CSC,83606120,I,1000,0,Total,Total,14000,Three years preceding the survey,1,0,RHDELACCSC,,2022,DHS,10454,11729,,,
KEN,780237,Delivery by cesarean section,16.5,1,KE,Kenya,2022,KE2022DHS,RH_DELA_C_CSC,83606120,I,1000,0,Total,Total,14002,Two years preceding the survey,1,1,RHDELACCSC,,2022,DHS,7101,7949,,,
KEN,561127,Number of live births (or stillbirths) in the last two (or three/five) years,10454,0,KE,Kenya,2022,KE2022DHS,RH_DELA_C_NUM,83606130,D,1000,0,Total,Total,14000,Three years preceding the survey,1,0,RHDELACNUM,,2022,DHS,,11729,,,
KEN,780227,Number of live births (or stillbirths) in the last two (or three/five) years,7101,0,KE,Kenya,2022,KE2022DHS,RH_DELA_C_NUM,83606130,D,1000,0,Total,Total,14002,Two years preceding the survey,1,1,RHDELACNUM,,2022,DHS,,7949,,,
KEN,169212,Number of live births (or stillbirths) in the last two (or three/five) years (unweighted),11729,0,KE,Kenya,2022,KE2022DHS,RH_DELA_C_UNW,83606140,U,1000,0,Total,Total,14000,Three years preceding the survey,1,0,RHDELACUNW,,2022,DHS,10454,,,,
KEN,780758,Number of live births (or stillbirths) in the last two (or three/five) years (unweighted),7949,0,KE,Kenya,2022,KE2022DHS,RH_DELA_C_UNW,83606140,U,1000,0,Total,Total,14002,Two years preceding the survey,1,1,RHDELACUNW,,2022,DHS,7101,,,,
KEN,586777,Provider of mothers' first postnatal checkup: Doctor/nurse/midwife,75.4,1,KE,Kenya,2022,KE2022DHS,RH_PCMP_W_DOC,83663010,I,1000,0,Total,Total,0,,1,1,RHPCMPWDOC,,2022,DHS,6847,7638,,,
KEN,586781,Provider of mothers' first postnatal checkup: Community health worker,0.2,1,KE,Kenya,2022,KE2022DHS,RH_PCMP_W_CHW,83663030,I,1000,0,Total,Total,0,,1,1,RHPCMPWCHW,,2022,DHS,6847,7638,,,
KEN,586782,Provider of mothers' first postnatal checkup: Traditional birth attendant,2.1,1,KE,Kenya,2022,KE2022DHS,RH_PCMP_W_TBA,83663050,I,1000,0,Total,Total,0,,1,1,RHPCMPWTBA,,2022,DHS,6847,7638,,,
KEN,586776,No postnatal checkup for mother within first two days of birth,22.4,1,KE,Kenya,2022,KE2022DHS,RH_PCMP_W_NON,83663070,I,1000,0,Total,Total,0,,1,1,RHPCMPWNON,,2022,DHS,6847,7638,,,
KEN,586780,Provider of mothers' first postnatal checkup: Total,100,1,KE,Kenya,2022,KE2022DHS,RH_PCMP_W_TOT,83663080,T,1000,0,Total,Total,0,,1,1,RHPCMPWTOT,,2022,DHS,6847,7638,,,
KEN,589342,Number of mothers,6847,0,KE,Kenya,2022,KE2022DHS,RH_PCMP_W_NUM,83663090,D,1000,0,Total,Total,0,,1,1,RHPCMPWNUM,,2022,DHS,,7638,,,
KEN,241042,Number of mothers (unweighted),7638,0,KE,Kenya,2022,KE2022DHS,RH_PCMP_W_UNW,83663100,U,1000,0,Total,Total,0,,1,1,RHPCMPWUNW,,2022,DHS,6847,,,,
KEN,456089,Provider of newborns' first postnatal checkup: Doctor/nurse/midwife,79.5,1,KE,Kenya,2022,KE2022DHS,RH_PCCP_C_DOC,83736010,I,1000,0,Total,Total,0,,1,1,RHPCCPCDOC,,2022,DHS,6847,7638,,,
KEN,456093,Provider of newborns' first postnatal checkup: Community health worker,0.1,1,KE,Kenya,2022,KE2022DHS,RH_PCCP_C_CHW,83736030,I,1000,0,Total,Total,0,,1,1,RHPCCPCCHW,,2022,DHS,6847,7638,,,
KEN,456094,Provider of newborns' first postnatal checkup: Traditional birth attendant,2.9,1,KE,Kenya,2022,KE2022DHS,RH_PCCP_C_TBA,83736050,I,1000,0,Total,Total,0,,1,1,RHPCCPCTBA,,2022,DHS,6847,7638,,,
KEN,456091,No postnatal checkup for newborn within first two days of birth,17.4,1,KE,Kenya,2022,KE2022DHS,RH_PCCP_C_NON,83736070,I,1000,0,Total,Total,0,,1,1,RHPCCPCNON,,2022,DHS,6847,7638,,,
KEN,456092,Provider of newborns' first postnatal checkup: Total,100,1,KE,Kenya,2022,KE2022DHS,RH_PCCP_C_TOT,83736080,T,1000,0,Total,Total,0,,1,1,RHPCCPCTOT,,2022,DHS,6847,7638,,,
KEN,461368,Number of newborns,6847,0,KE,Kenya,2022,KE2022DHS,RH_PCCP_C_NUM,83736090,D,1000,0,Total,Total,0,,1,1,RHPCCPCNUM,,2022,DHS,,7638,,,
KEN,258305,Number of newborns (unweighted),7638,0,KE,Kenya,2022,KE2022DHS,RH_PCCP_C_UNW,83736100,U,1000,0,Total,Total,0,,1,1,RHPCCPCUNW,,2022,DHS,6847,,,,
KEN,521296,Children with symptoms of ARI,1.8,1,KE,Kenya,2022,KE2022DHS,CH_ARIS_C_ARI,93966010,I,1000,0,Total,Total,14000,Three years preceding the survey,1,0,CHARISCARI,,2022,DHS,10127,11343,,,
KEN,446502,Children with symptoms of ARI,1.7,1,KE,Kenya,2022,KE2022DHS,CH_ARIS_C_ARI,93966010,I,1000,0,Total,Total,14001,Five years preceding the survey,1,1,CHARISCARI,,2022,DHS,16883,18836,,,
KEN,523510,Number of children born in the last five (or three) years,10127,0,KE,Kenya,2022,KE2022DHS,CH_ARIS_C_NUM,93966020,D,1000,0,Total,Total,14000,Three years preceding the survey,1,0,CHARISCNUM,,2022,DHS,,11343,,,
KEN,455832,Number of children born in the last five (or three) years,16883,0,KE,Kenya,2022,KE2022DHS,CH_ARIS_C_NUM,93966020,D,1000,0,Total,Total,14001,Five years preceding the survey,1,1,CHARISCNUM,,2022,DHS,,18836,,,
KEN,200569,Number of children born in the last five (or three) years (unweighted),11343,0,KE,Kenya,2022,KE2022DHS,CH_ARIS_C_UNW,93966030,U,1000,0,Total,Total,14000,Three years preceding the survey,1,0,CHARISCUNW,,2022,DHS,10127,,,,
KEN,334562,Number of children born in the last five (or three) years (unweighted),18836,0,KE,Kenya,2022,KE2022DHS,CH_ARIS_C_UNW,93966030,U,1000,0,Total,Total,14001,Five years preceding the survey,1,1,CHARISCUNW,,2022,DHS,16883,,,,
KEN,604536,Children with ARI for whom advice or treatment was sought,85.2,1,KE,Kenya,2022,KE2022DHS,CH_ARIS_C_ADV,93966040,I,1000,0,Total,Total,14000,Three years preceding the survey,1,0,CHARISCADV,,2022,DHS,183,221,,,
KEN,715391,Children with ARI for whom advice or treatment was sought,82.3,1,KE,Kenya,2022,KE2022DHS,CH_ARIS_C_ADV,93966040,I,1000,0,Total,Total,14001,Five years preceding the survey,1,1,CHARISCADV,,2022,DHS,293,351,,,
KEN,604535,Children with symptoms of ARI who received antibiotics,62.8,1,KE,Kenya,2022,KE2022DHS,CH_ARIS_C_ABI,93966050,I,1000,0,Total,Total,14000,Three years preceding the survey,1,0,CHARISCABI,,2022,DHS,183,221,,,
KEN,715393,Children with symptoms of ARI who received antibiotics,61.1,1,KE,Kenya,2022,KE2022DHS,CH_ARIS_C_ABI,93966050,I,1000,0,Total,Total,14001,Five years preceding the survey,1,1,CHARISCABI,,2022,DHS,293,351,,,
KEN,608056,Number of children with symptoms of ARI born in the last five (or three) years,183,0,KE,Kenya,2022,KE2022DHS,CH_ARIS_C_NM2,93966060,D,1000,0,Total,Total,14000,Three years preceding the survey,1,0,CHARISCNM2,,2022,DHS,,221,,,
KEN,715394,Number of children with symptoms of ARI born in the last five (or three) years,293,0,KE,Kenya,2022,KE2022DHS,CH_ARIS_C_NM2,93966060,D,1000,0,Total,Total,14001,Five years preceding the survey,1,1,CHARISCNM2,,2022,DHS,,351,,,
KEN,214331,Number of children with symptoms of ARI born in the last five (or three) years (unweighted),221,0,KE,Kenya,2022,KE2022DHS,CH_ARIS_C_UN2,93966070,U,1000,0,Total,Total,14000,Three years preceding the survey,1,0,CHARISCUN2,,2022,DHS,183,,,,
KEN,149819,Number of children with symptoms of ARI born in the last five (or three) years (unweighted),351,0,KE,Kenya,2022,KE2022DHS,CH_ARIS_C_UN2,93966070,U,1000,0,Total,Total,14001,Five years preceding the survey,1,1,CHARISCUN2,,2022,DHS,293,,,,
KEN,408661,Children with fever for whom advice or treatment was sought,68.1,1,KE,Kenya,2022,KE2022DHS,CH_FEVT_C_ADV,94036010,I,1000,0,Total,Total,14000,Three years preceding the survey,1,0,CHFEVTCADV,,2022,DHS,1881,2093,,,
KEN,381259,Children with fever for whom advice or treatment was sought,69.5,1,KE,Kenya,2022,KE2022DHS,CH_FEVT_C_ADV,94036010,I,1000,0,Total,Total,14001,Five years preceding the survey,1,1,CHFEVTCADV,,2022,DHS,2890,3146,,,
KEN,408662,Child took antimalarial drugs for fever,16.6,1,KE,Kenya,2022,KE2022DHS,CH_FEVT_C_AML,94036020,I,1000,0,Total,Total,14000,Three years preceding the survey,1,0,CHFEVTCAML,,2022,DHS,1881,2093,,,
KEN,381256,Child took antimalarial drugs for fever,20.2,1,KE,Kenya,2022,KE2022DHS,CH_FEVT_C_AML,94036020,I,1000,0,Total,Total,14001,Five years preceding the survey,1,1,CHFEVTCAML,,2022,DHS,2890,3146,,,
KEN,408660,Child took antibiotic drugs for fever,40.9,1,KE,Kenya,2022,KE2022DHS,CH_FEVT_C_ABI,94036030,I,1000,0,Total,Total,14000,Three years preceding the survey,1,0,CHFEVTCABI,,2022,DHS,1881,2093,,,
KEN,381258,Child took antibiotic drugs for fever,40.8,1,KE,Kenya,2022,KE2022DHS,CH_FEVT_C_ABI,94036030,I,1000,0,Total,Total,14001,Five years preceding the survey,1,1,CHFEVTCABI,,2022,DHS,2890,3146,,,
KEN,412658,Number of children with fever in the last two weeks,1881,0,KE,Kenya,2022,KE2022DHS,CH_FEVT_C_NUM,94036040,D,1000,0,Total,Total,14000,Three years preceding the survey,1,0,CHFEVTCNUM,,2022,DHS,,2093,,,
KEN,385475,Number of children with fever in the last two weeks,2890,0,KE,Kenya,2022,KE2022DHS,CH_FEVT_C_NUM,94036040,D,1000,0,Total,Total,14001,Five years preceding the survey,1,1,CHFEVTCNUM,,2022,DHS,,3146,,,
KEN,209105,Number of children with fever in the last two weeks (unweighted),2093,0,KE,Kenya,2022,KE2022DHS,CH_FEVT_C_UNW,94036050,U,1000,0,Total,Total,14000,Three years preceding the survey,1,0,CHFEVTCUNW,,2022,DHS,1881,,,,
KEN,260359,Number of children with fever in the last two weeks (unweighted),3146,0,KE,Kenya,2022,KE2022DHS,CH_FEVT_C_UNW,94036050,U,1000,0,Total,Total,14001,Five years preceding the survey,1,1,CHFEVTCUNW,,2022,DHS,2890,,,,
KEN,504416,Treatment of diarrhea: Advice or treatment was sought,57.4,1,KE,Kenya,2022,KE2022DHS,CH_DIAT_C_ADV,94096010,I,1000,0,Total,Total,14000,Three years preceding the survey,1,0,CHDIATCADV,,2022,DHS,1872,2046,,,
KEN,480954,Treatment of diarrhea: Advice or treatment was sought,58.1,1,KE,Kenya,2022,KE2022DHS,CH_DIAT_C_ADV,94096010,I,1000,0,Total,Total,14001,Five years preceding the survey,1,1,CHDIATCADV,,2022,DHS,2416,2637,,,
KEN,504411,Treatment of diarrhea: Oral rehydration solution (ORS),49.2,1,KE,Kenya,2022,KE2022DHS,CH_DIAT_C_ORS,94096020,I,1000,0,Total,Total,14000,Three years preceding the survey,1,0,CHDIATCORS,,2022,DHS,1872,2046,,,
KEN,480961,Treatment of diarrhea: Oral rehydration solution (ORS),48.3,1,KE,Kenya,2022,KE2022DHS,CH_DIAT_C_ORS,94096020,I,1000,0,Total,Total,14001,Five years preceding the survey,1,1,CHDIATCORS,,2022,DHS,2416,2637,,,
KEN,504412,Treatment of diarrhea: Recommended home fluids (RHF) at home,25.2,1,KE,Kenya,2022,KE2022DHS,CH_DIAT_C_RHF,94096030,I,1000,0,Total,Total,14000,Three years preceding the survey,1,0,CHDIATCRHF,,2022,DHS,1872,2046,,,
KEN,480966,Treatment of diarrhea: Recommended home fluids (RHF) at home,25.7,1,KE,Kenya,2022,KE2022DHS,CH_DIAT_C_RHF,94096030,I,1000,0,Total,Total,14001,Five years preceding the survey,1,1,CHDIATCRHF,,2022,DHS,2416,2637,,,
KEN,504413,Treatment of diarrhea: Either ORS or RHF,60.2,1,KE,Kenya,2022,KE2022DHS,CH_DIAT_C_ORT,94096040,I,1000,0,Total,Total,14000,Three years preceding the survey,1,0,CHDIATCORT,,2022,DHS,1872,2046,,,
KEN,480967,Treatment of diarrhea: Either ORS or RHF,59.7,1,KE,Kenya,2022,KE2022DHS,CH_DIAT_C_ORT,94096040,I,1000,0,Total,Total,14001,Five years preceding the survey,1,1,CHDIATCORT,,2022,DHS,2416,2637,,,
KEN,504419,Treatment of diarrhea: Zinc supplements,40.2,1,KE,Kenya,2022,KE2022DHS,CH_DIAT_C_ZNC,94096044,I,1000,0,Total,Total,14000,Three years preceding the survey,1,0,CHDIATCZNC,,2022,DHS,1872,2046,,,
KEN,480957,Treatment of diarrhea: Zinc supplements,39.5,1,KE,Kenya,2022,KE2022DHS,CH_DIAT_C_ZNC,94096044,I,1000,0,Total,Total,14001,Five years preceding the survey,1,1,CHDIATCZNC,,2022,DHS,2416,2637,,,
KEN,504414,Treatment of diarrhea: Increased fluids,27.3,1,KE,Kenya,2022,KE2022DHS,CH_DIAT_C_INC,94096050,I,1000,0,Total,Total,14000,Three years preceding the survey,1,0,CHDIATCINC,,2022,DHS,1872,2046,,,
KEN,480968,Treatment of diarrhea: Increased fluids,28.3,1,KE,Kenya,2022,KE2022DHS,CH_DIAT_C_INC,94096050,I,1000,0,Total,Total,14001,Five years preceding the survey,1,1,CHDIATCINC,,2022,DHS,2416,2637,,,
KEN,504415,Treatment of diarrhea: ORT or increased fluids,70.4,1,KE,Kenya,2022,KE2022DHS,CH_DIAT_C_ORI,94096060,I,1000,0,Total,Total,14000,Three years preceding the survey,1,0,CHDIATCORI,,2022,DHS,1872,2046,,,
KEN,480986,Treatment of diarrhea: ORT or increased fluids,70.4,1,KE,Kenya,2022,KE2022DHS,CH_DIAT_C_ORI,94096060,I,1000,0,Total,Total,14001,Five years preceding the survey,1,1,CHDIATCORI,,2022,DHS,2416,2637,,,
KEN,504410,"Treatment of diarrhea: No ORS, RHF or increased fluids",29.6,1,KE,Kenya,2022,KE2022DHS,CH_DIAT_C_NON,94096070,I,1000,0,Total,Total,14000,Three years preceding the survey,1,0,CHDIATCNON,,2022,DHS,1872,2046,,,
KEN,480953,"Treatment of diarrhea: No ORS, RHF or increased fluids",29.6,1,KE,Kenya,2022,KE2022DHS,CH_DIAT_C_NON,94096070,I,1000,0,Total,Total,14001,Five years preceding the survey,1,1,CHDIATCNON,,2022,DHS,2416,2637,,,
KEN,504418,Treatment of diarrhea: Antibiotics,12.7,1,KE,Kenya,2022,KE2022DHS,CH_DIAT_C_ABI,94096080,I,1000,0,Total,Total,14000,Three years preceding the survey,1,0,CHDIATCABI,,2022,DHS,1872,2046,,,
KEN,480956,Treatment of diarrhea: Antibiotics,14.3,1,KE,Kenya,2022,KE2022DHS,CH_DIAT_C_ABI,94096080,I,1000,0,Total,Total,14001,Five years preceding the survey,1,1,CHDIATCABI,,2022,DHS,2416,2637,,,
KEN,504417,Treatment of diarrhea: Antimotility drugs,2.4,1,KE,Kenya,2022,KE2022DHS,CH_DIAT_C_AMO,94096090,I,1000,0,Total,Total,14000,Three years preceding the survey,1,0,CHDIATCAMO,,2022,DHS,1872,2046,,,
KEN,480955,Treatment of diarrhea: Antimotility drugs,2.6,1,KE,Kenya,2022,KE2022DHS,CH_DIAT_C_AMO,94096090,I,1000,0,Total,Total,14001,Five years preceding the survey,1,1,CHDIATCAMO,,2022,DHS,2416,2637,,,
KEN,504423,Treatment of diarrhea: Intravenous solution,0.1,1,KE,Kenya,2022,KE2022DHS,CH_DIAT_C_IVS,94096110,I,1000,0,Total,Total,14000,Three years preceding the survey,1,0,CHDIATCIVS,,2022,DHS,1872,2046,,,
KEN,480962,Treatment of diarrhea: Intravenous solution,0.3,1,KE,Kenya,2022,KE2022DHS,CH_DIAT_C_IVS,94096110,I,1000,0,Total,Total,14001,Five years preceding the survey,1,1,CHDIATCIVS,,2022,DHS,2416,2637,,,
KEN,504424,Treatment of diarrhea: Injection,0.6,1,KE,Kenya,2022,KE2022DHS,CH_DIAT_C_INJ,94096120,I,1000,0,Total,Total,14000,Three years preceding the survey,1,0,CHDIATCINJ,,2022,DHS,1872,2046,,,
KEN,480963,Treatment of diarrhea: Injection,0.5,1,KE,Kenya,2022,KE2022DHS,CH_DIAT_C_INJ,94096120,I,1000,0,Total,Total,14001,Five years preceding the survey,1,1,CHDIATCINJ,,2022,DHS,2416,2637,,,
KEN,504425,Treatment of diarrhea: Home remedy - other,7.1,1,KE,Kenya,2022,KE2022DHS,CH_DIAT_C_HOM,94096130,I,1000,0,Total,Total,14000,Three years preceding the survey,1,0,CHDIATCHOM,,2022,DHS,1872,2046,,,
KEN,480964,Treatment of diarrhea: Home remedy - other,7.9,1,KE,Kenya,2022,KE2022DHS,CH_DIAT_C_HOM,94096130,I,1000,0,Total,Total,14001,Five years preceding the survey,1,1,CHDIATCHOM,,2022,DHS,2416,2637,,,
KEN,504426,Treatment of diarrhea: No treatment,19.5,1,KE,Kenya,2022,KE2022DHS,CH_DIAT_C_NOT,94096140,I,1000,0,Total,Total,14000,Three years preceding the survey,1,0,CHDIATCNOT,,2022,DHS,1872,2046,,,
KEN,480965,Treatment of diarrhea: No treatment,18.6,1,KE,Kenya,2022,KE2022DHS,CH_DIAT_C_NOT,94096140,I,1000,0,Total,Total,14001,Five years preceding the survey,1,1,CHDIATCNOT,,2022,DHS,2416,2637,,,
KEN,504422,Treatment of diarrhea: don't know or missing,0.2,1,KE,Kenya,2022,KE2022DHS,CH_DIAT_C_DKM,94096150,S,1000,0,Total,Total,14000,Three years preceding the survey,1,0,CHDIATCDKM,,2022,DHS,1872,2046,,,
KEN,480960,Treatment of diarrhea: don't know or missing,0.2,1,KE,Kenya,2022,KE2022DHS,CH_DIAT_C_DKM,94096150,S,1000,0,Total,Total,14001,Five years preceding the survey,1,1,CHDIATCDKM,,2022,DHS,2416,2637,,,
KEN,487001,Number of children born in the last five (or three) years,1872,0,KE,Kenya,2022,KE2022DHS,CH_DIAT_C_NUM,94096160,D,1000,0,Total,Total,14000,Three years preceding the survey,1,0,CHDIATCNUM,,2022,DHS,,2046,,,
KEN,485482,Number of children born in the last five (or three) years,2416,0,KE,Kenya,2022,KE2022DHS,CH_DIAT_C_NUM,94096160,D,1000,0,Total,Total,14001,Five years preceding the survey,1,1,CHDIATCNUM,,2022,DHS,,2637,,,
KEN,361031,Number of children born in the last five (or three) years (unweighted),2046,0,KE,Kenya,2022,KE2022DHS,CH_DIAT_C_UNW,94096170,U,1000,0,Total,Total,14000,Three years preceding the survey,1,0,CHDIATCUNW,,2022,DHS,1872,,,,
KEN,266459,Number of children born in the last five (or three) years (unweighted),2637,0,KE,Kenya,2022,KE2022DHS,CH_DIAT_C_UNW,94096170,U,1000,0,Total,Total,14001,Five years preceding the survey,1,1,CHDIATCUNW,,2022,DHS,2416,,,,
KEN,393400,Children under 5 with fever for whom advice or treatment was sought from a public sector facility,40.7,1,KE,Kenya,2022,KE2022DHS,ML_FEVS_C_PUB,125006010,I,1000,0,Total,Total,0,,1,1,MLFEVSCPUB,,2022,DHS,2890,3146,,,
KEN,393401,Children under 5 with fever for whom advice or treatment was sought from a government hospital ,13,1,KE,Kenya,2022,KE2022DHS,ML_FEVS_C_GHS,125006020,I,1000,0,Total,Total,0,,1,1,MLFEVSCGHS,,2022,DHS,2890,3146,,,
KEN,393406,Children under 5 with fever for whom advice or treatment was sought from a government health center ,9.2,1,KE,Kenya,2022,KE2022DHS,ML_FEVS_C_GHC,125006030,I,1000,0,Total,Total,0,,1,1,MLFEVSCGHC,,2022,DHS,2890,3146,,,
KEN,393407,Children under 5 with fever for whom advice or treatment was sought from a mobile clinic ,0.2,1,KE,Kenya,2022,KE2022DHS,ML_FEVS_C_GMC,125006050,I,1000,0,Total,Total,0,,1,1,MLFEVSCGMC,,2022,DHS,2890,3146,,,
KEN,393409,Children under 5 with fever for whom advice or treatment was sought from a fieldworker ,0.2,1,KE,Kenya,2022,KE2022DHS,ML_FEVS_C_GFW,125006060,I,1000,0,Total,Total,0,,1,1,MLFEVSCGFW,,2022,DHS,2890,3146,,,
KEN,393408,Children under 5 with fever for whom advice or treatment was sought from another type of public sector facility,18.4,1,KE,Kenya,2022,KE2022DHS,ML_FEVS_C_GOT,125006070,I,1000,0,Total,Total,0,,1,1,MLFEVSCGOT,,2022,DHS,2890,3146,,,
KEN,393402,Children under 5 with fever for whom advice or treatment was sought from a private sector facility,29.2,1,KE,Kenya,2022,KE2022DHS,ML_FEVS_C_PRV,125006080,I,1000,0,Total,Total,0,,1,1,MLFEVSCPRV,,2022,DHS,2890,3146,,,
KEN,393403,Children under 5 with fever for whom advice or treatment was sought from a private hospital/clinic,16.6,1,KE,Kenya,2022,KE2022DHS,ML_FEVS_C_PHS,125006090,I,1000,0,Total,Total,0,,1,1,MLFEVSCPHS,,2022,DHS,2890,3146,,,
KEN,393404,Children under 5 with fever for whom advice or treatment was sought from a pharmacy,12.4,1,KE,Kenya,2022,KE2022DHS,ML_FEVS_C_PPH,125006100,I,1000,0,Total,Total,0,,1,1,MLFEVSCPPH,,2022,DHS,2890,3146,,,
KEN,393405,Children under 5 with fever for whom advice or treatment was sought from a private doctor,0.3,1,KE,Kenya,2022,KE2022DHS,ML_FEVS_C_PDR,125006110,I,1000,0,Total,Total,0,,1,1,MLFEVSCPDR,,2022,DHS,2890,3146,,,
KEN,393420,Children under 5 with fever for whom advice or treatment was sought from a mobile clinic,0,1,KE,Kenya,2022,KE2022DHS,ML_FEVS_C_PMC,125006120,I,1000,0,Total,Total,0,,1,1,MLFEVSCPMC,,2022,DHS,2890,3146,,,
KEN,393413,Children under 5 with fever for whom advice or treatment was sought from a fieldworker,0,1,KE,Kenya,2022,KE2022DHS,ML_FEVS_C_PFW,125006130,I,1000,0,Total,Total,0,,1,1,MLFEVSCPFW,,2022,DHS,2890,3146,,,
KEN,393415,Children under 5 with fever for whom advice or treatment was sought from another source,1.4,1,KE,Kenya,2022,KE2022DHS,ML_FEVS_C_OSR,125006150,I,1000,0,Total,Total,0,,1,1,MLFEVSCOSR,,2022,DHS,2890,3146,,,
KEN,393410,Children under 5 with fever for whom advice or treatment was sought from a shop,0.7,1,KE,Kenya,2022,KE2022DHS,ML_FEVS_C_SHP,125006160,I,1000,0,Total,Total,0,,1,1,MLFEVSCSHP,,2022,DHS,2890,3146,,,
KEN,393411,Children under 5 with fever for whom advice or treatment was sought from a traditional practitioner,0.4,1,KE,Kenya,2022,KE2022DHS,ML_FEVS_C_TRD,125006170,I,1000,0,Total,Total,0,,1,1,MLFEVSCTRD,,2022,DHS,2890,3146,,,
KEN,393412,Children under 5 with fever for whom advice or treatment was sought from others,0.3,1,KE,Kenya,2022,KE2022DHS,ML_FEVS_C_OTH,125006190,I,1000,0,Total,Total,0,,1,1,MLFEVSCOTH,,2022,DHS,2890,3146,,,
KEN,393416,Number of children under 5 with fever in the two weeks preceding the survey,2890,0,KE,Kenya,2022,KE2022DHS,ML_FEVS_C_NUM,125006200,D,1000,0,Total,Total,0,,1,1,MLFEVSCNUM,,2022,DHS,,3146,,,
KEN,171992,Number of children under 5 with fever in the two weeks preceding the survey (unweighted),3146,0,KE,Kenya,2022,KE2022DHS,ML_FEVS_C_UNW,125006210,U,1000,0,Total,Total,0,,1,1,MLFEVSCUNW,,2022,DHS,2890,,,,
KEN,171942,"Children with fever for whom advice or treatment was sought, the source was a public sector facility",58.3,1,KE,Kenya,2022,KE2022DHS,ML_FEVA_C_PUB,125036010,I,1000,0,Total,Total,0,,1,1,MLFEVACPUB,,2022,DHS,2017,2174,,,
KEN,171948,"Children with fever for whom advice or treatment was sought, the source was a government hospital ",18.7,1,KE,Kenya,2022,KE2022DHS,ML_FEVA_C_GHS,125036020,I,1000,0,Total,Total,0,,1,1,MLFEVACGHS,,2022,DHS,2017,2174,,,
KEN,171947,"Children with fever for whom advice or treatment was sought, the source was a government health center ",13.2,1,KE,Kenya,2022,KE2022DHS,ML_FEVA_C_GHC,125036030,I,1000,0,Total,Total,0,,1,1,MLFEVACGHC,,2022,DHS,2017,2174,,,
KEN,171954,"Children with fever for whom advice or treatment was sought, the source was a mobile clinic ",0.3,1,KE,Kenya,2022,KE2022DHS,ML_FEVA_C_GMC,125036050,I,1000,0,Total,Total,0,,1,1,MLFEVACGMC,,2022,DHS,2017,2174,,,
KEN,171956,"Children with fever for whom advice or treatment was sought, the source was a fieldworker ",0.3,1,KE,Kenya,2022,KE2022DHS,ML_FEVA_C_GFW,125036060,I,1000,0,Total,Total,0,,1,1,MLFEVACGFW,,2022,DHS,2017,2174,,,
KEN,171949,"Children with fever for whom advice or treatment was sought, the source was another type of public sector facility",26.3,1,KE,Kenya,2022,KE2022DHS,ML_FEVA_C_GOT,125036070,I,1000,0,Total,Total,0,,1,1,MLFEVACGOT,,2022,DHS,2017,2174,,,
KEN,171944,"Children with fever for whom advice or treatment was sought, the source was a private sector facility",41.9,1,KE,Kenya,2022,KE2022DHS,ML_FEVA_C_PRV,125036080,I,1000,0,Total,Total,0,,1,1,MLFEVACPRV,,2022,DHS,2017,2174,,,
KEN,171950,"Children with fever for whom advice or treatment was sought, the source was a private hospital/clinic",23.7,1,KE,Kenya,2022,KE2022DHS,ML_FEVA_C_PHS,125036090,I,1000,0,Total,Total,0,,1,1,MLFEVACPHS,,2022,DHS,2017,2174,,,
KEN,171945,"Children with fever for whom advice or treatment was sought, the source was a pharmacy",17.8,1,KE,Kenya,2022,KE2022DHS,ML_FEVA_C_PPH,125036100,I,1000,0,Total,Total,0,,1,1,MLFEVACPPH,,2022,DHS,2017,2174,,,
KEN,171951,"Children with fever for whom advice or treatment was sought, the source was a private doctor",0.5,1,KE,Kenya,2022,KE2022DHS,ML_FEVA_C_PDR,125036110,I,1000,0,Total,Total,0,,1,1,MLFEVACPDR,,2022,DHS,2017,2174,,,
KEN,171940,"Children with fever for whom advice or treatment was sought, the source was a mobile clinic",0,1,KE,Kenya,2022,KE2022DHS,ML_FEVA_C_PMC,125036120,I,1000,0,Total,Total,0,,1,1,MLFEVACPMC,,2022,DHS,2017,2174,,,
KEN,171941,"Children with fever for whom advice or treatment was sought, the source was a fieldworker",0.1,1,KE,Kenya,2022,KE2022DHS,ML_FEVA_C_PFW,125036130,I,1000,0,Total,Total,0,,1,1,MLFEVACPFW,,2022,DHS,2017,2174,,,
KEN,171959,"Children with fever for whom advice or treatment was sought, the source was another source",2,1,KE,Kenya,2022,KE2022DHS,ML_FEVA_C_OSR,125036150,I,1000,0,Total,Total,0,,1,1,MLFEVACOSR,,2022,DHS,2017,2174,,,
KEN,171953,"Children with fever for whom advice or treatment was sought, the source was a shop",1,1,KE,Kenya,2022,KE2022DHS,ML_FEVA_C_SHP,125036160,I,1000,0,Total,Total,0,,1,1,MLFEVACSHP,,2022,DHS,2017,2174,,,
KEN,171946,"Children with fever for whom advice or treatment was sought, the source was a traditional practitioner",0.5,1,KE,Kenya,2022,KE2022DHS,ML_FEVA_C_TRD,125036170,I,1000,0,Total,Total,0,,1,1,MLFEVACTRD,,2022,DHS,2017,2174,,,
KEN,172013,Children with fever for whom advice or treatment was sought from others,0.4,1,KE,Kenya,2022,KE2022DHS,ML_FEVA_C_OTH,125036190,I,1000,0,Total,Total,0,,1,1,MLFEVACOTH,,2022,DHS,2017,2174,,,
KEN,172014,Number of children under 5 with fever for whom advice of treatment was sought,2017,0,KE,Kenya,2022,KE2022DHS,ML_FEVA_C_NUM,125036200,D,1000,0,Total,Total,0,,1,1,MLFEVACNUM,,2022,DHS,,2174,,,
KEN,171997,Number of children under 5 with fever for whom advice of treatment was sought (unweighted),2174,0,KE,Kenya,2022,KE2022DHS,ML_FEVA_C_UNW,125036210,U,1000,0,Total,Total,0,,1,1,MLFEVACUNW,,2022,DHS,2017,,,,
