ISO3,DataId,Indicator,Value,Precision,DHS_CountryCode,CountryName,SurveyYear,SurveyId,IndicatorId,IndicatorOrder,IndicatorType,CharacteristicId,CharacteristicOrder,CharacteristicCategory,CharacteristicLabel,ByVariableId,ByVariableLabel,IsTotal,IsPreferred,SDRID,RegionId,SurveyYearLabel,SurveyType,DenominatorWeighted,DenominatorUnweighted,CILow,CIHigh,LevelRank
KEN,130893,Total fertility rate 15-49,6.7,1,KE,Kenya,1989,KE1989DHS,FE_FRTR_W_TFR,11763080,I,1000,0,Total,Total,0,,1,1,FEFRTRWTFR,,1989,DHS,,,,,
KEN,130892,General fertility rate,230,0,KE,Kenya,1989,KE1989DHS,FE_FRTR_W_GFR,11763100,I,1000,0,Total,Total,0,,1,1,FEFRTRWGFR,,1989,DHS,,,,,
KEN,628206,Mean number of children ever born,3.67,2,KE,Kenya,1989,KE1989DHS,FE_CEBA_W_MNC,11863150,I,1000,0,Total,Total,0,,1,1,FECEBAWMNC,,1989,DHS,7150,7150,,,
KEN,628203,Mean number of living children,3.28,2,KE,Kenya,1989,KE1989DHS,FE_CEBA_W_MNL,11863160,I,1000,0,Total,Total,0,,1,1,FECEBAWMNL,,1989,DHS,7150,7150,,,
KEN,130927,Median age at first birth for women age 25-49,18.6,1,KE,Kenya,1989,KE1989DHS,FE_AAFB_W_M2B,12103080,I,1000,0,Total,Total,0,,1,1,FEAAFBWM2B,,1989,DHS,,,,,
KEN,28141,Women who want no more children,52,1,KE,Kenya,1989,KE1989DHS,PR_DESL_W_WNM,22203010,I,1000,0,Total,Total,1000,Total,1,1,PRDESLWWNM,,1989,DHS,,4778,,,
KEN,509005,Women who want no more children,10.2,1,KE,Kenya,1989,KE1989DHS,PR_DESL_W_WNM,22203010,I,1000,0,Total,Total,189000,Living children: 0,1,0,PRDESLWWNM,,1989,DHS,,263,,,
KEN,634429,Women who want no more children,4.4,1,KE,Kenya,1989,KE1989DHS,PR_DESL_W_WNM,22203010,I,1000,0,Total,Total,189001,Living children: 1,1,0,PRDESLWWNM,,1989,DHS,,517,,,
KEN,730998,Women who want no more children,25.3,1,KE,Kenya,1989,KE1989DHS,PR_DESL_W_WNM,22203010,I,1000,0,Total,Total,189002,Living children: 2,1,0,PRDESLWWNM,,1989,DHS,,653,,,
KEN,28170,Women who want no more children,33.7,1,KE,Kenya,1989,KE1989DHS,PR_DESL_W_WNM,22203010,I,1000,0,Total,Total,189003,Living children: 3,1,0,PRDESLWWNM,,1989,DHS,,687,,,
KEN,663604,Women who want no more children,51.5,1,KE,Kenya,1989,KE1989DHS,PR_DESL_W_WNM,22203010,I,1000,0,Total,Total,189004,Living children: 4,1,0,PRDESLWWNM,,1989,DHS,,664,,,
KEN,735948,Women who want no more children,65.1,1,KE,Kenya,1989,KE1989DHS,PR_DESL_W_WNM,22203010,I,1000,0,Total,Total,189005,Living children: 5,1,0,PRDESLWWNM,,1989,DHS,,518,,,
KEN,28185,Women who want no more children,85,1,KE,Kenya,1989,KE1989DHS,PR_DESL_W_WNM,22203010,I,1000,0,Total,Total,189006,Living children: 6+,1,0,PRDESLWWNM,,1989,DHS,,1476,,,
KEN,436493,Mean ideal number of children for all women,4.4,1,KE,Kenya,1989,KE1989DHS,PR_MIDL_W_MNA,22263010,I,1000,0,Total,Total,0,,1,1,PRMIDLWMNA,,1989,DHS,6870,6836,,,
KEN,28882,Total wanted fertility rate,4.5,1,KE,Kenya,1989,KE1989DHS,PR_WTFR_W_WFR,22333010,I,1000,0,Total,Total,0,,1,1,PRWTFRWWFR,,1989,DHS,,,,,
KEN,74107,Married women currently using any method of contraception,26.9,1,KE,Kenya,1989,KE1989DHS,FP_CUSM_W_ANY,32633010,I,1000,0,Total,Total,0,,1,1,FPCUSMWANY,,1989,DHS,4765,4778,,,
KEN,74108,Married women currently using any modern method of contraception,17.9,1,KE,Kenya,1989,KE1989DHS,FP_CUSM_W_MOD,32633020,I,1000,0,Total,Total,0,,1,1,FPCUSMWMOD,,1989,DHS,4765,4778,,,
KEN,507487,Current marital status [Women]: Married or living in union,66.6,1,KE,Kenya,1989,KE1989DHS,MA_MSTA_W_UNI,41503090,I,10000,10000,Total 15-49,Total 15-49,0,,1,1,MAMSTAWUNI,,1989,DHS,7150,7150,,,
KEN,62109,Median age at first marriage [Women]: 25-49,18.1,1,KE,Kenya,1989,KE1989DHS,MA_AAFM_W_M2B,41633090,I,1000,0,Total,Total,0,,1,1,MAAAFMWM2B,,1989,DHS,,,,,
KEN,782066,Neonatal mortality rate,28,0,KE,Kenya,1989,KE1989DHS,CM_ECMR_C_NNR,63206010,I,1000,0,Total,Total,14001,Five years preceding the survey,1,1,CMECMRCNNR,,1989,DHS,,,23,32,
KEN,771903,Neonatal mortality rate,25,0,KE,Kenya,1989,KE1989DHS,CM_ECMR_C_NNR,63206010,I,1000,0,Total,Total,14003,Ten years preceding the survey,1,0,CMECMRCNNR,,1989,DHS,,,21,29,
KEN,800445,Postneonatal mortality rate,33,0,KE,Kenya,1989,KE1989DHS,CM_ECMR_C_PNR,63206020,I,1000,0,Total,Total,14001,Five years preceding the survey,1,1,CMECMRCPNR,,1989,DHS,,,26,40,
KEN,770114,Postneonatal mortality rate,34,0,KE,Kenya,1989,KE1989DHS,CM_ECMR_C_PNR,63206020,I,1000,0,Total,Total,14003,Ten years preceding the survey,1,0,CMECMRCPNR,,1989,DHS,,,29,39,
KEN,814575,Infant mortality rate,61,0,KE,Kenya,1989,KE1989DHS,CM_ECMR_C_IMR,63206030,I,1000,0,Total,Total,14001,Five years preceding the survey,1,1,CMECMRCIMR,,1989,DHS,,,52,69,
KEN,806038,Infant mortality rate,59,0,KE,Kenya,1989,KE1989DHS,CM_ECMR_C_IMR,63206030,I,1000,0,Total,Total,14003,Ten years preceding the survey,1,0,CMECMRCIMR,,1989,DHS,,,52,66,
KEN,784973,Child mortality rate,31,0,KE,Kenya,1989,KE1989DHS,CM_ECMR_C_CMR,63206040,I,1000,0,Total,Total,14001,Five years preceding the survey,1,1,CMECMRCCMR,,1989,DHS,,,24,38,
KEN,814374,Child mortality rate,34,0,KE,Kenya,1989,KE1989DHS,CM_ECMR_C_CMR,63206040,I,1000,0,Total,Total,14003,Ten years preceding the survey,1,0,CMECMRCCMR,,1989,DHS,,,27,42,
KEN,773372,Under-five mortality rate,90,0,KE,Kenya,1989,KE1989DHS,CM_ECMR_C_U5M,63206050,I,1000,0,Total,Total,14001,Five years preceding the survey,1,1,CMECMRCU5M,,1989,DHS,,,77,102,
KEN,117650,Under-five mortality rate,91,0,KE,Kenya,1989,KE1989DHS,CM_ECMR_C_U5M,63206050,I,1000,0,Total,Total,14003,Ten years preceding the survey,1,0,CMECMRCU5M,,1989,DHS,,,79,103,
KEN,348819,Antenatal care from a skilled provider,78,1,KE,Kenya,1989,KE1989DHS,RH_ANCP_W_SKP,83363120,I,1000,0,Total,Total,14000,Three years preceding the survey,1,0,RHANCPWSKP,,1989,DHS,3559,3492,,,
KEN,760414,Antenatal care from a skilled provider,78,1,KE,Kenya,1989,KE1989DHS,RH_ANCP_W_SKP,83363120,I,1000,0,Total,Total,14001,Five years preceding the survey,1,0,RHANCPWSKP,,1989,DHS,4237,4201,,,
KEN,814764,Antenatal care from a skilled provider,77.6,1,KE,Kenya,1989,KE1989DHS,RH_ANCP_W_SKP,83363120,I,1000,0,Total,Total,14002,Two years preceding the survey,1,1,RHANCPWSKP,,1989,DHS,2701,2658,,,
KEN,388777,Assistance during delivery from a skilled provider,50.6,1,KE,Kenya,1989,KE1989DHS,RH_DELA_C_SKP,83606110,I,1000,0,Total,Total,14000,Three years preceding the survey,1,0,RHDELACSKP,,1989,DHS,4388,4298,,,
KEN,435106,Assistance during delivery from a skilled provider,50.1,1,KE,Kenya,1989,KE1989DHS,RH_DELA_C_SKP,83606110,I,1000,0,Total,Total,14001,Five years preceding the survey,1,0,RHDELACSKP,,1989,DHS,7127,6980,,,
KEN,813856,Assistance during delivery from a skilled provider,51.9,1,KE,Kenya,1989,KE1989DHS,RH_DELA_C_SKP,83606110,I,1000,0,Total,Total,14002,Two years preceding the survey,1,1,RHDELACSKP,,1989,DHS,2875,2836,,,
KEN,359003,BCG vaccination received,59,1,KE,Kenya,1989,KE1989DHS,CH_VACC_C_BCG,93906010,I,1000,0,Total,Total,0,,1,1,CHVACCCBCG,,1989,DHS,1315,1302,,,
KEN,359012,DPT 3 vaccination received,55.1,1,KE,Kenya,1989,KE1989DHS,CH_VACC_C_DP3,93906040,I,1000,0,Total,Total,0,,1,1,CHVACCCDP3,,1989,DHS,1315,1302,,,
KEN,359010,Polio 3 vaccination received,55.6,1,KE,Kenya,1989,KE1989DHS,CH_VACC_C_OP3,93906080,I,1000,0,Total,Total,0,,1,1,CHVACCCOP3,,1989,DHS,1315,1302,,,
KEN,359017,Measles vaccination received,47.6,1,KE,Kenya,1989,KE1989DHS,CH_VACC_C_MSL,93906090,I,1000,0,Total,Total,0,,1,1,CHVACCCMSL,,1989,DHS,1315,1302,,,
KEN,359005,Fully vaccinated (8 basic antigens),44,1,KE,Kenya,1989,KE1989DHS,CH_VACC_C_BAS,93906230,I,1000,0,Total,Total,0,,1,1,CHVACCCBAS,,1989,DHS,1315,1302,,,
KEN,382350,Children with diarrhea,18,1,KE,Kenya,1989,KE1989DHS,CH_DIAR_C_DIA,94066010,I,1000,0,Total,Total,14000,Three years preceding the survey,1,0,CHDIARCDIA,,1989,DHS,4080,3973,,,
KEN,389135,Children with diarrhea,12.7,1,KE,Kenya,1989,KE1989DHS,CH_DIAR_C_DIA,94066010,I,1000,0,Total,Total,14001,Five years preceding the survey,1,1,CHDIARCDIA,,1989,DHS,6589,6407,,,
KEN,406690,"Feeding practices during diarrhea: Continued feeding, and ORT and/or increased fluids",69.6,1,KE,Kenya,1989,KE1989DHS,CH_DIFP_C_FAL,94136190,I,1000,0,Total,Total,14000,Three years preceding the survey,1,0,CHDIFPCFAL,,1989,DHS,735,736,,,
KEN,621551,"Feeding practices during diarrhea: Continued feeding, and ORT and/or increased fluids",70.1,1,KE,Kenya,1989,KE1989DHS,CH_DIFP_C_FAL,94136190,I,1000,0,Total,Total,14001,Five years preceding the survey,1,1,CHDIFPCFAL,,1989,DHS,838,833,,,
KEN,516014,Children exclusively breastfed,23,1,KE,Kenya,1989,KE1989DHS,CN_BRFS_C_EXB,104306020,I,295001,21001,Age in months (other groupings),0-5,0,,1,1,CNBRFSCEXB,,1989,DHS,672,671,,,
KEN,53281,Median duration of any breastfeeding,19.9,1,KE,Kenya,1989,KE1989DHS,CN_BFDR_C_MDA,104336010,I,1000,0,Total,Total,0,,1,1,CNBFDRCMDA,,1989,DHS,,,,,
KEN,53278,Median duration of exclusive breastfeeding,0.6,1,KE,Kenya,1989,KE1989DHS,CN_BFDR_C_MDE,104336020,I,1000,0,Total,Total,0,,1,1,CNBFDRCMDE,,1989,DHS,,,,,
KEN,53279,Median duration of predominant breastfeeding,2.2,1,KE,Kenya,1989,KE1989DHS,CN_BFDR_C_MDP,104336030,I,1000,0,Total,Total,0,,1,1,CNBFDRCMDP,,1989,DHS,,,,,
KEN,130961,Total fertility rate 15-49,5.4,1,KE,Kenya,1993,KE1993DHS,FE_FRTR_W_TFR,11763080,I,1000,0,Total,Total,0,,1,1,FEFRTRWTFR,,1993,DHS,,,,,
KEN,130956,General fertility rate,182,0,KE,Kenya,1993,KE1993DHS,FE_FRTR_W_GFR,11763100,I,1000,0,Total,Total,0,,1,1,FEFRTRWGFR,,1993,DHS,,,,,
KEN,663765,Mean number of children ever born,3.17,2,KE,Kenya,1993,KE1993DHS,FE_CEBA_W_MNC,11863150,I,1000,0,Total,Total,0,,1,1,FECEBAWMNC,,1993,DHS,7540,7540,,,
KEN,663761,Mean number of living children,2.82,2,KE,Kenya,1993,KE1993DHS,FE_CEBA_W_MNL,11863160,I,1000,0,Total,Total,0,,1,1,FECEBAWMNL,,1993,DHS,7540,7540,,,
KEN,131023,Median age at first birth for women age 25-49,19.1,1,KE,Kenya,1993,KE1993DHS,FE_AAFB_W_M2B,12103080,I,1000,0,Total,Total,0,,1,1,FEAAFBWM2B,,1993,DHS,,,,,
KEN,28212,Women who want no more children,51.8,1,KE,Kenya,1993,KE1993DHS,PR_DESL_W_WNM,22203010,I,1000,0,Total,Total,1000,Total,1,1,PRDESLWWNM,,1993,DHS,,4583,,,
KEN,404031,Women who want no more children,0.4,1,KE,Kenya,1993,KE1993DHS,PR_DESL_W_WNM,22203010,I,1000,0,Total,Total,189000,Living children: 0,1,0,PRDESLWWNM,,1993,DHS,,237,,,
KEN,745767,Women who want no more children,7.5,1,KE,Kenya,1993,KE1993DHS,PR_DESL_W_WNM,22203010,I,1000,0,Total,Total,189001,Living children: 1,1,0,PRDESLWWNM,,1993,DHS,,542,,,
KEN,499143,Women who want no more children,26.3,1,KE,Kenya,1993,KE1993DHS,PR_DESL_W_WNM,22203010,I,1000,0,Total,Total,189002,Living children: 2,1,0,PRDESLWWNM,,1993,DHS,,704,,,
KEN,28191,Women who want no more children,46.7,1,KE,Kenya,1993,KE1993DHS,PR_DESL_W_WNM,22203010,I,1000,0,Total,Total,189003,Living children: 3,1,0,PRDESLWWNM,,1993,DHS,,662,,,
KEN,605537,Women who want no more children,65.3,1,KE,Kenya,1993,KE1993DHS,PR_DESL_W_WNM,22203010,I,1000,0,Total,Total,189004,Living children: 4,1,0,PRDESLWWNM,,1993,DHS,,624,,,
KEN,458873,Women who want no more children,71.4,1,KE,Kenya,1993,KE1993DHS,PR_DESL_W_WNM,22203010,I,1000,0,Total,Total,189005,Living children: 5,1,0,PRDESLWWNM,,1993,DHS,,555,,,
KEN,28192,Women who want no more children,83.6,1,KE,Kenya,1993,KE1993DHS,PR_DESL_W_WNM,22203010,I,1000,0,Total,Total,189006,Living children: 6+,1,0,PRDESLWWNM,,1993,DHS,,1259,,,
KEN,342340,Mean ideal number of children for all women,3.7,1,KE,Kenya,1993,KE1993DHS,PR_MIDL_W_MNA,22263010,I,1000,0,Total,Total,0,,1,1,PRMIDLWMNA,,1993,DHS,7111,7115,,,
KEN,28521,Total wanted fertility rate,3.4,1,KE,Kenya,1993,KE1993DHS,PR_WTFR_W_WFR,22333010,I,1000,0,Total,Total,0,,1,1,PRWTFRWWFR,,1993,DHS,,,,,
KEN,471445,Married women currently using any method of contraception,32.7,1,KE,Kenya,1993,KE1993DHS,FP_CUSM_W_ANY,32633010,I,1000,0,Total,Total,0,,1,1,FPCUSMWANY,,1993,DHS,4629,4583,,,
KEN,471446,Married women currently using any modern method of contraception,27.3,1,KE,Kenya,1993,KE1993DHS,FP_CUSM_W_MOD,32633020,I,1000,0,Total,Total,0,,1,1,FPCUSMWMOD,,1993,DHS,4629,4583,,,
KEN,516299,Unmet need for family planning,35.3,1,KE,Kenya,1993,KE1993DHS,FP_NADM_W_UNT,32933030,I,1000,0,Total,Total,0,,1,1,FPNADMWUNT,,1993,DHS,4629,4583,,,
KEN,427237,Demand for family planning satisfied,48.1,1,KE,Kenya,1993,KE1993DHS,FP_NADM_W_PDS,32933140,I,1000,0,Total,Total,0,,1,1,FPNADMWPDS,,1993,DHS,3150,3124,,,
KEN,427238,Demand for family planning satisfied by modern methods,40.1,1,KE,Kenya,1993,KE1993DHS,FP_NADM_W_PDM,32933150,I,1000,0,Total,Total,0,,1,1,FPNADMWPDM,,1993,DHS,3150,3124,,,
KEN,62162,Current marital status [Women]: Married or living in union,61.4,1,KE,Kenya,1993,KE1993DHS,MA_MSTA_W_UNI,41503090,I,10000,10000,Total 15-49,Total 15-49,0,,1,1,MAMSTAWUNI,,1993,DHS,7540,7540,,,
KEN,699704,Current marital status [Men]: Married or living in union,69.6,1,KE,Kenya,1993,KE1993DHS,MA_MSTA_M_UNI,41504200,I,10000,10000,Total 15-49,Total 15-49,0,,1,1,MAMSTAMUNI,,1993,DHS,2171,2170,,,
KEN,62391,Median age at first marriage [Women]: 25-49,18.8,1,KE,Kenya,1993,KE1993DHS,MA_AAFM_W_M2B,41633090,I,1000,0,Total,Total,0,,1,1,MAAAFMWM2B,,1993,DHS,,,,,
KEN,62392,"Median age at first marriage [Men]: 25-49(54,59)",24.7,1,KE,Kenya,1993,KE1993DHS,MA_AAFM_M_M2B,41634180,I,1000,0,Total,Total,0,,1,1,MAAAFMMM2B,,1993,DHS,,,,,
KEN,62404,Median age at first sexual intercourse [Women]: 25-49,16.8,1,KE,Kenya,1993,KE1993DHS,SX_AAFS_W_M2B,51703090,I,1000,0,Total,Total,0,,1,1,SXAAFSWM2B,,1993,DHS,,,,,
KEN,62406,"Median age at first sexual intercourse [Men]: 25-49(54,59)",16.9,1,KE,Kenya,1993,KE1993DHS,SX_AAFS_M_M2B,51704180,I,1000,0,Total,Total,0,,1,1,SXAAFSMM2B,,1993,DHS,,,,,
KEN,821603,Neonatal mortality rate,26,0,KE,Kenya,1993,KE1993DHS,CM_ECMR_C_NNR,63206010,I,1000,0,Total,Total,14001,Five years preceding the survey,1,1,CMECMRCNNR,,1993,DHS,,,21,31,
KEN,796817,Neonatal mortality rate,27,0,KE,Kenya,1993,KE1993DHS,CM_ECMR_C_NNR,63206010,I,1000,0,Total,Total,14003,Ten years preceding the survey,1,0,CMECMRCNNR,,1993,DHS,,,23,31,
KEN,802981,Postneonatal mortality rate,36,0,KE,Kenya,1993,KE1993DHS,CM_ECMR_C_PNR,63206020,I,1000,0,Total,Total,14001,Five years preceding the survey,1,1,CMECMRCPNR,,1993,DHS,,,29,43,
KEN,818833,Postneonatal mortality rate,36,0,KE,Kenya,1993,KE1993DHS,CM_ECMR_C_PNR,63206020,I,1000,0,Total,Total,14003,Ten years preceding the survey,1,0,CMECMRCPNR,,1993,DHS,,,31,41,
KEN,812467,Infant mortality rate,62,0,KE,Kenya,1993,KE1993DHS,CM_ECMR_C_IMR,63206030,I,1000,0,Total,Total,14001,Five years preceding the survey,1,1,CMECMRCIMR,,1993,DHS,,,53,70,
KEN,812054,Infant mortality rate,63,0,KE,Kenya,1993,KE1993DHS,CM_ECMR_C_IMR,63206030,I,1000,0,Total,Total,14003,Ten years preceding the survey,1,0,CMECMRCIMR,,1993,DHS,,,55,70,
KEN,832176,Child mortality rate,37,0,KE,Kenya,1993,KE1993DHS,CM_ECMR_C_CMR,63206040,I,1000,0,Total,Total,14001,Five years preceding the survey,1,1,CMECMRCCMR,,1993,DHS,,,31,42,
KEN,812157,Child mortality rate,33,0,KE,Kenya,1993,KE1993DHS,CM_ECMR_C_CMR,63206040,I,1000,0,Total,Total,14003,Ten years preceding the survey,1,0,CMECMRCCMR,,1993,DHS,,,28,37,
KEN,772275,Under-five mortality rate,96,0,KE,Kenya,1993,KE1993DHS,CM_ECMR_C_U5M,63206050,I,1000,0,Total,Total,14001,Five years preceding the survey,1,1,CMECMRCU5M,,1993,DHS,,,86,107,
KEN,776829,Under-five mortality rate,93,0,KE,Kenya,1993,KE1993DHS,CM_ECMR_C_U5M,63206050,I,1000,0,Total,Total,14003,Ten years preceding the survey,1,0,CMECMRCU5M,,1993,DHS,,,84,102,
KEN,758581,Antenatal care from a skilled provider,94.6,1,KE,Kenya,1993,KE1993DHS,RH_ANCP_W_SKP,83363120,I,1000,0,Total,Total,14000,Three years preceding the survey,1,0,RHANCPWSKP,,1993,DHS,3103,3080,,,
KEN,571918,Antenatal care from a skilled provider,94.8,1,KE,Kenya,1993,KE1993DHS,RH_ANCP_W_SKP,83363120,I,1000,0,Total,Total,14001,Five years preceding the survey,1,0,RHANCPWSKP,,1993,DHS,3936,3904,,,
KEN,454225,Antenatal care from a skilled provider,94.3,1,KE,Kenya,1993,KE1993DHS,RH_ANCP_W_SKP,83363120,I,1000,0,Total,Total,14002,Two years preceding the survey,1,1,RHANCPWSKP,,1993,DHS,2307,2305,,,
KEN,417546,Antenatal visits for pregnancy: 4+ visits,63.2,1,KE,Kenya,1993,KE1993DHS,RH_ANCN_W_N4P,83403040,I,1000,0,Total,Total,14000,Three years preceding the survey,1,0,RHANCNWN4P,,1993,DHS,3103,3080,,,
KEN,536377,Antenatal visits for pregnancy: 4+ visits,64.1,1,KE,Kenya,1993,KE1993DHS,RH_ANCN_W_N4P,83403040,I,1000,0,Total,Total,14001,Five years preceding the survey,1,0,RHANCNWN4P,,1993,DHS,3936,3904,,,
KEN,46836,Antenatal visits for pregnancy: 4+ visits,62.3,1,KE,Kenya,1993,KE1993DHS,RH_ANCN_W_N4P,83403040,I,1000,0,Total,Total,14002,Two years preceding the survey,1,1,RHANCNWN4P,,1993,DHS,2307,2305,,,
KEN,12024,Place of delivery: Health facility,42.4,1,KE,Kenya,1993,KE1993DHS,RH_DELP_C_DHF,83566070,I,1000,0,Total,Total,14000,Three years preceding the survey,1,0,RHDELPCDHF,,1993,DHS,3645,3655,,,
KEN,353179,Place of delivery: Health facility,43.8,1,KE,Kenya,1993,KE1993DHS,RH_DELP_C_DHF,83566070,I,1000,0,Total,Total,14001,Five years preceding the survey,1,0,RHDELPCDHF,,1993,DHS,6128,6115,,,
KEN,572824,Place of delivery: Health facility,41.7,1,KE,Kenya,1993,KE1993DHS,RH_DELP_C_DHF,83566070,I,1000,0,Total,Total,14002,Two years preceding the survey,1,1,RHDELPCDHF,,1993,DHS,2408,2415,,,
KEN,323830,Assistance during delivery from a skilled provider,43.8,1,KE,Kenya,1993,KE1993DHS,RH_DELA_C_SKP,83606110,I,1000,0,Total,Total,14000,Three years preceding the survey,1,0,RHDELACSKP,,1993,DHS,3645,3655,,,
KEN,324406,Assistance during delivery from a skilled provider,45.1,1,KE,Kenya,1993,KE1993DHS,RH_DELA_C_SKP,83606110,I,1000,0,Total,Total,14001,Five years preceding the survey,1,0,RHDELACSKP,,1993,DHS,6128,6115,,,
KEN,564845,Assistance during delivery from a skilled provider,43.1,1,KE,Kenya,1993,KE1993DHS,RH_DELA_C_SKP,83606110,I,1000,0,Total,Total,14002,Two years preceding the survey,1,1,RHDELACSKP,,1993,DHS,2408,2415,,,
KEN,323831,Delivery by cesarean section,5.4,1,KE,Kenya,1993,KE1993DHS,RH_DELA_C_CSC,83606120,I,1000,0,Total,Total,14000,Three years preceding the survey,1,0,RHDELACCSC,,1993,DHS,3645,3655,,,
KEN,324407,Delivery by cesarean section,5.2,1,KE,Kenya,1993,KE1993DHS,RH_DELA_C_CSC,83606120,I,1000,0,Total,Total,14001,Five years preceding the survey,1,0,RHDELACCSC,,1993,DHS,6128,6115,,,
KEN,564846,Delivery by cesarean section,5.8,1,KE,Kenya,1993,KE1993DHS,RH_DELA_C_CSC,83606120,I,1000,0,Total,Total,14002,Two years preceding the survey,1,1,RHDELACCSC,,1993,DHS,2408,2415,,,
KEN,531656,BCG vaccination received,96.2,1,KE,Kenya,1993,KE1993DHS,CH_VACC_C_BCG,93906010,I,1000,0,Total,Total,0,,1,1,CHVACCCBCG,,1993,DHS,1124,1116,,,
KEN,531707,DPT 3 vaccination received,86.8,1,KE,Kenya,1993,KE1993DHS,CH_VACC_C_DP3,93906040,I,1000,0,Total,Total,0,,1,1,CHVACCCDP3,,1993,DHS,1124,1116,,,
KEN,531655,Polio 3 vaccination received,85.7,1,KE,Kenya,1993,KE1993DHS,CH_VACC_C_OP3,93906080,I,1000,0,Total,Total,0,,1,1,CHVACCCOP3,,1993,DHS,1124,1116,,,
KEN,531708,Measles vaccination received,83.8,1,KE,Kenya,1993,KE1993DHS,CH_VACC_C_MSL,93906090,I,1000,0,Total,Total,0,,1,1,CHVACCCMSL,,1993,DHS,1124,1116,,,
KEN,531658,Fully vaccinated (8 basic antigens),78.2,1,KE,Kenya,1993,KE1993DHS,CH_VACC_C_BAS,93906230,I,1000,0,Total,Total,0,,1,1,CHVACCCBAS,,1993,DHS,1124,1116,,,
KEN,499887,Children with symptoms of ARI,21,1,KE,Kenya,1993,KE1993DHS,CH_ARIS_C_ARI,93966010,I,1000,0,Total,Total,14000,Three years preceding the survey,1,0,CHARISCARI,,1993,DHS,3364,3370,,,
KEN,298905,Children with symptoms of ARI,18.2,1,KE,Kenya,1993,KE1993DHS,CH_ARIS_C_ARI,93966010,I,1000,0,Total,Total,14001,Five years preceding the survey,1,1,CHARISCARI,,1993,DHS,5650,5642,,,
KEN,743828,Children with ARI for whom advice or treatment was sought,72.3,1,KE,Kenya,1993,KE1993DHS,CH_ARIS_C_ADV,93966040,I,1000,0,Total,Total,14000,Three years preceding the survey,1,0,CHARISCADV,,1993,DHS,705,687,,,
KEN,366332,Children with ARI for whom advice or treatment was sought,71.2,1,KE,Kenya,1993,KE1993DHS,CH_ARIS_C_ADV,93966040,I,1000,0,Total,Total,14001,Five years preceding the survey,1,1,CHARISCADV,,1993,DHS,1027,1007,,,
KEN,404035,Children with fever in the last two weeks,46.1,1,KE,Kenya,1993,KE1993DHS,CH_FEVR_C_FEV,94006010,I,1000,0,Total,Total,14000,Three years preceding the survey,1,0,CHFEVRCFEV,,1993,DHS,3364,3370,,,
KEN,722383,Children with fever in the last two weeks,41.4,1,KE,Kenya,1993,KE1993DHS,CH_FEVR_C_FEV,94006010,I,1000,0,Total,Total,14001,Five years preceding the survey,1,1,CHFEVRCFEV,,1993,DHS,5650,5642,,,
KEN,678054,Children with fever for whom advice or treatment was sought,68.3,1,KE,Kenya,1993,KE1993DHS,CH_FEVT_C_ADV,94036010,I,1000,0,Total,Total,14000,Three years preceding the survey,1,0,CHFEVTCADV,,1993,DHS,1550,1505,,,
KEN,573613,Children with fever for whom advice or treatment was sought,66.8,1,KE,Kenya,1993,KE1993DHS,CH_FEVT_C_ADV,94036010,I,1000,0,Total,Total,14001,Five years preceding the survey,1,1,CHFEVTCADV,,1993,DHS,2340,2249,,,
KEN,547128,Children with diarrhea,18.8,1,KE,Kenya,1993,KE1993DHS,CH_DIAR_C_DIA,94066010,I,1000,0,Total,Total,14000,Three years preceding the survey,1,0,CHDIARCDIA,,1993,DHS,3364,3370,,,
KEN,320868,Children with diarrhea,13.8,1,KE,Kenya,1993,KE1993DHS,CH_DIAR_C_DIA,94066010,I,1000,0,Total,Total,14001,Five years preceding the survey,1,1,CHDIARCDIA,,1993,DHS,5650,5642,,,
KEN,678317,Treatment of diarrhea: Either ORS or RHF,31.6,1,KE,Kenya,1993,KE1993DHS,CH_DIAT_C_ORT,94096040,I,1000,0,Total,Total,14000,Three years preceding the survey,1,0,CHDIATCORT,,1993,DHS,632,617,,,
KEN,540327,Treatment of diarrhea: Either ORS or RHF,31.6,1,KE,Kenya,1993,KE1993DHS,CH_DIAT_C_ORT,94096040,I,1000,0,Total,Total,14001,Five years preceding the survey,1,1,CHDIATCORT,,1993,DHS,779,756,,,
KEN,622315,Children stunted,39.9,1,KE,Kenya,1993,KE1993DHS,CN_NUTS_C_HA2,104236020,I,1000,0,Total,Total,0,,1,1,CNNUTSCHA2,,1993,DHS,4757,4829,,,
KEN,720922,Children wasted,6.7,1,KE,Kenya,1993,KE1993DHS,CN_NUTS_C_WH2,104236050,I,1000,0,Total,Total,0,,1,1,CNNUTSCWH2,,1993,DHS,4757,4829,,,
KEN,272670,Children underweight,18.7,1,KE,Kenya,1993,KE1993DHS,CN_NUTS_C_WA2,104236090,I,1000,0,Total,Total,0,,1,1,CNNUTSCWA2,,1993,DHS,4757,4829,,,
KEN,662750,Children exclusively breastfed,17,1,KE,Kenya,1993,KE1993DHS,CN_BRFS_C_EXB,104306020,I,295001,21001,Age in months (other groupings),0-5,0,,1,1,CNBRFSCEXB,,1993,DHS,514,518,,,
KEN,53331,Median duration of any breastfeeding,21.1,1,KE,Kenya,1993,KE1993DHS,CN_BFDR_C_MDA,104336010,I,1000,0,Total,Total,0,,1,1,CNBFDRCMDA,,1993,DHS,,,,,
KEN,53323,Median duration of exclusive breastfeeding,0.6,1,KE,Kenya,1993,KE1993DHS,CN_BFDR_C_MDE,104336020,I,1000,0,Total,Total,0,,1,1,CNBFDRCMDE,,1993,DHS,,,,,
KEN,53326,Median duration of predominant breastfeeding,1.8,1,KE,Kenya,1993,KE1993DHS,CN_BFDR_C_MDP,104336030,I,1000,0,Total,Total,0,,1,1,CNBFDRCMDP,,1993,DHS,,,,,
KEN,480072,Mean Body Mass Index (BMI) for women,22,1,KE,Kenya,1993,KE1993DHS,AN_NUTS_W_BMI,114563040,I,1000,0,Total,Total,0,,1,1,ANNUTSWBMI,,1993,DHS,3242,3226,,,
KEN,480074,Women who are thin according to BMI (<18.5),10,1,KE,Kenya,1993,KE1993DHS,AN_NUTS_W_THN,114563060,I,1000,0,Total,Total,0,,1,1,ANNUTSWTHN,,1993,DHS,3242,3226,,,
KEN,480078,Women who are overweight or obese according to BMI (>=25.0),14.3,1,KE,Kenya,1993,KE1993DHS,AN_NUTS_W_OWT,114563090,I,1000,0,Total,Total,0,,1,1,ANNUTSWOWT,,1993,DHS,3242,3226,,,
KEN,758055,Women with no education,17.9,1,KE,Kenya,1993,KE1993DHS,ED_EDUC_W_NED,231203010,I,10000,10000,Total 15-49,Total 15-49,0,,1,1,EDEDUCWNED,,1993,DHS,7540,7540,,,
KEN,758060,Women with secondary or higher education,24.5,1,KE,Kenya,1993,KE1993DHS,ED_EDUC_W_SEH,231203100,I,10000,10000,Total 15-49,Total 15-49,0,,1,1,EDEDUCWSEH,,1993,DHS,7540,7540,,,
KEN,457790,Men with no education,6.9,1,KE,Kenya,1993,KE1993DHS,ED_EDUC_M_NED,231204140,I,10000,10000,Total 15-49,Total 15-49,0,,1,1,EDEDUCMNED,,1993,DHS,2171,2170,,,
KEN,457793,Men with secondary or higher education,39.7,1,KE,Kenya,1993,KE1993DHS,ED_EDUC_M_SEH,231204230,I,10000,10000,Total 15-49,Total 15-49,0,,1,1,EDEDUCMSEH,,1993,DHS,2171,2170,,,
KEN,215267,Population using an improved water source,38.6,1,KE,Kenya,1993,KE1993DHS,WS_SRCE_P_IMP,250162010,I,1000,0,Total,Total,0,,1,1,WSSRCEPIMP,,1993,DHS,38096,37934,,,
KEN,625480,Population with an improved sanitation facility,13.6,1,KE,Kenya,1993,KE1993DHS,WS_TLET_P_IMP,250262010,I,1000,0,Total,Total,0,,1,1,WSTLETPIMP,,1993,DHS,38096,37934,,,
KEN,403452,Households with electricity,10.9,1,KE,Kenya,1993,KE1993DHS,HC_ELEC_H_ELC,260321010,I,1000,0,Total,Total,0,,1,1,HCELECHELC,,1993,DHS,7950,7950,,,
KEN,131069,Total fertility rate 15-49,4.7,1,KE,Kenya,1998,KE1998DHS,FE_FRTR_W_TFR,11763080,I,1000,0,Total,Total,0,,1,1,FEFRTRWTFR,,1998,DHS,,,,,
KEN,131059,General fertility rate,166,0,KE,Kenya,1998,KE1998DHS,FE_FRTR_W_GFR,11763100,I,1000,0,Total,Total,0,,1,1,FEFRTRWGFR,,1998,DHS,,,,,
KEN,560607,Mean number of children ever born,2.89,2,KE,Kenya,1998,KE1998DHS,FE_CEBA_W_MNC,11863150,I,1000,0,Total,Total,0,,1,1,FECEBAWMNC,,1998,DHS,7881,7881,,,
KEN,560591,Mean number of living children,2.57,2,KE,Kenya,1998,KE1998DHS,FE_CEBA_W_MNL,11863160,I,1000,0,Total,Total,0,,1,1,FECEBAWMNL,,1998,DHS,7881,7881,,,
KEN,131110,Median age at first birth for women age 25-49,19.4,1,KE,Kenya,1998,KE1998DHS,FE_AAFB_W_M2B,12103080,I,1000,0,Total,Total,0,,1,1,FEAAFBWM2B,,1998,DHS,,,,,
KEN,28266,Women who want no more children,53.3,1,KE,Kenya,1998,KE1998DHS,PR_DESL_W_WNM,22203010,I,1000,0,Total,Total,1000,Total,1,1,PRDESLWWNM,,1998,DHS,,4847,,,
KEN,769799,Women who want no more children,1.7,1,KE,Kenya,1998,KE1998DHS,PR_DESL_W_WNM,22203010,I,1000,0,Total,Total,189000,Living children: 0,1,0,PRDESLWWNM,,1998,DHS,,243,,,
KEN,28239,Women who want no more children,8.1,1,KE,Kenya,1998,KE1998DHS,PR_DESL_W_WNM,22203010,I,1000,0,Total,Total,189001,Living children: 1,1,0,PRDESLWWNM,,1998,DHS,,677,,,
KEN,28261,Women who want no more children,33.9,1,KE,Kenya,1998,KE1998DHS,PR_DESL_W_WNM,22203010,I,1000,0,Total,Total,189002,Living children: 2,1,0,PRDESLWWNM,,1998,DHS,,887,,,
KEN,28245,Women who want no more children,51.8,1,KE,Kenya,1998,KE1998DHS,PR_DESL_W_WNM,22203010,I,1000,0,Total,Total,189003,Living children: 3,1,0,PRDESLWWNM,,1998,DHS,,740,,,
KEN,445749,Women who want no more children,72.2,1,KE,Kenya,1998,KE1998DHS,PR_DESL_W_WNM,22203010,I,1000,0,Total,Total,189004,Living children: 4,1,0,PRDESLWWNM,,1998,DHS,,648,,,
KEN,420254,Women who want no more children,78.4,1,KE,Kenya,1998,KE1998DHS,PR_DESL_W_WNM,22203010,I,1000,0,Total,Total,189005,Living children: 5,1,0,PRDESLWWNM,,1998,DHS,,529,,,
KEN,513908,Women who want no more children,88.8,1,KE,Kenya,1998,KE1998DHS,PR_DESL_W_WNM,22203010,I,1000,0,Total,Total,189006,Living children: 6+,1,0,PRDESLWWNM,,1998,DHS,,1123,,,
KEN,619288,Mean ideal number of children for all women,3.8,1,KE,Kenya,1998,KE1998DHS,PR_MIDL_W_MNA,22263010,I,1000,0,Total,Total,0,,1,1,PRMIDLWMNA,,1998,DHS,7501,7464,,,
KEN,28262,Total wanted fertility rate,3.5,1,KE,Kenya,1998,KE1998DHS,PR_WTFR_W_WFR,22333010,I,1000,0,Total,Total,0,,1,1,PRWTFRWWFR,,1998,DHS,,,,,
KEN,737702,Married women currently using any method of contraception,39,1,KE,Kenya,1998,KE1998DHS,FP_CUSM_W_ANY,32633010,I,1000,0,Total,Total,0,,1,1,FPCUSMWANY,,1998,DHS,4834,4847,,,
KEN,737705,Married women currently using any modern method of contraception,31.5,1,KE,Kenya,1998,KE1998DHS,FP_CUSM_W_MOD,32633020,I,1000,0,Total,Total,0,,1,1,FPCUSMWMOD,,1998,DHS,4834,4847,,,
KEN,262746,First-year contraceptive discontinuation rate due to method failure,5,1,KE,Kenya,1998,KE1998DHS,FP_DISR_W_PRG,32833010,I,1000,0,Total,Total,0,,1,1,FPDISRWPRG,,1998,DHS,3327,3129,,,
KEN,262753,First-year contraceptive discontinuation rate due to all reasons,32.6,1,KE,Kenya,1998,KE1998DHS,FP_DISR_W_ANY,32833080,I,1000,0,Total,Total,0,,1,1,FPDISRWANY,,1998,DHS,3327,3129,,,
KEN,73449,Unmet need for family planning,28,1,KE,Kenya,1998,KE1998DHS,FP_NADM_W_UNT,32933030,I,1000,0,Total,Total,0,,1,1,FPNADMWUNT,,1998,DHS,4834,4847,,,
KEN,733440,Demand for family planning satisfied,58.2,1,KE,Kenya,1998,KE1998DHS,FP_NADM_W_PDS,32933140,I,1000,0,Total,Total,0,,1,1,FPNADMWPDS,,1998,DHS,3237,3229,,,
KEN,733441,Demand for family planning satisfied by modern methods,47,1,KE,Kenya,1998,KE1998DHS,FP_NADM_W_PDM,32933150,I,1000,0,Total,Total,0,,1,1,FPNADMWPDM,,1998,DHS,3237,3229,,,
KEN,655721,Current marital status [Women]: Married or living in union,61.3,1,KE,Kenya,1998,KE1998DHS,MA_MSTA_W_UNI,41503090,I,10000,10000,Total 15-49,Total 15-49,0,,1,1,MAMSTAWUNI,,1998,DHS,7881,7881,,,
KEN,543104,Current marital status [Men]: Married or living in union,50.1,1,KE,Kenya,1998,KE1998DHS,MA_MSTA_M_UNI,41504200,I,10000,10000,Total 15-49,Total 15-49,0,,1,1,MAMSTAMUNI,,1998,DHS,3224,3231,,,
KEN,62590,Median age at first marriage [Women]: 25-49,19.2,1,KE,Kenya,1998,KE1998DHS,MA_AAFM_W_M2B,41633090,I,1000,0,Total,Total,0,,1,1,MAAAFMWM2B,,1998,DHS,,,,,
KEN,62591,"Median age at first marriage [Men]: 25-49(54,59)",24.8,1,KE,Kenya,1998,KE1998DHS,MA_AAFM_M_M2B,41634180,I,1000,0,Total,Total,0,,1,1,MAAAFMMM2B,,1998,DHS,,,,,
KEN,62645,Median age at first sexual intercourse [Women]: 25-49,16.5,1,KE,Kenya,1998,KE1998DHS,SX_AAFS_W_M2B,51703090,I,1000,0,Total,Total,0,,1,1,SXAAFSWM2B,,1998,DHS,,,,,
KEN,62650,"Median age at first sexual intercourse [Men]: 25-49(54,59)",17,1,KE,Kenya,1998,KE1998DHS,SX_AAFS_M_M2B,51704180,I,1000,0,Total,Total,0,,1,1,SXAAFSMM2B,,1998,DHS,,,,,
KEN,117842,Neonatal mortality rate,28,0,KE,Kenya,1998,KE1998DHS,CM_ECMR_C_NNR,63206010,I,1000,0,Total,Total,14001,Five years preceding the survey,1,1,CMECMRCNNR,,1998,DHS,,,22,34,
KEN,798943,Neonatal mortality rate,27,0,KE,Kenya,1998,KE1998DHS,CM_ECMR_C_NNR,63206010,I,1000,0,Total,Total,14003,Ten years preceding the survey,1,0,CMECMRCNNR,,1998,DHS,,,23,31,
KEN,117742,Postneonatal mortality rate,45,0,KE,Kenya,1998,KE1998DHS,CM_ECMR_C_PNR,63206020,I,1000,0,Total,Total,14001,Five years preceding the survey,1,1,CMECMRCPNR,,1998,DHS,,,37,54,
KEN,801277,Postneonatal mortality rate,44,0,KE,Kenya,1998,KE1998DHS,CM_ECMR_C_PNR,63206020,I,1000,0,Total,Total,14003,Ten years preceding the survey,1,0,CMECMRCPNR,,1998,DHS,,,37,51,
KEN,770117,Infant mortality rate,74,0,KE,Kenya,1998,KE1998DHS,CM_ECMR_C_IMR,63206030,I,1000,0,Total,Total,14001,Five years preceding the survey,1,1,CMECMRCIMR,,1998,DHS,,,63,85,
KEN,117784,Infant mortality rate,71,0,KE,Kenya,1998,KE1998DHS,CM_ECMR_C_IMR,63206030,I,1000,0,Total,Total,14003,Ten years preceding the survey,1,0,CMECMRCIMR,,1998,DHS,,,62,79,
KEN,117790,Child mortality rate,41,0,KE,Kenya,1998,KE1998DHS,CM_ECMR_C_CMR,63206040,I,1000,0,Total,Total,14001,Five years preceding the survey,1,1,CMECMRCCMR,,1998,DHS,,,33,48,
KEN,787213,Child mortality rate,37,0,KE,Kenya,1998,KE1998DHS,CM_ECMR_C_CMR,63206040,I,1000,0,Total,Total,14003,Ten years preceding the survey,1,0,CMECMRCCMR,,1998,DHS,,,31,43,
KEN,808462,Under-five mortality rate,111,0,KE,Kenya,1998,KE1998DHS,CM_ECMR_C_U5M,63206050,I,1000,0,Total,Total,14001,Five years preceding the survey,1,1,CMECMRCU5M,,1998,DHS,,,97,126,
KEN,811157,Under-five mortality rate,105,0,KE,Kenya,1998,KE1998DHS,CM_ECMR_C_U5M,63206050,I,1000,0,Total,Total,14003,Ten years preceding the survey,1,0,CMECMRCU5M,,1998,DHS,,,94,117,
KEN,13192,Probability of dying between exact age 15 and 50 (35q15) for women,169,0,KE,Kenya,1998,KE1998DHS,MM_AMPB_W_AMP,76963010,I,10000,10000,Total 15-49,Total 15-49,0,,1,1,MMAMPBWAMP,,1998,DHS,,,,,
KEN,13174,Probability of dying between exact age 15 and 50 (35q15) for men,184,0,KE,Kenya,1998,KE1998DHS,MM_AMPB_M_AMP,76964020,I,10000,10000,Total 15-49,Total 15-49,0,,1,1,MMAMPBMAMP,,1998,DHS,,,,,
KEN,801306,Pregnancy-related mortality ratio,743,0,KE,Kenya,1998,KE1998DHS,MM_MMRO_W_PMR,77033020,I,1000,0,Total,Total,0,,1,1,MMMMROWPMR,,1998,DHS,,,591,895,
KEN,595286,Antenatal care from a skilled provider,92.3,1,KE,Kenya,1998,KE1998DHS,RH_ANCP_W_SKP,83363120,I,1000,0,Total,Total,14000,Three years preceding the survey,1,0,RHANCPWSKP,,1998,DHS,3007,3058,,,
KEN,709948,Antenatal care from a skilled provider,92.4,1,KE,Kenya,1998,KE1998DHS,RH_ANCP_W_SKP,83363120,I,1000,0,Total,Total,14002,Two years preceding the survey,1,1,RHANCPWSKP,,1998,DHS,2255,2300,,,
KEN,614889,Antenatal visits for pregnancy: 4+ visits,60.4,1,KE,Kenya,1998,KE1998DHS,RH_ANCN_W_N4P,83403040,I,1000,0,Total,Total,14000,Three years preceding the survey,1,0,RHANCNWN4P,,1998,DHS,3007,3058,,,
KEN,533446,Antenatal visits for pregnancy: 4+ visits,58.1,1,KE,Kenya,1998,KE1998DHS,RH_ANCN_W_N4P,83403040,I,1000,0,Total,Total,14002,Two years preceding the survey,1,1,RHANCNWN4P,,1998,DHS,2255,2300,,,
KEN,279097,Place of delivery: Health facility,42.1,1,KE,Kenya,1998,KE1998DHS,RH_DELP_C_DHF,83566070,I,1000,0,Total,Total,14000,Three years preceding the survey,1,0,RHDELPCDHF,,1998,DHS,3464,3531,,,
KEN,474265,Place of delivery: Health facility,40.8,1,KE,Kenya,1998,KE1998DHS,RH_DELP_C_DHF,83566070,I,1000,0,Total,Total,14002,Two years preceding the survey,1,1,RHDELPCDHF,,1998,DHS,2359,2409,,,
KEN,222544,Assistance during delivery from a skilled provider,44.4,1,KE,Kenya,1998,KE1998DHS,RH_DELA_C_SKP,83606110,I,1000,0,Total,Total,14000,Three years preceding the survey,1,0,RHDELACSKP,,1998,DHS,3464,3531,,,
KEN,358312,Assistance during delivery from a skilled provider,42.6,1,KE,Kenya,1998,KE1998DHS,RH_DELA_C_SKP,83606110,I,1000,0,Total,Total,14002,Two years preceding the survey,1,1,RHDELACSKP,,1998,DHS,2359,2409,,,
KEN,222545,Delivery by cesarean section,6.8,1,KE,Kenya,1998,KE1998DHS,RH_DELA_C_CSC,83606120,I,1000,0,Total,Total,14000,Three years preceding the survey,1,0,RHDELACCSC,,1998,DHS,3464,3531,,,
KEN,358313,Delivery by cesarean section,7.2,1,KE,Kenya,1998,KE1998DHS,RH_DELA_C_CSC,83606120,I,1000,0,Total,Total,14002,Two years preceding the survey,1,1,RHDELACCSC,,1998,DHS,2359,2409,,,
KEN,150027,BCG vaccination received,95.9,1,KE,Kenya,1998,KE1998DHS,CH_VACC_C_BCG,93906010,I,1000,0,Total,Total,0,,1,1,CHVACCCBCG,,1998,DHS,1097,1127,,,
KEN,150030,DPT 3 vaccination received,79.2,1,KE,Kenya,1998,KE1998DHS,CH_VACC_C_DP3,93906040,I,1000,0,Total,Total,0,,1,1,CHVACCCDP3,,1998,DHS,1097,1127,,,
KEN,150026,Polio 3 vaccination received,74.4,1,KE,Kenya,1998,KE1998DHS,CH_VACC_C_OP3,93906080,I,1000,0,Total,Total,0,,1,1,CHVACCCOP3,,1998,DHS,1097,1127,,,
KEN,150031,Measles vaccination received,79.2,1,KE,Kenya,1998,KE1998DHS,CH_VACC_C_MSL,93906090,I,1000,0,Total,Total,0,,1,1,CHVACCCMSL,,1998,DHS,1097,1127,,,
KEN,150029,Fully vaccinated (8 basic antigens),59.5,1,KE,Kenya,1998,KE1998DHS,CH_VACC_C_BAS,93906230,I,1000,0,Total,Total,0,,1,1,CHVACCCBAS,,1998,DHS,1097,1127,,,
KEN,552238,Children with symptoms of ARI,20.1,1,KE,Kenya,1998,KE1998DHS,CH_ARIS_C_ARI,93966010,I,1000,0,Total,Total,14000,Three years preceding the survey,1,0,CHARISCARI,,1998,DHS,3205,3275,,,
KEN,421303,Children with ARI for whom advice or treatment was sought,71.7,1,KE,Kenya,1998,KE1998DHS,CH_ARIS_C_ADV,93966040,I,1000,0,Total,Total,14000,Three years preceding the survey,1,0,CHARISCADV,,1998,DHS,644,632,,,
KEN,747531,Children with fever in the last two weeks,42.3,1,KE,Kenya,1998,KE1998DHS,CH_FEVR_C_FEV,94006010,I,1000,0,Total,Total,14000,Three years preceding the survey,1,0,CHFEVRCFEV,,1998,DHS,3205,3275,,,
KEN,592558,Children with fever for whom advice or treatment was sought,38.1,1,KE,Kenya,1998,KE1998DHS,CH_FEVT_C_ADV,94036010,I,1000,0,Total,Total,14000,Three years preceding the survey,1,0,CHFEVTCADV,,1998,DHS,1356,1365,,,
KEN,702977,Children with diarrhea,17.1,1,KE,Kenya,1998,KE1998DHS,CH_DIAR_C_DIA,94066010,I,1000,0,Total,Total,14000,Three years preceding the survey,1,0,CHDIARCDIA,,1998,DHS,3205,3275,,,
KEN,412396,Treatment of diarrhea: Either ORS or RHF,68.7,1,KE,Kenya,1998,KE1998DHS,CH_DIAT_C_ORT,94096040,I,1000,0,Total,Total,14000,Three years preceding the survey,1,0,CHDIATCORT,,1998,DHS,549,538,,,
KEN,561875,"Feeding practices during diarrhea: Continued feeding, and ORT and/or increased fluids",42.9,1,KE,Kenya,1998,KE1998DHS,CH_DIFP_C_FAL,94136190,I,1000,0,Total,Total,14000,Three years preceding the survey,1,0,CHDIFPCFAL,,1998,DHS,549,538,,,
KEN,620256,Children stunted,37.7,1,KE,Kenya,1998,KE1998DHS,CN_NUTS_C_HA2,104236020,I,1000,0,Total,Total,0,,1,1,CNNUTSCHA2,,1998,DHS,4433,4539,,,
KEN,53403,Children wasted,6.9,1,KE,Kenya,1998,KE1998DHS,CN_NUTS_C_WH2,104236050,I,1000,0,Total,Total,0,,1,1,CNNUTSCWH2,,1998,DHS,4433,4539,,,
KEN,478979,Children underweight,18,1,KE,Kenya,1998,KE1998DHS,CN_NUTS_C_WA2,104236090,I,1000,0,Total,Total,0,,1,1,CNNUTSCWA2,,1998,DHS,4433,4539,,,
KEN,432254,Children exclusively breastfed,12.6,1,KE,Kenya,1998,KE1998DHS,CN_BRFS_C_EXB,104306020,I,295001,21001,Age in months (other groupings),0-5,0,,1,1,CNBRFSCEXB,,1998,DHS,517,518,,,
KEN,53431,Median duration of any breastfeeding,20.9,1,KE,Kenya,1998,KE1998DHS,CN_BFDR_C_MDA,104336010,I,1000,0,Total,Total,0,,1,1,CNBFDRCMDA,,1998,DHS,,,,,
KEN,53429,Median duration of exclusive breastfeeding,0.5,1,KE,Kenya,1998,KE1998DHS,CN_BFDR_C_MDE,104336020,I,1000,0,Total,Total,0,,1,1,CNBFDRCMDE,,1998,DHS,,,,,
KEN,53430,Median duration of predominant breastfeeding,1.9,1,KE,Kenya,1998,KE1998DHS,CN_BFDR_C_MDP,104336030,I,1000,0,Total,Total,0,,1,1,CNBFDRCMDP,,1998,DHS,,,,,
KEN,53457,Mean Body Mass Index (BMI) for women,21.9,1,KE,Kenya,1998,KE1998DHS,AN_NUTS_W_BMI,114563040,I,1000,0,Total,Total,0,,1,1,ANNUTSWBMI,,1998,DHS,3106,3133,,,
KEN,53459,Women who are thin according to BMI (<18.5),11.9,1,KE,Kenya,1998,KE1998DHS,AN_NUTS_W_THN,114563060,I,1000,0,Total,Total,0,,1,1,ANNUTSWTHN,,1998,DHS,3106,3133,,,
KEN,53455,Women who are overweight or obese according to BMI (>=25.0),15,1,KE,Kenya,1998,KE1998DHS,AN_NUTS_W_OWT,114563090,I,1000,0,Total,Total,0,,1,1,ANNUTSWOWT,,1998,DHS,3106,3133,,,
KEN,386668,Women circumcised (FGC),37.6,1,KE,Kenya,1998,KE1998DHS,FG_PFCC_W_WCC,207503010,I,1000,0,Total,Total,0,,1,1,FGPFCCWWCC,,1998,DHS,7881,7881,,,
KEN,420882,Women with no education,11.5,1,KE,Kenya,1998,KE1998DHS,ED_EDUC_W_NED,231203010,I,10000,10000,Total 15-49,Total 15-49,0,,1,1,EDEDUCWNED,,1998,DHS,7881,7881,,,
KEN,420890,Women with secondary or higher education,29.2,1,KE,Kenya,1998,KE1998DHS,ED_EDUC_W_SEH,231203100,I,10000,10000,Total 15-49,Total 15-49,0,,1,1,EDEDUCWSEH,,1998,DHS,7881,7881,,,
KEN,522144,Men with no education,3.5,1,KE,Kenya,1998,KE1998DHS,ED_EDUC_M_NED,231204140,I,10000,10000,Total 15-49,Total 15-49,0,,1,1,EDEDUCMNED,,1998,DHS,3224,3231,,,
KEN,522150,Men with secondary or higher education,41.5,1,KE,Kenya,1998,KE1998DHS,ED_EDUC_M_SEH,231204230,I,10000,10000,Total 15-49,Total 15-49,0,,1,1,EDEDUCMSEH,,1998,DHS,3224,3231,,,
KEN,502799,Population using an improved water source,30.2,1,KE,Kenya,1998,KE1998DHS,WS_SRCE_P_IMP,250162010,I,1000,0,Total,Total,0,,1,1,WSSRCEPIMP,,1998,DHS,35916,36861,,,
KEN,325635,Population with an improved sanitation facility,15.9,1,KE,Kenya,1998,KE1998DHS,WS_TLET_P_IMP,250262010,I,1000,0,Total,Total,0,,1,1,WSTLETPIMP,,1998,DHS,35916,36861,,,
KEN,691803,Households with electricity,14.5,1,KE,Kenya,1998,KE1998DHS,HC_ELEC_H_ELC,260321010,I,1000,0,Total,Total,0,,1,1,HCELECHELC,,1998,DHS,8380,8380,,,
KEN,131143,Total fertility rate 15-49,4.9,1,KE,Kenya,2003,KE2003DHS,FE_FRTR_W_TFR,11763080,I,1000,0,Total,Total,0,,1,1,FEFRTRWTFR,,2003,DHS,,,,,
KEN,131178,General fertility rate,171,0,KE,Kenya,2003,KE2003DHS,FE_FRTR_W_GFR,11763100,I,1000,0,Total,Total,0,,1,1,FEFRTRWGFR,,2003,DHS,,,,,
KEN,470716,Mean number of children ever born,2.75,2,KE,Kenya,2003,KE2003DHS,FE_CEBA_W_MNC,11863150,I,1000,0,Total,Total,0,,1,1,FECEBAWMNC,,2003,DHS,8195,8195,,,
KEN,470715,Mean number of living children,2.43,2,KE,Kenya,2003,KE2003DHS,FE_CEBA_W_MNL,11863160,I,1000,0,Total,Total,0,,1,1,FECEBAWMNL,,2003,DHS,8195,8195,,,
KEN,131278,Median age at first birth for women age 25-49,19.8,1,KE,Kenya,2003,KE2003DHS,FE_AAFB_W_M2B,12103080,I,1000,0,Total,Total,0,,1,1,FEAAFBWM2B,,2003,DHS,,,,,
KEN,675199,Women who want no more children,48.7,1,KE,Kenya,2003,KE2003DHS,PR_DESL_W_WNM,22203010,I,1000,0,Total,Total,1000,Total,1,1,PRDESLWWNM,,2003,DHS,,4876,,,
KEN,658379,Women who want no more children,0.8,1,KE,Kenya,2003,KE2003DHS,PR_DESL_W_WNM,22203010,I,1000,0,Total,Total,189000,Living children: 0,1,0,PRDESLWWNM,,2003,DHS,,233,,,
KEN,482398,Women who want no more children,8.4,1,KE,Kenya,2003,KE2003DHS,PR_DESL_W_WNM,22203010,I,1000,0,Total,Total,189001,Living children: 1,1,0,PRDESLWWNM,,2003,DHS,,805,,,
KEN,28268,Women who want no more children,33.7,1,KE,Kenya,2003,KE2003DHS,PR_DESL_W_WNM,22203010,I,1000,0,Total,Total,189002,Living children: 2,1,0,PRDESLWWNM,,2003,DHS,,947,,,
KEN,641567,Women who want no more children,49.9,1,KE,Kenya,2003,KE2003DHS,PR_DESL_W_WNM,22203010,I,1000,0,Total,Total,189003,Living children: 3,1,0,PRDESLWWNM,,2003,DHS,,871,,,
KEN,498224,Women who want no more children,66.8,1,KE,Kenya,2003,KE2003DHS,PR_DESL_W_WNM,22203010,I,1000,0,Total,Total,189004,Living children: 4,1,0,PRDESLWWNM,,2003,DHS,,649,,,
KEN,458907,Women who want no more children,76.9,1,KE,Kenya,2003,KE2003DHS,PR_DESL_W_WNM,22203010,I,1000,0,Total,Total,189005,Living children: 5,1,0,PRDESLWWNM,,2003,DHS,,479,,,
KEN,550126,Women who want no more children,80,1,KE,Kenya,2003,KE2003DHS,PR_DESL_W_WNM,22203010,I,1000,0,Total,Total,189006,Living children: 6+,1,0,PRDESLWWNM,,2003,DHS,,892,,,
KEN,659238,Mean ideal number of children for all women,3.9,1,KE,Kenya,2003,KE2003DHS,PR_MIDL_W_MNA,22263010,I,1000,0,Total,Total,0,,1,1,PRMIDLWMNA,,2003,DHS,7764,7737,,,
KEN,28392,Total wanted fertility rate,3.6,1,KE,Kenya,2003,KE2003DHS,PR_WTFR_W_WFR,22333010,I,1000,0,Total,Total,0,,1,1,PRWTFRWWFR,,2003,DHS,,,,,
KEN,363219,Married women currently using any method of contraception,39.3,1,KE,Kenya,2003,KE2003DHS,FP_CUSM_W_ANY,32633010,I,1000,0,Total,Total,0,,1,1,FPCUSMWANY,,2003,DHS,4919,4876,,,
KEN,363220,Married women currently using any modern method of contraception,31.5,1,KE,Kenya,2003,KE2003DHS,FP_CUSM_W_MOD,32633020,I,1000,0,Total,Total,0,,1,1,FPCUSMWMOD,,2003,DHS,4919,4876,,,
KEN,73582,First-year contraceptive discontinuation rate due to method failure,5.5,1,KE,Kenya,2003,KE2003DHS,FP_DISR_W_PRG,32833010,I,1000,0,Total,Total,0,,1,1,FPDISRWPRG,,2003,DHS,3736,3601,,,
KEN,73588,First-year contraceptive discontinuation rate due to all reasons,37.6,1,KE,Kenya,2003,KE2003DHS,FP_DISR_W_ANY,32833080,I,1000,0,Total,Total,0,,1,1,FPDISRWANY,,2003,DHS,3736,3601,,,
KEN,414726,Unmet need for family planning,27.4,1,KE,Kenya,2003,KE2003DHS,FP_NADM_W_UNT,32933030,I,1000,0,Total,Total,0,,1,1,FPNADMWUNT,,2003,DHS,4919,4876,,,
KEN,628822,Demand for family planning satisfied,58.9,1,KE,Kenya,2003,KE2003DHS,FP_NADM_W_PDS,32933140,I,1000,0,Total,Total,0,,1,1,FPNADMWPDS,,2003,DHS,3282,3112,,,
KEN,628823,Demand for family planning satisfied by modern methods,47.3,1,KE,Kenya,2003,KE2003DHS,FP_NADM_W_PDM,32933150,I,1000,0,Total,Total,0,,1,1,FPNADMWPDM,,2003,DHS,3282,3112,,,
KEN,533698,Current marital status [Women]: Married or living in union,60,1,KE,Kenya,2003,KE2003DHS,MA_MSTA_W_UNI,41503090,I,10000,10000,Total 15-49,Total 15-49,0,,1,1,MAMSTAWUNI,,2003,DHS,8195,8195,,,
KEN,649667,Current marital status [Men]: Married or living in union,48,1,KE,Kenya,2003,KE2003DHS,MA_MSTA_M_UNI,41504200,I,10000,10000,Total 15-49,Total 15-49,0,,1,1,MAMSTAMUNI,,2003,DHS,3363,3348,,,
KEN,62787,Median age at first marriage [Women]: 25-49,19.7,1,KE,Kenya,2003,KE2003DHS,MA_AAFM_W_M2B,41633090,I,1000,0,Total,Total,0,,1,1,MAAAFMWM2B,,2003,DHS,,,,,
KEN,62814,Median age at first sexual intercourse [Women]: 25-49,17.6,1,KE,Kenya,2003,KE2003DHS,SX_AAFS_W_M2B,51703090,I,1000,0,Total,Total,0,,1,1,SXAAFSWM2B,,2003,DHS,,,,,
KEN,62851,"Median age at first sexual intercourse [Men]: 25-49(54,59)",17.2,1,KE,Kenya,2003,KE2003DHS,SX_AAFS_M_M2B,51704180,I,1000,0,Total,Total,0,,1,1,SXAAFSMM2B,,2003,DHS,,,,,
KEN,813066,Neonatal mortality rate,33,0,KE,Kenya,2003,KE2003DHS,CM_ECMR_C_NNR,63206010,I,1000,0,Total,Total,14001,Five years preceding the survey,1,1,CMECMRCNNR,,2003,DHS,,,27,40,
KEN,803062,Neonatal mortality rate,33,0,KE,Kenya,2003,KE2003DHS,CM_ECMR_C_NNR,63206010,I,1000,0,Total,Total,14003,Ten years preceding the survey,1,0,CMECMRCNNR,,2003,DHS,,,28,37,
KEN,117900,Postneonatal mortality rate,44,0,KE,Kenya,2003,KE2003DHS,CM_ECMR_C_PNR,63206020,I,1000,0,Total,Total,14001,Five years preceding the survey,1,1,CMECMRCPNR,,2003,DHS,,,34,54,
KEN,813067,Postneonatal mortality rate,43,0,KE,Kenya,2003,KE2003DHS,CM_ECMR_C_PNR,63206020,I,1000,0,Total,Total,14003,Ten years preceding the survey,1,0,CMECMRCPNR,,2003,DHS,,,35,51,
KEN,117948,Infant mortality rate,77,0,KE,Kenya,2003,KE2003DHS,CM_ECMR_C_IMR,63206030,I,1000,0,Total,Total,14001,Five years preceding the survey,1,1,CMECMRCIMR,,2003,DHS,,,66,88,
KEN,117947,Infant mortality rate,75,0,KE,Kenya,2003,KE2003DHS,CM_ECMR_C_IMR,63206030,I,1000,0,Total,Total,14003,Ten years preceding the survey,1,0,CMECMRCIMR,,2003,DHS,,,66,85,
KEN,803042,Child mortality rate,41,0,KE,Kenya,2003,KE2003DHS,CM_ECMR_C_CMR,63206040,I,1000,0,Total,Total,14001,Five years preceding the survey,1,1,CMECMRCCMR,,2003,DHS,,,32,49,
KEN,781589,Child mortality rate,40,0,KE,Kenya,2003,KE2003DHS,CM_ECMR_C_CMR,63206040,I,1000,0,Total,Total,14003,Ten years preceding the survey,1,0,CMECMRCCMR,,2003,DHS,,,34,47,
KEN,780409,Under-five mortality rate,115,0,KE,Kenya,2003,KE2003DHS,CM_ECMR_C_U5M,63206050,I,1000,0,Total,Total,14001,Five years preceding the survey,1,1,CMECMRCU5M,,2003,DHS,,,100,129,
KEN,815486,Under-five mortality rate,113,0,KE,Kenya,2003,KE2003DHS,CM_ECMR_C_U5M,63206050,I,1000,0,Total,Total,14003,Ten years preceding the survey,1,0,CMECMRCU5M,,2003,DHS,,,101,125,
KEN,13209,Probability of dying between exact age 15 and 50 (35q15) for women,235,0,KE,Kenya,2003,KE2003DHS,MM_AMPB_W_AMP,76963010,I,10000,10000,Total 15-49,Total 15-49,0,,1,1,MMAMPBWAMP,,2003,DHS,,,,,
KEN,13213,Probability of dying between exact age 15 and 50 (35q15) for men,240,0,KE,Kenya,2003,KE2003DHS,MM_AMPB_M_AMP,76964020,I,10000,10000,Total 15-49,Total 15-49,0,,1,1,MMAMPBMAMP,,2003,DHS,,,,,
KEN,813706,Pregnancy-related mortality ratio,506,0,KE,Kenya,2003,KE2003DHS,MM_MMRO_W_PMR,77033020,I,1000,0,Total,Total,0,,1,1,MMMMROWPMR,,2003,DHS,,,398,614,
KEN,544052,Antenatal care from a skilled provider,87.4,1,KE,Kenya,2003,KE2003DHS,RH_ANCP_W_SKP,83363120,I,1000,0,Total,Total,14000,Three years preceding the survey,1,0,RHANCPWSKP,,2003,DHS,3151,3101,,,
KEN,46948,Antenatal care from a skilled provider,88.1,1,KE,Kenya,2003,KE2003DHS,RH_ANCP_W_SKP,83363120,I,1000,0,Total,Total,14001,Five years preceding the survey,1,0,RHANCPWSKP,,2003,DHS,4052,3972,,,
KEN,675035,Antenatal care from a skilled provider,86.7,1,KE,Kenya,2003,KE2003DHS,RH_ANCP_W_SKP,83363120,I,1000,0,Total,Total,14002,Two years preceding the survey,1,1,RHANCPWSKP,,2003,DHS,2416,2357,,,
KEN,707609,Antenatal visits for pregnancy: 4+ visits,50.9,1,KE,Kenya,2003,KE2003DHS,RH_ANCN_W_N4P,83403040,I,1000,0,Total,Total,14000,Three years preceding the survey,1,0,RHANCNWN4P,,2003,DHS,3151,3101,,,
KEN,464173,Antenatal visits for pregnancy: 4+ visits,52.3,1,KE,Kenya,2003,KE2003DHS,RH_ANCN_W_N4P,83403040,I,1000,0,Total,Total,14001,Five years preceding the survey,1,0,RHANCNWN4P,,2003,DHS,4052,3972,,,
KEN,627922,Antenatal visits for pregnancy: 4+ visits,48.6,1,KE,Kenya,2003,KE2003DHS,RH_ANCN_W_N4P,83403040,I,1000,0,Total,Total,14002,Two years preceding the survey,1,1,RHANCNWN4P,,2003,DHS,2416,2357,,,
KEN,736274,Place of delivery: Health facility,39.8,1,KE,Kenya,2003,KE2003DHS,RH_DELP_C_DHF,83566070,I,1000,0,Total,Total,14000,Three years preceding the survey,1,0,RHDELPCDHF,,2003,DHS,3702,3633,,,
KEN,576999,Place of delivery: Health facility,40.1,1,KE,Kenya,2003,KE2003DHS,RH_DELP_C_DHF,83566070,I,1000,0,Total,Total,14001,Five years preceding the survey,1,0,RHDELPCDHF,,2003,DHS,6102,5949,,,
KEN,205390,Place of delivery: Health facility,39.1,1,KE,Kenya,2003,KE2003DHS,RH_DELP_C_DHF,83566070,I,1000,0,Total,Total,14002,Two years preceding the survey,1,1,RHDELPCDHF,,2003,DHS,2562,2494,,,
KEN,636415,Assistance during delivery from a skilled provider,41.6,1,KE,Kenya,2003,KE2003DHS,RH_DELA_C_SKP,83606110,I,1000,0,Total,Total,14000,Three years preceding the survey,1,0,RHDELACSKP,,2003,DHS,3702,3633,,,
KEN,589791,Assistance during delivery from a skilled provider,41.6,1,KE,Kenya,2003,KE2003DHS,RH_DELA_C_SKP,83606110,I,1000,0,Total,Total,14001,Five years preceding the survey,1,0,RHDELACSKP,,2003,DHS,6102,5949,,,
KEN,279094,Assistance during delivery from a skilled provider,40.9,1,KE,Kenya,2003,KE2003DHS,RH_DELA_C_SKP,83606110,I,1000,0,Total,Total,14002,Two years preceding the survey,1,1,RHDELACSKP,,2003,DHS,2562,2494,,,
KEN,636416,Delivery by cesarean section,4.3,1,KE,Kenya,2003,KE2003DHS,RH_DELA_C_CSC,83606120,I,1000,0,Total,Total,14000,Three years preceding the survey,1,0,RHDELACCSC,,2003,DHS,3702,3633,,,
KEN,589775,Delivery by cesarean section,4,1,KE,Kenya,2003,KE2003DHS,RH_DELA_C_CSC,83606120,I,1000,0,Total,Total,14001,Five years preceding the survey,1,0,RHDELACCSC,,2003,DHS,6102,5949,,,
KEN,279095,Delivery by cesarean section,4,1,KE,Kenya,2003,KE2003DHS,RH_DELA_C_CSC,83606120,I,1000,0,Total,Total,14002,Two years preceding the survey,1,1,RHDELACCSC,,2003,DHS,2562,2494,,,
KEN,704148,BCG vaccination received,87.3,1,KE,Kenya,2003,KE2003DHS,CH_VACC_C_BCG,93906010,I,1000,0,Total,Total,0,,1,1,CHVACCCBCG,,2003,DHS,1131,1099,,,
KEN,704145,DPT 3 vaccination received,72.2,1,KE,Kenya,2003,KE2003DHS,CH_VACC_C_DP3,93906040,I,1000,0,Total,Total,0,,1,1,CHVACCCDP3,,2003,DHS,1131,1099,,,
KEN,704142,Polio 3 vaccination received,72.5,1,KE,Kenya,2003,KE2003DHS,CH_VACC_C_OP3,93906080,I,1000,0,Total,Total,0,,1,1,CHVACCCOP3,,2003,DHS,1131,1099,,,
KEN,704146,Measles vaccination received,72.5,1,KE,Kenya,2003,KE2003DHS,CH_VACC_C_MSL,93906090,I,1000,0,Total,Total,0,,1,1,CHVACCCMSL,,2003,DHS,1131,1099,,,
KEN,704150,Fully vaccinated (8 basic antigens),56.8,1,KE,Kenya,2003,KE2003DHS,CH_VACC_C_BAS,93906230,I,1000,0,Total,Total,0,,1,1,CHVACCCBAS,,2003,DHS,1131,1099,,,
KEN,267440,Children with symptoms of ARI,19.8,1,KE,Kenya,2003,KE2003DHS,CH_ARIS_C_ARI,93966010,I,1000,0,Total,Total,14000,Three years preceding the survey,1,0,CHARISCARI,,2003,DHS,3411,3358,,,
KEN,665297,Children with symptoms of ARI,18.4,1,KE,Kenya,2003,KE2003DHS,CH_ARIS_C_ARI,93966010,I,1000,0,Total,Total,14001,Five years preceding the survey,1,1,CHARISCARI,,2003,DHS,5560,5447,,,
KEN,305740,Children with ARI for whom advice or treatment was sought,70.1,1,KE,Kenya,2003,KE2003DHS,CH_ARIS_C_ADV,93966040,I,1000,0,Total,Total,14000,Three years preceding the survey,1,0,CHARISCADV,,2003,DHS,677,675,,,
KEN,313643,Children with ARI for whom advice or treatment was sought,68.5,1,KE,Kenya,2003,KE2003DHS,CH_ARIS_C_ADV,93966040,I,1000,0,Total,Total,14001,Five years preceding the survey,1,1,CHARISCADV,,2003,DHS,1023,1009,,,
KEN,530611,Children with fever in the last two weeks,44.9,1,KE,Kenya,2003,KE2003DHS,CH_FEVR_C_FEV,94006010,I,1000,0,Total,Total,14000,Three years preceding the survey,1,0,CHFEVRCFEV,,2003,DHS,3411,3358,,,
KEN,216744,Children with fever in the last two weeks,40.6,1,KE,Kenya,2003,KE2003DHS,CH_FEVR_C_FEV,94006010,I,1000,0,Total,Total,14001,Five years preceding the survey,1,1,CHFEVRCFEV,,2003,DHS,5560,5447,,,
KEN,587521,Children with fever for whom advice or treatment was sought,69,1,KE,Kenya,2003,KE2003DHS,CH_FEVT_C_ADV,94036010,I,1000,0,Total,Total,14000,Three years preceding the survey,1,0,CHFEVTCADV,,2003,DHS,1531,1513,,,
KEN,154566,Children with fever for whom advice or treatment was sought,67.8,1,KE,Kenya,2003,KE2003DHS,CH_FEVT_C_ADV,94036010,I,1000,0,Total,Total,14001,Five years preceding the survey,1,1,CHFEVTCADV,,2003,DHS,2255,2215,,,
KEN,476443,Children with diarrhea,21.4,1,KE,Kenya,2003,KE2003DHS,CH_DIAR_C_DIA,94066010,I,1000,0,Total,Total,14000,Three years preceding the survey,1,0,CHDIARCDIA,,2003,DHS,3411,3358,,,
KEN,592436,Children with diarrhea,16,1,KE,Kenya,2003,KE2003DHS,CH_DIAR_C_DIA,94066010,I,1000,0,Total,Total,14001,Five years preceding the survey,1,1,CHDIARCDIA,,2003,DHS,5560,5447,,,
KEN,582014,Treatment of diarrhea: Either ORS or RHF,29.7,1,KE,Kenya,2003,KE2003DHS,CH_DIAT_C_ORT,94096040,I,1000,0,Total,Total,14000,Three years preceding the survey,1,0,CHDIATCORT,,2003,DHS,730,703,,,
KEN,154574,Treatment of diarrhea: Either ORS or RHF,29.2,1,KE,Kenya,2003,KE2003DHS,CH_DIAT_C_ORT,94096040,I,1000,0,Total,Total,14001,Five years preceding the survey,1,1,CHDIATCORT,,2003,DHS,888,866,,,
KEN,305736,Feeding practices during diarrhea: ORT and continued feeding,18.3,1,KE,Kenya,2003,KE2003DHS,CH_DIFP_C_FAL,94136015,I,1000,0,Total,Total,14000,Three years preceding the survey,1,0,CHDIFPCFAL,,2003,DHS,730,703,,,
KEN,313631,Feeding practices during diarrhea: ORT and continued feeding,19,1,KE,Kenya,2003,KE2003DHS,CH_DIFP_C_FAL,94136015,I,1000,0,Total,Total,14001,Five years preceding the survey,1,1,CHDIFPCFAL,,2003,DHS,888,866,,,
KEN,305735,"Feeding practices during diarrhea: Continued feeding, and ORT and/or increased fluids",31.6,1,KE,Kenya,2003,KE2003DHS,CH_DIFP_C_FAL,94136190,I,1000,0,Total,Total,14000,Three years preceding the survey,1,0,CHDIFPCFAL,,2003,DHS,730,703,,,
KEN,313629,"Feeding practices during diarrhea: Continued feeding, and ORT and/or increased fluids",33.3,1,KE,Kenya,2003,KE2003DHS,CH_DIFP_C_FAL,94136190,I,1000,0,Total,Total,14001,Five years preceding the survey,1,1,CHDIFPCFAL,,2003,DHS,888,866,,,
KEN,551358,Children stunted,35.7,1,KE,Kenya,2003,KE2003DHS,CN_NUTS_C_HA2,104236020,I,1000,0,Total,Total,0,,1,1,CNNUTSCHA2,,2003,DHS,5312,5070,,,
KEN,432886,Children wasted,6,1,KE,Kenya,2003,KE2003DHS,CN_NUTS_C_WH2,104236050,I,1000,0,Total,Total,0,,1,1,CNNUTSCWH2,,2003,DHS,5312,5070,,,
KEN,43939,Children underweight,15.8,1,KE,Kenya,2003,KE2003DHS,CN_NUTS_C_WA2,104236090,I,1000,0,Total,Total,0,,1,1,CNNUTSCWA2,,2003,DHS,5312,5070,,,
KEN,478781,Children exclusively breastfed,12.7,1,KE,Kenya,2003,KE2003DHS,CN_BRFS_C_EXB,104306020,I,295001,21001,Age in months (other groupings),0-5,0,,1,1,CNBRFSCEXB,,2003,DHS,607,599,,,
KEN,43973,Median duration of any breastfeeding,20.2,1,KE,Kenya,2003,KE2003DHS,CN_BFDR_C_MDA,104336010,I,1000,0,Total,Total,0,,1,1,CNBFDRCMDA,,2003,DHS,,,,,
KEN,43971,Median duration of exclusive breastfeeding,0.5,1,KE,Kenya,2003,KE2003DHS,CN_BFDR_C_MDE,104336020,I,1000,0,Total,Total,0,,1,1,CNBFDRCMDE,,2003,DHS,,,,,
KEN,43972,Median duration of predominant breastfeeding,1.6,1,KE,Kenya,2003,KE2003DHS,CN_BFDR_C_MDP,104336030,I,1000,0,Total,Total,0,,1,1,CNBFDRCMDP,,2003,DHS,,,,,
KEN,43992,Mean Body Mass Index (BMI) for women,22.7,1,KE,Kenya,2003,KE2003DHS,AN_NUTS_W_BMI,114563040,I,1000,0,Total,Total,0,,1,1,ANNUTSWBMI,,2003,DHS,7047,7011,,,
KEN,43997,Women who are thin according to BMI (<18.5),12.3,1,KE,Kenya,2003,KE2003DHS,AN_NUTS_W_THN,114563060,I,1000,0,Total,Total,0,,1,1,ANNUTSWTHN,,2003,DHS,7047,7011,,,
KEN,44000,Women who are overweight or obese according to BMI (>=25.0),23.4,1,KE,Kenya,2003,KE2003DHS,AN_NUTS_W_OWT,114563090,I,1000,0,Total,Total,0,,1,1,ANNUTSWOWT,,2003,DHS,7047,7011,,,
KEN,367735,Households with at least one insecticide-treated mosquito net (ITN),7.7,1,KE,Kenya,2003,KE2003DHS,ML_NETP_H_ITN,124661020,I,1000,0,Total,Total,0,,1,1,MLNETPHITN,,2003,DHS,8561,8561,,,
KEN,648828,Households with at least one insecticide-treated mosquito net (ITN) for every two persons who stayed in the household the previous night,3.6,1,KE,Kenya,2003,KE2003DHS,ML_NETP_H_IT2,124661100,I,1000,0,Total,Total,0,,1,1,MLNETPHIT2,,2003,DHS,8504,8498,,,
KEN,316196,Persons with access to an insecticide-treated mosquito net (ITN),5,1,KE,Kenya,2003,KE2003DHS,ML_ITNA_P_ACC,124732130,I,1000,0,Total,Total,0,,1,1,MLITNAPACC,,2003,DHS,37128,36464,,,
KEN,611384,Population who slept under an insecticide-treated mosquito net (ITN) last night,4.7,1,KE,Kenya,2003,KE2003DHS,ML_NETU_P_ITN,124762020,I,1000,0,Total,Total,0,,1,1,MLNETUPITN,,2003,DHS,37128,36464,,,
KEN,650385,Children under 5 who slept under an insecticide-treated net (ITN),6,1,KE,Kenya,2003,KE2003DHS,ML_NETC_C_ITN,124836020,I,1000,0,Total,Total,0,,1,1,MLNETCCITN,,2003,DHS,5920,5717,,,
KEN,364150,Pregnant women who slept under an insecticide-treated net (ITN),5.4,1,KE,Kenya,2003,KE2003DHS,ML_NETW_W_ITN,124863020,I,1000,0,Total,Total,0,,1,1,MLNETWWITN,,2003,DHS,647,637,,,
KEN,171509,SP/Fansidar 3+ doses during pregnancy,3.1,1,KE,Kenya,2003,KE2003DHS,ML_IPTP_W_3SP,124903025,I,1000,0,Total,Total,0,,1,1,MLIPTPW3SP,,2003,DHS,2416,2357,,,
KEN,334255,Children with fever for whom advice or treatment was sought,67.8,1,KE,Kenya,2003,KE2003DHS,ML_FEVT_C_ADV,124966010,I,1000,0,Total,Total,0,,1,1,MLFEVTCADV,,2003,DHS,2255,2215,,,
KEN,441465,Comprehensive correct knowledge about AIDS [Women],36.1,1,KE,Kenya,2003,KE2003DHS,HA_CKNA_W_CKA,135233060,I,10000,10000,Total 15-49,Total 15-49,0,,1,1,HACKNAWCKA,,2003,DHS,8195,8195,,,
KEN,86560,Comprehensive correct knowledge about AIDS [Men],51.6,1,KE,Kenya,2003,KE2003DHS,HA_CKNA_M_CKA,135234140,I,10000,10000,Total 15-49,Total 15-49,0,,1,1,HACKNAMCKA,,2003,DHS,3363,3348,,,
KEN,303965,Knowledge of prevention of mother to child transmission of HIV [Women],28.1,1,KE,Kenya,2003,KE2003DHS,HA_KMTC_W_BFD,135263030,I,10000,10000,Total 15-49,Total 15-49,0,,1,1,HAKMTCWBFD,,2003,DHS,8195,8195,,,
KEN,612670,Knowledge of prevention of mother to child transmission of HIV [Men],30.2,1,KE,Kenya,2003,KE2003DHS,HA_KMTC_M_BFD,135264080,I,10000,10000,Total 15-49,Total 15-49,0,,1,1,HAKMTCMBFD,,2003,DHS,3363,3348,,,
KEN,375294,Accepting attitudes towards those living with HIV - Composite of 4 components [Women],26.5,1,KE,Kenya,2003,KE2003DHS,HA_AATT_W_AAT,135303050,I,10000,10000,Total 15-49,Total 15-49,0,,1,1,HAAATTWAAT,,2003,DHS,8073,8052,,,
KEN,747333,Accepting attitudes towards those living with HIV - Composite of 4 components [Men],39.5,1,KE,Kenya,2003,KE2003DHS,HA_AATT_M_AAT,135304120,I,10000,10000,Total 15-49,Total 15-49,0,,1,1,HAAATTMAAT,,2003,DHS,3344,3316,,,
KEN,605409,Condom use during higher-risk sex (with multiple partners) [Women],12.4,1,KE,Kenya,2003,KE2003DHS,HA_MSXP_W_CND,135433040,I,10000,10000,Total 15-49,Total 15-49,0,,1,1,HAMSXPWCND,,2003,DHS,143,131,,,
KEN,375295,Condom use during higher-risk sex (with multiple partners) [Men],32.8,1,KE,Kenya,2003,KE2003DHS,HA_MSXP_M_CND,135434130,I,10000,10000,Total 15-49,Total 15-49,0,,1,1,HAMSXPMCND,,2003,DHS,394,381,,,
KEN,745218,Women receiving an HIV test and receiving test results in the last 12 months,6.7,1,KE,Kenya,2003,KE2003DHS,HA_CPHT_W_T1R,135563070,I,10000,10000,Total 15-49,Total 15-49,0,,1,1,HACPHTWT1R,,2003,DHS,8195,8195,,,
KEN,768722,Men receiving an HIV test and receiving test results in the last 12 months,7.6,1,KE,Kenya,2003,KE2003DHS,HA_CPHT_M_T1R,135564160,I,10000,10000,Total 15-49,Total 15-49,0,,1,1,HACPHTMT1R,,2003,DHS,3363,3348,,,
KEN,646727,Men circumcised,83.7,1,KE,Kenya,2003,KE2003DHS,HA_MCRC_M_MCC,135634010,I,10000,10000,Total 15-49,Total 15-49,0,,1,1,HAMCRCMMCC,,2003,DHS,3363,3348,,,
KEN,640392,"Women reporting an STI, genital dicharge, or a sore or ulcer",4.4,1,KE,Kenya,2003,KE2003DHS,HA_STIS_W_AST,135663040,I,10000,10000,Total 15-49,Total 15-49,0,,1,1,HASTISWAST,,2003,DHS,6790,6778,,,
KEN,739851,"Men reporting an STI, genital dicharge, or a sore or ulcer",3.1,1,KE,Kenya,2003,KE2003DHS,HA_STIS_M_AST,135664100,I,10000,10000,Total 15-49,Total 15-49,0,,1,1,HASTISMAST,,2003,DHS,2815,2766,,,
KEN,86597,Comprehensive correct knowledge about AIDS among young women age 15-24 ,33.8,1,KE,Kenya,2003,KE2003DHS,HA_CKNY_W_CKA,135733010,I,1000,0,Total,Total,0,,1,1,HACKNYWCKA,,2003,DHS,3547,3530,,,
KEN,86595,Comprehensive correct knowledge about AIDS among young men age 15-24 ,47.2,1,KE,Kenya,2003,KE2003DHS,HA_CKNY_M_CKA,135734050,I,1000,0,Total,Total,0,,1,1,HACKNYMCKA,,2003,DHS,1537,1503,,,
KEN,86608,Young women using a condom at last sexual intercourse,9.1,1,KE,Kenya,2003,KE2003DHS,HA_MSPY_W_CND,135833070,I,1000,0,Total,Total,0,,1,1,HAMSPYWCND,,2003,DHS,57,53,,,
KEN,755241,Young men using a condom at last sexual intercourse,52.1,1,KE,Kenya,2003,KE2003DHS,HA_MSPY_M_CND,135834160,I,1000,0,Total,Total,0,,1,1,HAMSPYMCND,,2003,DHS,174,163,,,
KEN,784825,HIV prevalence among women,8.7,1,KE,Kenya,2003,KE2003DHS,HA_HIVP_W_HIV,135963160,I,10000,10000,Total 15-49,Total 15-49,0,,1,1,HAHIVPWHIV,,2003,DHS,3151,3273,7.4,10,
KEN,814300,HIV prevalence among men,4.6,1,KE,Kenya,2003,KE2003DHS,HA_HIVP_M_HIV,135964190,I,10000,10000,Total 15-49,Total 15-49,0,,1,1,HAHIVPMHIV,,2003,DHS,2851,2723,3.5,5.6,
KEN,462342,HIV prevalence among general population,6.7,1,KE,Kenya,2003,KE2003DHS,HA_HIVP_B_HIV,135965220,I,10000,10000,Total 15-49,Total 15-49,0,,1,1,HAHIVPBHIV,,2003,DHS,6001,5996,5.7,7.7,
KEN,711927,Women who smoke cigarettes,0.7,1,KE,Kenya,2003,KE2003DHS,AH_TOBC_W_CIG,151433010,I,10000,10000,Total 15-49,Total 15-49,0,,1,1,AHTOBCWCIG,,2003,DHS,8195,8195,,,
KEN,512159,Men who smoke cigarettes,22.6,1,KE,Kenya,2003,KE2003DHS,AH_TOBC_M_CIG,151434010,I,10000,10000,Total 15-49,Total 15-49,0,,1,1,AHTOBCMCIG,,2003,DHS,3363,3348,,,
KEN,547712,Wife beating justified for at least one specific reason [Women],67.9,1,KE,Kenya,2003,KE2003DHS,WE_AWBT_W_AGR,176433060,I,1000,0,Total,Total,0,,1,1,WEAWBTWAGR,,2003,DHS,8195,8195,,,
KEN,621668,Wife beating justified for at least one specific reason [Men],63.3,1,KE,Kenya,2003,KE2003DHS,WE_AWBT_M_AGR,176434060,I,10000,10000,Total 15-49,Total 15-49,0,,1,1,WEAWBTMAGR,,2003,DHS,3363,3348,,,
KEN,350227,Married women participating in all three decisions,36.7,1,KE,Kenya,2003,KE2003DHS,WE_WEMP_W_DMK,176503010,I,110000,352000,Number of reasons for which wife-beating is justified,0,0,,1,1,WEWEMPWDMK,,2003,DHS,1408,1447,,,
KEN,791818,Married women who disagree with all the reasons justifying wife beating,21.3,1,KE,Kenya,2003,KE2003DHS,WE_WEMP_W_DWB,176503020,I,108000,351000,Number of decisions woman has final say,0,0,,1,1,WEWEMPWDWB,,2003,DHS,1308,1367,,,
KEN,144989,Ever experienced physical violence since age 15,47.2,1,KE,Kenya,2003,KE2003DHS,DV_EXPV_W_EVR,197133010,I,10000,10000,Total 15-49,Total 15-49,0,,1,1,DVEXPVWEVR,,2003,DHS,5878,5878,,,
KEN,395354,Women who ever experienced sexual violence,15.7,1,KE,Kenya,2003,KE2003DHS,DV_EXSV_W_EVR,197203010,I,10000,10000,Total 15-49,Total 15-49,0,,1,1,DVEXSVWEVR,,2003,DHS,3856,4325,,,
KEN,351154,Physical or sexual violence committed by husband/partner,42.9,1,KE,Kenya,2003,KE2003DHS,DV_SPVL_W_POS,197433060,I,10000,10000,Total 15-49,Total 15-49,631001,Ever-married,1,0,DVSPVLWPOS,,2003,DHS,3856,4325,,,
KEN,145027,Physical or sexual violence committed by husband/partner in last 12 months,28.6,1,KE,Kenya,2003,KE2003DHS,DV_SPV1_W_POS,198303060,I,10000,10000,Total 15-49,Total 15-49,631001,Ever-married,1,0,DVSPV1WPOS,,2003,DHS,3856,4325,,,
KEN,488770,Women circumcised (FGC),32.2,1,KE,Kenya,2003,KE2003DHS,FG_PFCC_W_WCC,207503010,I,1000,0,Total,Total,0,,1,1,FGPFCCWWCC,,2003,DHS,8195,8195,,,
KEN,5815,Gender parity index for net primary school attendance,1,2,KE,Kenya,2003,KE2003DHS,ED_NARP_B_GPI,231035040,I,1000,0,Total,Total,0,,1,1,EDNARPBGPI,,2003,DHS,,,,,
KEN,5824,Gender parity index for net secondary school attendance,1.15,2,KE,Kenya,2003,KE2003DHS,ED_NARS_B_GPI,231105040,I,1000,0,Total,Total,0,,1,1,EDNARSBGPI,,2003,DHS,,,,,
KEN,446010,Women with no education,12.7,1,KE,Kenya,2003,KE2003DHS,ED_EDUC_W_NED,231203010,I,10000,10000,Total 15-49,Total 15-49,0,,1,1,EDEDUCWNED,,2003,DHS,8195,8195,,,
KEN,446016,Women with secondary or higher education,29.3,1,KE,Kenya,2003,KE2003DHS,ED_EDUC_W_SEH,231203100,I,10000,10000,Total 15-49,Total 15-49,0,,1,1,EDEDUCWSEH,,2003,DHS,8195,8195,,,
KEN,749026,Men with no education,5.7,1,KE,Kenya,2003,KE2003DHS,ED_EDUC_M_NED,231204140,I,10000,10000,Total 15-49,Total 15-49,0,,1,1,EDEDUCMNED,,2003,DHS,3363,3348,,,
KEN,749041,Men with secondary or higher education,37.3,1,KE,Kenya,2003,KE2003DHS,ED_EDUC_M_SEH,231204230,I,10000,10000,Total 15-49,Total 15-49,0,,1,1,EDEDUCMSEH,,2003,DHS,3363,3348,,,
KEN,56628,Women who are literate,78.5,1,KE,Kenya,2003,KE2003DHS,ED_LITR_W_LIT,231233090,I,10000,10000,Total 15-49,Total 15-49,0,,1,1,EDLITRWLIT,,2003,DHS,8195,8195,,,
KEN,194823,Men who are literate,88.9,1,KE,Kenya,2003,KE2003DHS,ED_LITR_M_LIT,231234200,I,10000,10000,Total 15-49,Total 15-49,0,,1,1,EDLITRMLIT,,2003,DHS,3363,3348,,,
KEN,509477,Women who decide themselves how their earnings are used,53.3,1,KE,Kenya,2003,KE2003DHS,EM_WERN_W_WIF,246163010,I,1000,0,Total,Total,0,,1,1,EMWERNWWIF,,2003,DHS,2458,2360,,,
KEN,635058,Population using an improved water source,41.4,1,KE,Kenya,2003,KE2003DHS,WS_SRCE_P_IMP,250162010,I,1000,0,Total,Total,0,,1,1,WSSRCEPIMP,,2003,DHS,37238,36687,,,
KEN,417886,Population with an improved sanitation facility,16.9,1,KE,Kenya,2003,KE2003DHS,WS_TLET_P_IMP,250262010,I,1000,0,Total,Total,0,,1,1,WSTLETPIMP,,2003,DHS,37238,36687,,,
KEN,610303,Households with electricity,16,1,KE,Kenya,2003,KE2003DHS,HC_ELEC_H_ELC,260321010,I,1000,0,Total,Total,0,,1,1,HCELECHELC,,2003,DHS,8561,8561,,,
KEN,131319,Total fertility rate 15-49,4.6,1,KE,Kenya,2008,KE2008DHS,FE_FRTR_W_TFR,11763080,I,1000,0,Total,Total,0,,1,1,FEFRTRWTFR,,2008-09,DHS,,,,,
KEN,131317,General fertility rate,161,0,KE,Kenya,2008,KE2008DHS,FE_FRTR_W_GFR,11763100,I,1000,0,Total,Total,0,,1,1,FEFRTRWGFR,,2008-09,DHS,,,,,
KEN,201850,Mean number of children ever born,2.68,2,KE,Kenya,2008,KE2008DHS,FE_CEBA_W_MNC,11863150,I,1000,0,Total,Total,0,,1,1,FECEBAWMNC,,2008-09,DHS,8444,8444,,,
KEN,201848,Mean number of living children,2.43,2,KE,Kenya,2008,KE2008DHS,FE_CEBA_W_MNL,11863160,I,1000,0,Total,Total,0,,1,1,FECEBAWMNL,,2008-09,DHS,8444,8444,,,
KEN,131359,Median age at first birth for women age 25-49,19.8,1,KE,Kenya,2008,KE2008DHS,FE_AAFB_W_M2B,12103080,I,1000,0,Total,Total,0,,1,1,FEAAFBWM2B,,2008-09,DHS,,,,,
KEN,671705,Women who want no more children,53.6,1,KE,Kenya,2008,KE2008DHS,PR_DESL_W_WNM,22203010,I,1000,0,Total,Total,1000,Total,1,1,PRDESLWWNM,,2008-09,DHS,,5041,,,
KEN,28409,Women who want no more children,2.5,1,KE,Kenya,2008,KE2008DHS,PR_DESL_W_WNM,22203010,I,1000,0,Total,Total,189000,Living children: 0,1,0,PRDESLWWNM,,2008-09,DHS,,219,,,
KEN,334148,Women who want no more children,8.4,1,KE,Kenya,2008,KE2008DHS,PR_DESL_W_WNM,22203010,I,1000,0,Total,Total,189001,Living children: 1,1,0,PRDESLWWNM,,2008-09,DHS,,784,,,
KEN,800479,Women who want no more children,36.4,1,KE,Kenya,2008,KE2008DHS,PR_DESL_W_WNM,22203010,I,1000,0,Total,Total,189002,Living children: 2,1,0,PRDESLWWNM,,2008-09,DHS,,1036,,,
KEN,699142,Women who want no more children,57.7,1,KE,Kenya,2008,KE2008DHS,PR_DESL_W_WNM,22203010,I,1000,0,Total,Total,189003,Living children: 3,1,0,PRDESLWWNM,,2008-09,DHS,,930,,,
KEN,28426,Women who want no more children,73.6,1,KE,Kenya,2008,KE2008DHS,PR_DESL_W_WNM,22203010,I,1000,0,Total,Total,189004,Living children: 4,1,0,PRDESLWWNM,,2008-09,DHS,,709,,,
KEN,644595,Women who want no more children,84,1,KE,Kenya,2008,KE2008DHS,PR_DESL_W_WNM,22203010,I,1000,0,Total,Total,189005,Living children: 5,1,0,PRDESLWWNM,,2008-09,DHS,,467,,,
KEN,690618,Women who want no more children,85.3,1,KE,Kenya,2008,KE2008DHS,PR_DESL_W_WNM,22203010,I,1000,0,Total,Total,189006,Living children: 6+,1,0,PRDESLWWNM,,2008-09,DHS,,896,,,
KEN,544622,Mean ideal number of children for all women,3.8,1,KE,Kenya,2008,KE2008DHS,PR_MIDL_W_MNA,22263010,I,1000,0,Total,Total,0,,1,1,PRMIDLWMNA,,2008-09,DHS,8139,7911,,,
KEN,28466,Total wanted fertility rate,3.4,1,KE,Kenya,2008,KE2008DHS,PR_WTFR_W_WFR,22333010,I,1000,0,Total,Total,0,,1,1,PRWTFRWWFR,,2008-09,DHS,,,,,
KEN,442006,Married women currently using any method of contraception,45.5,1,KE,Kenya,2008,KE2008DHS,FP_CUSM_W_ANY,32633010,I,1000,0,Total,Total,0,,1,1,FPCUSMWANY,,2008-09,DHS,4928,5041,,,
KEN,442007,Married women currently using any modern method of contraception,39.4,1,KE,Kenya,2008,KE2008DHS,FP_CUSM_W_MOD,32633020,I,1000,0,Total,Total,0,,1,1,FPCUSMWMOD,,2008-09,DHS,4928,5041,,,
KEN,74154,Unmet need for family planning,25.6,1,KE,Kenya,2008,KE2008DHS,FP_NADM_W_UNT,32933030,I,1000,0,Total,Total,0,,1,1,FPNADMWUNT,,2008-09,DHS,4928,5041,,,
KEN,515046,Demand for family planning satisfied,63.9,1,KE,Kenya,2008,KE2008DHS,FP_NADM_W_PDS,32933140,I,1000,0,Total,Total,0,,1,1,FPNADMWPDS,,2008-09,DHS,3504,3317,,,
KEN,515047,Demand for family planning satisfied by modern methods,55.5,1,KE,Kenya,2008,KE2008DHS,FP_NADM_W_PDM,32933150,I,1000,0,Total,Total,0,,1,1,FPNADMWPDM,,2008-09,DHS,3504,3317,,,
KEN,217078,Current marital status [Women]: Married or living in union,58.4,1,KE,Kenya,2008,KE2008DHS,MA_MSTA_W_UNI,41503090,I,10000,10000,Total 15-49,Total 15-49,0,,1,1,MAMSTAWUNI,,2008-09,DHS,8444,8444,,,
KEN,273870,Current marital status [Men]: Married or living in union,48.9,1,KE,Kenya,2008,KE2008DHS,MA_MSTA_M_UNI,41504200,I,10000,10000,Total 15-49,Total 15-49,0,,1,1,MAMSTAMUNI,,2008-09,DHS,3258,3256,,,
KEN,63042,Median age at first marriage [Women]: 25-49,20,1,KE,Kenya,2008,KE2008DHS,MA_AAFM_W_M2B,41633090,I,1000,0,Total,Total,0,,1,1,MAAAFMWM2B,,2008-09,DHS,,,,,
KEN,63064,Median age at first sexual intercourse [Women]: 25-49,18.2,1,KE,Kenya,2008,KE2008DHS,SX_AAFS_W_M2B,51703090,I,1000,0,Total,Total,0,,1,1,SXAAFSWM2B,,2008-09,DHS,,,,,
KEN,63066,"Median age at first sexual intercourse [Men]: 25-49(54,59)",17.7,1,KE,Kenya,2008,KE2008DHS,SX_AAFS_M_M2B,51704180,I,1000,0,Total,Total,0,,1,1,SXAAFSMM2B,,2008-09,DHS,,,,,
KEN,118196,Neonatal mortality rate,31,0,KE,Kenya,2008,KE2008DHS,CM_ECMR_C_NNR,63206010,I,1000,0,Total,Total,14001,Five years preceding the survey,1,1,CMECMRCNNR,,2008-09,DHS,,,23,38,
KEN,118198,Neonatal mortality rate,33,0,KE,Kenya,2008,KE2008DHS,CM_ECMR_C_NNR,63206010,I,1000,0,Total,Total,14003,Ten years preceding the survey,1,0,CMECMRCNNR,,2008-09,DHS,,,28,38,
KEN,808450,Postneonatal mortality rate,21,0,KE,Kenya,2008,KE2008DHS,CM_ECMR_C_PNR,63206020,I,1000,0,Total,Total,14001,Five years preceding the survey,1,1,CMECMRCPNR,,2008-09,DHS,,,16,26,
KEN,772163,Postneonatal mortality rate,26,0,KE,Kenya,2008,KE2008DHS,CM_ECMR_C_PNR,63206020,I,1000,0,Total,Total,14003,Ten years preceding the survey,1,0,CMECMRCPNR,,2008-09,DHS,,,21,31,
KEN,813011,Infant mortality rate,52,0,KE,Kenya,2008,KE2008DHS,CM_ECMR_C_IMR,63206030,I,1000,0,Total,Total,14001,Five years preceding the survey,1,1,CMECMRCIMR,,2008-09,DHS,,,42,61,
KEN,798944,Infant mortality rate,59,0,KE,Kenya,2008,KE2008DHS,CM_ECMR_C_IMR,63206030,I,1000,0,Total,Total,14003,Ten years preceding the survey,1,0,CMECMRCIMR,,2008-09,DHS,,,52,67,
KEN,794151,Child mortality rate,23,0,KE,Kenya,2008,KE2008DHS,CM_ECMR_C_CMR,63206040,I,1000,0,Total,Total,14001,Five years preceding the survey,1,1,CMECMRCCMR,,2008-09,DHS,,,17,29,
KEN,801278,Child mortality rate,26,0,KE,Kenya,2008,KE2008DHS,CM_ECMR_C_CMR,63206040,I,1000,0,Total,Total,14003,Ten years preceding the survey,1,0,CMECMRCCMR,,2008-09,DHS,,,20,32,
KEN,118137,Under-five mortality rate,74,0,KE,Kenya,2008,KE2008DHS,CM_ECMR_C_U5M,63206050,I,1000,0,Total,Total,14001,Five years preceding the survey,1,1,CMECMRCU5M,,2008-09,DHS,,,62,86,
KEN,770129,Under-five mortality rate,84,0,KE,Kenya,2008,KE2008DHS,CM_ECMR_C_U5M,63206050,I,1000,0,Total,Total,14003,Ten years preceding the survey,1,0,CMECMRCU5M,,2008-09,DHS,,,73,95,
KEN,13283,Probability of dying between exact age 15 and 50 (35q15) for women,214,0,KE,Kenya,2008,KE2008DHS,MM_AMPB_W_AMP,76963010,I,10000,10000,Total 15-49,Total 15-49,0,,1,1,MMAMPBWAMP,,2008-09,DHS,,,,,
KEN,13284,Probability of dying between exact age 15 and 50 (35q15) for men,231,0,KE,Kenya,2008,KE2008DHS,MM_AMPB_M_AMP,76964020,I,10000,10000,Total 15-49,Total 15-49,0,,1,1,MMAMPBMAMP,,2008-09,DHS,,,,,
KEN,773754,Pregnancy-related mortality ratio,520,0,KE,Kenya,2008,KE2008DHS,MM_MMRO_W_PMR,77033020,I,1000,0,Total,Total,0,,1,1,MMMMROWPMR,,2008-09,DHS,,,343,696,
KEN,280327,Antenatal care from a skilled provider,91.5,1,KE,Kenya,2008,KE2008DHS,RH_ANCP_W_SKP,83363120,I,1000,0,Total,Total,14000,Three years preceding the survey,1,0,RHANCPWSKP,,2008-09,DHS,3101,3188,,,
KEN,409589,Antenatal care from a skilled provider,91.5,1,KE,Kenya,2008,KE2008DHS,RH_ANCP_W_SKP,83363120,I,1000,0,Total,Total,14001,Five years preceding the survey,1,0,RHANCPWSKP,,2008-09,DHS,3973,4082,,,
KEN,648772,Antenatal care from a skilled provider,91.5,1,KE,Kenya,2008,KE2008DHS,RH_ANCP_W_SKP,83363120,I,1000,0,Total,Total,14002,Two years preceding the survey,1,1,RHANCPWSKP,,2008-09,DHS,2264,2373,,,
KEN,520322,Antenatal visits for pregnancy: 4+ visits,45.7,1,KE,Kenya,2008,KE2008DHS,RH_ANCN_W_N4P,83403040,I,1000,0,Total,Total,14000,Three years preceding the survey,1,0,RHANCNWN4P,,2008-09,DHS,3101,3188,,,
KEN,225412,Antenatal visits for pregnancy: 4+ visits,47.1,1,KE,Kenya,2008,KE2008DHS,RH_ANCN_W_N4P,83403040,I,1000,0,Total,Total,14001,Five years preceding the survey,1,0,RHANCNWN4P,,2008-09,DHS,3973,4082,,,
KEN,761115,Antenatal visits for pregnancy: 4+ visits,44.4,1,KE,Kenya,2008,KE2008DHS,RH_ANCN_W_N4P,83403040,I,1000,0,Total,Total,14002,Two years preceding the survey,1,1,RHANCNWN4P,,2008-09,DHS,2264,2373,,,
KEN,164559,Tetanus protection at birth,70.4,1,KE,Kenya,2008,KE2008DHS,RH_TTIJ_W_PRT,83533060,I,1000,0,Total,Total,14000,Three years preceding the survey,1,0,RHTTIJWPRT,,2008-09,DHS,3101,3188,,,
KEN,693246,Tetanus protection at birth,71.6,1,KE,Kenya,2008,KE2008DHS,RH_TTIJ_W_PRT,83533060,I,1000,0,Total,Total,14001,Five years preceding the survey,1,0,RHTTIJWPRT,,2008-09,DHS,3973,4082,,,
KEN,504761,Tetanus protection at birth,70.2,1,KE,Kenya,2008,KE2008DHS,RH_TTIJ_W_PRT,83533060,I,1000,0,Total,Total,14002,Two years preceding the survey,1,1,RHTTIJWPRT,,2008-09,DHS,2264,2373,,,
KEN,668433,Place of delivery: Health facility,43.4,1,KE,Kenya,2008,KE2008DHS,RH_DELP_C_DHF,83566070,I,1000,0,Total,Total,14000,Three years preceding the survey,1,0,RHDELPCDHF,,2008-09,DHS,3591,3733,,,
KEN,552970,Place of delivery: Health facility,42.6,1,KE,Kenya,2008,KE2008DHS,RH_DELP_C_DHF,83566070,I,1000,0,Total,Total,14001,Five years preceding the survey,1,0,RHDELPCDHF,,2008-09,DHS,5852,6079,,,
KEN,407505,Place of delivery: Health facility,46.3,1,KE,Kenya,2008,KE2008DHS,RH_DELP_C_DHF,83566070,I,1000,0,Total,Total,14002,Two years preceding the survey,1,1,RHDELPCDHF,,2008-09,DHS,2365,2498,,,
KEN,762609,Assistance during delivery from a skilled provider,44.7,1,KE,Kenya,2008,KE2008DHS,RH_DELA_C_SKP,83606110,I,1000,0,Total,Total,14000,Three years preceding the survey,1,0,RHDELACSKP,,2008-09,DHS,3591,3733,,,
KEN,509195,Assistance during delivery from a skilled provider,43.8,1,KE,Kenya,2008,KE2008DHS,RH_DELA_C_SKP,83606110,I,1000,0,Total,Total,14001,Five years preceding the survey,1,0,RHDELACSKP,,2008-09,DHS,5852,6079,,,
KEN,309417,Assistance during delivery from a skilled provider,47.6,1,KE,Kenya,2008,KE2008DHS,RH_DELA_C_SKP,83606110,I,1000,0,Total,Total,14002,Two years preceding the survey,1,1,RHDELACSKP,,2008-09,DHS,2365,2498,,,
KEN,762610,Delivery by cesarean section,6.7,1,KE,Kenya,2008,KE2008DHS,RH_DELA_C_CSC,83606120,I,1000,0,Total,Total,14000,Three years preceding the survey,1,0,RHDELACCSC,,2008-09,DHS,3591,3733,,,
KEN,509196,Delivery by cesarean section,6.2,1,KE,Kenya,2008,KE2008DHS,RH_DELA_C_CSC,83606120,I,1000,0,Total,Total,14001,Five years preceding the survey,1,0,RHDELACCSC,,2008-09,DHS,5852,6079,,,
KEN,309418,Delivery by cesarean section,7.1,1,KE,Kenya,2008,KE2008DHS,RH_DELA_C_CSC,83606120,I,1000,0,Total,Total,14002,Two years preceding the survey,1,1,RHDELACCSC,,2008-09,DHS,2365,2498,,,
KEN,403679,Mother's first postnatal checkup in the first two days after birth,31.2,1,KE,Kenya,2008,KE2008DHS,RH_PCMT_W_DY2,83633090,I,1000,0,Total,Total,0,,1,1,RHPCMTWDY2,,2008-09,DHS,2264,2373,,,
KEN,682049,BCG vaccination received,95.6,1,KE,Kenya,2008,KE2008DHS,CH_VACC_C_BCG,93906010,I,1000,0,Total,Total,0,,1,1,CHVACCCBCG,,2008-09,DHS,1096,1119,,,
KEN,682046,DPT 3 vaccination received,86.4,1,KE,Kenya,2008,KE2008DHS,CH_VACC_C_DP3,93906040,I,1000,0,Total,Total,0,,1,1,CHVACCCDP3,,2008-09,DHS,1096,1119,,,
KEN,682061,Polio 3 vaccination received,87.5,1,KE,Kenya,2008,KE2008DHS,CH_VACC_C_OP3,93906080,I,1000,0,Total,Total,0,,1,1,CHVACCCOP3,,2008-09,DHS,1096,1119,,,
KEN,682047,Measles vaccination received,85,1,KE,Kenya,2008,KE2008DHS,CH_VACC_C_MSL,93906090,I,1000,0,Total,Total,0,,1,1,CHVACCCMSL,,2008-09,DHS,1096,1119,,,
KEN,682051,Fully vaccinated (8 basic antigens),77.4,1,KE,Kenya,2008,KE2008DHS,CH_VACC_C_BAS,93906230,I,1000,0,Total,Total,0,,1,1,CHVACCCBAS,,2008-09,DHS,1096,1119,,,
KEN,592287,Children with symptoms of ARI,7.8,1,KE,Kenya,2008,KE2008DHS,CH_ARIS_C_ARI,93966010,I,1000,0,Total,Total,14000,Three years preceding the survey,1,0,CHARISCARI,,2008-09,DHS,3370,3513,,,
KEN,651534,Children with symptoms of ARI,7.6,1,KE,Kenya,2008,KE2008DHS,CH_ARIS_C_ARI,93966010,I,1000,0,Total,Total,14001,Five years preceding the survey,1,1,CHARISCARI,,2008-09,DHS,5481,5706,,,
KEN,259896,Children with ARI for whom advice or treatment was sought,72.3,1,KE,Kenya,2008,KE2008DHS,CH_ARIS_C_ADV,93966040,I,1000,0,Total,Total,14000,Three years preceding the survey,1,0,CHARISCADV,,2008-09,DHS,264,277,,,
KEN,571556,Children with ARI for whom advice or treatment was sought,69.9,1,KE,Kenya,2008,KE2008DHS,CH_ARIS_C_ADV,93966040,I,1000,0,Total,Total,14001,Five years preceding the survey,1,1,CHARISCADV,,2008-09,DHS,416,432,,,
KEN,225714,Children with fever in the last two weeks,25.4,1,KE,Kenya,2008,KE2008DHS,CH_FEVR_C_FEV,94006010,I,1000,0,Total,Total,14000,Three years preceding the survey,1,0,CHFEVRCFEV,,2008-09,DHS,3370,3513,,,
KEN,765037,Children with fever in the last two weeks,23.7,1,KE,Kenya,2008,KE2008DHS,CH_FEVR_C_FEV,94006010,I,1000,0,Total,Total,14001,Five years preceding the survey,1,1,CHFEVRCFEV,,2008-09,DHS,5481,5706,,,
KEN,410257,Children with fever for whom advice or treatment was sought,63.8,1,KE,Kenya,2008,KE2008DHS,CH_FEVT_C_ADV,94036010,I,1000,0,Total,Total,14000,Three years preceding the survey,1,0,CHFEVTCADV,,2008-09,DHS,855,928,,,
KEN,631740,Children with fever for whom advice or treatment was sought,62.1,1,KE,Kenya,2008,KE2008DHS,CH_FEVT_C_ADV,94036010,I,1000,0,Total,Total,14001,Five years preceding the survey,1,1,CHFEVTCADV,,2008-09,DHS,1302,1385,,,
KEN,663882,Children with diarrhea,21.9,1,KE,Kenya,2008,KE2008DHS,CH_DIAR_C_DIA,94066010,I,1000,0,Total,Total,14000,Three years preceding the survey,1,0,CHDIARCDIA,,2008-09,DHS,3370,3513,,,
KEN,710500,Children with diarrhea,16.6,1,KE,Kenya,2008,KE2008DHS,CH_DIAR_C_DIA,94066010,I,1000,0,Total,Total,14001,Five years preceding the survey,1,1,CHDIARCDIA,,2008-09,DHS,5481,5706,,,
KEN,394544,Treatment of diarrhea: Either ORS or RHF,72.7,1,KE,Kenya,2008,KE2008DHS,CH_DIAT_C_ORT,94096040,I,1000,0,Total,Total,14000,Three years preceding the survey,1,0,CHDIATCORT,,2008-09,DHS,738,756,,,
KEN,632669,Treatment of diarrhea: Either ORS or RHF,71.5,1,KE,Kenya,2008,KE2008DHS,CH_DIAT_C_ORT,94096040,I,1000,0,Total,Total,14001,Five years preceding the survey,1,1,CHDIATCORT,,2008-09,DHS,909,946,,,
KEN,718917,Feeding practices during diarrhea: ORT and continued feeding,38.8,1,KE,Kenya,2008,KE2008DHS,CH_DIFP_C_FAL,94136015,I,1000,0,Total,Total,14000,Three years preceding the survey,1,0,CHDIFPCFAL,,2008-09,DHS,738,756,,,
KEN,447007,Feeding practices during diarrhea: ORT and continued feeding,38.9,1,KE,Kenya,2008,KE2008DHS,CH_DIFP_C_FAL,94136015,I,1000,0,Total,Total,14001,Five years preceding the survey,1,1,CHDIFPCFAL,,2008-09,DHS,909,946,,,
KEN,718916,"Feeding practices during diarrhea: Continued feeding, and ORT and/or increased fluids",40.9,1,KE,Kenya,2008,KE2008DHS,CH_DIFP_C_FAL,94136190,I,1000,0,Total,Total,14000,Three years preceding the survey,1,0,CHDIFPCFAL,,2008-09,DHS,738,756,,,
KEN,447006,"Feeding practices during diarrhea: Continued feeding, and ORT and/or increased fluids",42.6,1,KE,Kenya,2008,KE2008DHS,CH_DIFP_C_FAL,94136190,I,1000,0,Total,Total,14001,Five years preceding the survey,1,1,CHDIFPCFAL,,2008-09,DHS,909,946,,,
KEN,44010,Children stunted,35.3,1,KE,Kenya,2008,KE2008DHS,CN_NUTS_C_HA2,104236020,I,1000,0,Total,Total,0,,1,1,CNNUTSCHA2,,2008-09,DHS,5470,5563,,,
KEN,746543,Children wasted,6.7,1,KE,Kenya,2008,KE2008DHS,CN_NUTS_C_WH2,104236050,I,1000,0,Total,Total,0,,1,1,CNNUTSCWH2,,2008-09,DHS,5470,5563,,,
KEN,384466,Children underweight,16.1,1,KE,Kenya,2008,KE2008DHS,CN_NUTS_C_WA2,104236090,I,1000,0,Total,Total,0,,1,1,CNNUTSCWA2,,2008-09,DHS,5470,5563,,,
KEN,801068,Children exclusively breastfed,31.9,1,KE,Kenya,2008,KE2008DHS,CN_BRFS_C_EXB,104306020,I,295001,21001,Age in months (other groupings),0-5,0,,1,1,CNBRFSCEXB,,2008-09,DHS,527,587,,,
KEN,44019,Median duration of any breastfeeding,20.5,1,KE,Kenya,2008,KE2008DHS,CN_BFDR_C_MDA,104336010,I,1000,0,Total,Total,0,,1,1,CNBFDRCMDA,,2008-09,DHS,,,,,
KEN,44020,Median duration of exclusive breastfeeding,0.7,1,KE,Kenya,2008,KE2008DHS,CN_BFDR_C_MDE,104336020,I,1000,0,Total,Total,0,,1,1,CNBFDRCMDE,,2008-09,DHS,,,,,
KEN,44021,Median duration of predominant breastfeeding,2.2,1,KE,Kenya,2008,KE2008DHS,CN_BFDR_C_MDP,104336030,I,1000,0,Total,Total,0,,1,1,CNBFDRCMDP,,2008-09,DHS,,,,,
KEN,649563,Children 6-23 months that consumed foods rich in vitamin A in the last 24 hours,69.7,1,KE,Kenya,2008,KE2008DHS,CN_MIAC_C_VAF,104506010,I,1000,0,Total,Total,0,,1,1,CNMIACCVAF,,2008-09,DHS,1612,1656,,,
KEN,295746,Children consuming vitamin A supplements,30.3,1,KE,Kenya,2008,KE2008DHS,CN_MIAC_C_VAS,104506050,I,1000,0,Total,Total,0,,1,1,CNMIACCVAS,,2008-09,DHS,4946,5111,,,
KEN,756438,Households with iodized salt,99.8,1,KE,Kenya,2008,KE2008DHS,CN_IODZ_H_IOD,104531050,I,1000,0,Total,Total,0,,1,1,CNIODZHIOD,,2008-09,DHS,8562,8516,,,
KEN,614817,Mean Body Mass Index (BMI) for women,22.9,1,KE,Kenya,2008,KE2008DHS,AN_NUTS_W_BMI,114563040,I,1000,0,Total,Total,0,,1,1,ANNUTSWBMI,,2008-09,DHS,7548,7509,,,
KEN,614819,Women who are thin according to BMI (<18.5),12.3,1,KE,Kenya,2008,KE2008DHS,AN_NUTS_W_THN,114563060,I,1000,0,Total,Total,0,,1,1,ANNUTSWTHN,,2008-09,DHS,7548,7509,,,
KEN,614824,Women who are overweight or obese according to BMI (>=25.0),25.1,1,KE,Kenya,2008,KE2008DHS,AN_NUTS_W_OWT,114563090,I,1000,0,Total,Total,0,,1,1,ANNUTSWOWT,,2008-09,DHS,7548,7509,,,
KEN,248183,Households with at least one insecticide-treated mosquito net (ITN),55.7,1,KE,Kenya,2008,KE2008DHS,ML_NETP_H_ITN,124661020,I,1000,0,Total,Total,0,,1,1,MLNETPHITN,,2008-09,DHS,9057,9057,,,
KEN,453555,Households with at least one insecticide-treated mosquito net (ITN) for every two persons who stayed in the household the previous night,27.1,1,KE,Kenya,2008,KE2008DHS,ML_NETP_H_IT2,124661100,I,1000,0,Total,Total,0,,1,1,MLNETPHIT2,,2008-09,DHS,9027,9023,,,
KEN,542105,Persons with access to an insecticide-treated mosquito net (ITN),42.3,1,KE,Kenya,2008,KE2008DHS,ML_ITNA_P_ACC,124732130,I,1000,0,Total,Total,0,,1,1,MLITNAPACC,,2008-09,DHS,38019,37790,,,
KEN,522657,Population who slept under an insecticide-treated mosquito net (ITN) last night,35.1,1,KE,Kenya,2008,KE2008DHS,ML_NETU_P_ITN,124762020,I,1000,0,Total,Total,0,,1,1,MLNETUPITN,,2008-09,DHS,38019,37790,,,
KEN,467811,Children under 5 who slept under an insecticide-treated net (ITN),46.7,1,KE,Kenya,2008,KE2008DHS,ML_NETC_C_ITN,124836020,I,1000,0,Total,Total,0,,1,1,MLNETCCITN,,2008-09,DHS,5953,6098,,,
KEN,567710,Pregnant women who slept under an insecticide-treated net (ITN),49,1,KE,Kenya,2008,KE2008DHS,ML_NETW_W_ITN,124863020,I,1000,0,Total,Total,0,,1,1,MLNETWWITN,,2008-09,DHS,601,622,,,
KEN,737930,SP/Fansidar 3+ doses during pregnancy,6.9,1,KE,Kenya,2008,KE2008DHS,ML_IPTP_W_3SP,124903025,I,1000,0,Total,Total,0,,1,1,MLIPTPW3SP,,2008-09,DHS,2264,2373,,,
KEN,542108,Children with fever for whom advice or treatment was sought,62.1,1,KE,Kenya,2008,KE2008DHS,ML_FEVT_C_ADV,124966010,I,1000,0,Total,Total,0,,1,1,MLFEVTCADV,,2008-09,DHS,1302,1385,,,
KEN,407674,Children who took any ACT,33.5,1,KE,Kenya,2008,KE2008DHS,ML_AMLD_C_ACT,125066010,I,1000,0,Total,Total,0,,1,1,MLAMLDCACT,,2008-09,DHS,302,311,,,
KEN,456971,Comprehensive correct knowledge about AIDS [Women],48.2,1,KE,Kenya,2008,KE2008DHS,HA_CKNA_W_CKA,135233060,I,10000,10000,Total 15-49,Total 15-49,0,,1,1,HACKNAWCKA,,2008-09,DHS,8444,8444,,,
KEN,86640,Comprehensive correct knowledge about AIDS [Men],55.4,1,KE,Kenya,2008,KE2008DHS,HA_CKNA_M_CKA,135234140,I,10000,10000,Total 15-49,Total 15-49,0,,1,1,HACKNAMCKA,,2008-09,DHS,3258,3256,,,
KEN,284507,Knowledge of prevention of mother to child transmission of HIV [Women],65.4,1,KE,Kenya,2008,KE2008DHS,HA_KMTC_W_BFD,135263030,I,10000,10000,Total 15-49,Total 15-49,0,,1,1,HAKMTCWBFD,,2008-09,DHS,8444,8444,,,
KEN,571184,Knowledge of prevention of mother to child transmission of HIV [Men],64.4,1,KE,Kenya,2008,KE2008DHS,HA_KMTC_M_BFD,135264080,I,10000,10000,Total 15-49,Total 15-49,0,,1,1,HAKMTCMBFD,,2008-09,DHS,3258,3256,,,
KEN,354203,Accepting attitudes towards those living with HIV - Composite of 4 components [Women],32.6,1,KE,Kenya,2008,KE2008DHS,HA_AATT_W_AAT,135303050,I,10000,10000,Total 15-49,Total 15-49,0,,1,1,HAAATTWAAT,,2008-09,DHS,8369,8360,,,
KEN,732145,Accepting attitudes towards those living with HIV - Composite of 4 components [Men],47.5,1,KE,Kenya,2008,KE2008DHS,HA_AATT_M_AAT,135304120,I,10000,10000,Total 15-49,Total 15-49,0,,1,1,HAAATTMAAT,,2008-09,DHS,3250,3249,,,
KEN,340353,Condom use during higher-risk sex (with multiple partners) [Women],32.2,1,KE,Kenya,2008,KE2008DHS,HA_MSXP_W_CND,135433040,I,10000,10000,Total 15-49,Total 15-49,0,,1,1,HAMSXPWCND,,2008-09,DHS,103,107,,,
KEN,499693,Condom use during higher-risk sex (with multiple partners) [Men],37.3,1,KE,Kenya,2008,KE2008DHS,HA_MSXP_M_CND,135434130,I,10000,10000,Total 15-49,Total 15-49,0,,1,1,HAMSXPMCND,,2008-09,DHS,306,343,,,
KEN,621407,Women receiving an HIV test and receiving test results in the last 12 months,29.3,1,KE,Kenya,2008,KE2008DHS,HA_CPHT_W_T1R,135563070,I,10000,10000,Total 15-49,Total 15-49,0,,1,1,HACPHTWT1R,,2008-09,DHS,8444,8444,,,
KEN,86824,Men receiving an HIV test and receiving test results in the last 12 months,22.8,1,KE,Kenya,2008,KE2008DHS,HA_CPHT_M_T1R,135564160,I,10000,10000,Total 15-49,Total 15-49,0,,1,1,HACPHTMT1R,,2008-09,DHS,3258,3256,,,
KEN,477065,Men circumcised,85.8,1,KE,Kenya,2008,KE2008DHS,HA_MCRC_M_MCC,135634010,I,10000,10000,Total 15-49,Total 15-49,0,,1,1,HAMCRCMMCC,,2008-09,DHS,3258,3256,,,
KEN,538299,"Women reporting an STI, genital dicharge, or a sore or ulcer",5.2,1,KE,Kenya,2008,KE2008DHS,HA_STIS_W_AST,135663040,I,10000,10000,Total 15-49,Total 15-49,0,,1,1,HASTISWAST,,2008-09,DHS,7028,7031,,,
KEN,720607,"Men reporting an STI, genital dicharge, or a sore or ulcer",2.1,1,KE,Kenya,2008,KE2008DHS,HA_STIS_M_AST,135664100,I,10000,10000,Total 15-49,Total 15-49,0,,1,1,HASTISMAST,,2008-09,DHS,2729,2718,,,
KEN,86872,Comprehensive correct knowledge about AIDS among young women age 15-24 ,46.6,1,KE,Kenya,2008,KE2008DHS,HA_CKNY_W_CKA,135733010,I,1000,0,Total,Total,0,,1,1,HACKNYWCKA,,2008-09,DHS,3475,3511,,,
KEN,668010,Comprehensive correct knowledge about AIDS among young men age 15-24 ,55.3,1,KE,Kenya,2008,KE2008DHS,HA_CKNY_M_CKA,135734050,I,1000,0,Total,Total,0,,1,1,HACKNYMCKA,,2008-09,DHS,1406,1383,,,
KEN,600877,Young women using a condom at last sexual intercourse,37.4,1,KE,Kenya,2008,KE2008DHS,HA_MSPY_W_CND,135833070,I,1000,0,Total,Total,0,,1,1,HAMSPYWCND,,2008-09,DHS,55,53,,,
KEN,252506,Young men using a condom at last sexual intercourse,67.3,1,KE,Kenya,2008,KE2008DHS,HA_MSPY_M_CND,135834160,I,1000,0,Total,Total,0,,1,1,HAMSPYMCND,,2008-09,DHS,108,114,,,
KEN,1361,HIV prevalence among women,8,1,KE,Kenya,2008,KE2008DHS,HA_HIVP_W_HIV,135963160,I,10000,10000,Total 15-49,Total 15-49,0,,1,1,HAHIVPWHIV,,2008-09,DHS,3641,3811,6.7,9.3,
KEN,790723,HIV prevalence among men,4.3,1,KE,Kenya,2008,KE2008DHS,HA_HIVP_M_HIV,135964190,I,10000,10000,Total 15-49,Total 15-49,0,,1,1,HAHIVPMHIV,,2008-09,DHS,3066,2907,3.2,5.3,
KEN,445920,HIV prevalence among general population,6.3,1,KE,Kenya,2008,KE2008DHS,HA_HIVP_B_HIV,135965220,I,10000,10000,Total 15-49,Total 15-49,0,,1,1,HAHIVPBHIV,,2008-09,DHS,6707,6718,5.3,7.3,
KEN,426281,Women who smoke cigarettes,0.3,1,KE,Kenya,2008,KE2008DHS,AH_TOBC_W_CIG,151433010,I,10000,10000,Total 15-49,Total 15-49,0,,1,1,AHTOBCWCIG,,2008-09,DHS,8444,8444,,,
KEN,451230,Men who smoke cigarettes,17.5,1,KE,Kenya,2008,KE2008DHS,AH_TOBC_M_CIG,151434010,I,10000,10000,Total 15-49,Total 15-49,0,,1,1,AHTOBCMCIG,,2008-09,DHS,3258,3256,,,
KEN,532493,Wife beating justified for at least one specific reason [Women],52.6,1,KE,Kenya,2008,KE2008DHS,WE_AWBT_W_AGR,176433060,I,1000,0,Total,Total,0,,1,1,WEAWBTWAGR,,2008-09,DHS,8444,8444,,,
KEN,594464,Wife beating justified for at least one specific reason [Men],44,1,KE,Kenya,2008,KE2008DHS,WE_AWBT_M_AGR,176434060,I,10000,10000,Total 15-49,Total 15-49,0,,1,1,WEAWBTMAGR,,2008-09,DHS,3258,3256,,,
KEN,310696,Married women participating in all three decisions,60.8,1,KE,Kenya,2008,KE2008DHS,WE_WEMP_W_DMK,176503010,I,110000,352000,Number of reasons for which wife-beating is justified,0,0,,1,1,WEWEMPWDMK,,2008-09,DHS,2274,2446,,,
KEN,234081,Married women who disagree with all the reasons justifying wife beating,39,1,KE,Kenya,2008,KE2008DHS,WE_WEMP_W_DWB,176503020,I,108000,351000,Number of decisions woman has final say,0,0,,1,1,WEWEMPWDWB,,2008-09,DHS,560,627,,,
KEN,610457,Ever experienced physical violence since age 15,38.5,1,KE,Kenya,2008,KE2008DHS,DV_EXPV_W_EVR,197133010,I,10000,10000,Total 15-49,Total 15-49,0,,1,1,DVEXPVWEVR,,2008-09,DHS,6318,6318,,,
KEN,244372,Women who ever experienced sexual violence,20.6,1,KE,Kenya,2008,KE2008DHS,DV_EXSV_W_EVR,197203010,I,10000,10000,Total 15-49,Total 15-49,0,,1,1,DVEXSVWEVR,,2008-09,DHS,6318,6318,,,
KEN,301971,Physical or sexual violence committed by husband/partner,39.2,1,KE,Kenya,2008,KE2008DHS,DV_SPVL_W_POS,197433060,I,10000,10000,Total 15-49,Total 15-49,631001,Ever-married,1,0,DVSPVLWPOS,,2008-09,DHS,4336,4906,,,
KEN,145066,Physical or sexual violence committed by husband/partner in last 12 months,31.7,1,KE,Kenya,2008,KE2008DHS,DV_SPV1_W_POS,198303060,I,10000,10000,Total 15-49,Total 15-49,631001,Ever-married,1,0,DVSPV1WPOS,,2008-09,DHS,4336,4906,,,
KEN,425888,Women circumcised (FGC),27.1,1,KE,Kenya,2008,KE2008DHS,FG_PFCC_W_WCC,207503010,I,1000,0,Total,Total,0,,1,1,FGPFCCWWCC,,2008-09,DHS,8444,8444,,,
KEN,433476,Children registered,60,1,KE,Kenya,2008,KE2008DHS,CP_BREG_C_REG,220906030,I,1000,0,Total,Total,0,,1,1,CPBREGCREG,,2008-09,DHS,5956,6099,,,
KEN,6299,Gender parity index for net primary school attendance,1.03,2,KE,Kenya,2008,KE2008DHS,ED_NARP_B_GPI,231035040,I,1000,0,Total,Total,0,,1,1,EDNARPBGPI,,2008-09,DHS,,,,,
KEN,6330,Gender parity index for net secondary school attendance,1.08,2,KE,Kenya,2008,KE2008DHS,ED_NARS_B_GPI,231105040,I,1000,0,Total,Total,0,,1,1,EDNARSBGPI,,2008-09,DHS,,,,,
KEN,767753,Women with no education,8.9,1,KE,Kenya,2008,KE2008DHS,ED_EDUC_W_NED,231203010,I,10000,10000,Total 15-49,Total 15-49,0,,1,1,EDEDUCWNED,,2008-09,DHS,8444,8444,,,
KEN,767761,Women with secondary or higher education,34.3,1,KE,Kenya,2008,KE2008DHS,ED_EDUC_W_SEH,231203100,I,10000,10000,Total 15-49,Total 15-49,0,,1,1,EDEDUCWSEH,,2008-09,DHS,8444,8444,,,
KEN,251667,Men with no education,3.4,1,KE,Kenya,2008,KE2008DHS,ED_EDUC_M_NED,231204140,I,10000,10000,Total 15-49,Total 15-49,0,,1,1,EDEDUCMNED,,2008-09,DHS,3258,3256,,,
KEN,251674,Men with secondary or higher education,44.8,1,KE,Kenya,2008,KE2008DHS,ED_EDUC_M_SEH,231204230,I,10000,10000,Total 15-49,Total 15-49,0,,1,1,EDEDUCMSEH,,2008-09,DHS,3258,3256,,,
KEN,593759,Women who are literate,84.9,1,KE,Kenya,2008,KE2008DHS,ED_LITR_W_LIT,231233090,I,10000,10000,Total 15-49,Total 15-49,0,,1,1,EDLITRWLIT,,2008-09,DHS,8444,8444,,,
KEN,11610,Men who are literate,91.5,1,KE,Kenya,2008,KE2008DHS,ED_LITR_M_LIT,231234200,I,10000,10000,Total 15-49,Total 15-49,0,,1,1,EDLITRMLIT,,2008-09,DHS,3258,3256,,,
KEN,423277,Women who decide themselves how their earnings are used,42.3,1,KE,Kenya,2008,KE2008DHS,EM_WERN_W_WIF,246163010,I,1000,0,Total,Total,0,,1,1,EMWERNWWIF,,2008-09,DHS,2378,2357,,,
KEN,537450,Population using an improved water source,61.7,1,KE,Kenya,2008,KE2008DHS,WS_SRCE_P_IMP,250162010,I,1000,0,Total,Total,0,,1,1,WSSRCEPIMP,,2008-09,DHS,38069,37870,,,
KEN,195863,Population with an improved sanitation facility,44.6,1,KE,Kenya,2008,KE2008DHS,WS_TLET_P_IMP,250262010,I,1000,0,Total,Total,0,,1,1,WSTLETPIMP,,2008-09,DHS,38069,37870,,,
KEN,483486,Households with electricity,23,1,KE,Kenya,2008,KE2008DHS,HC_ELEC_H_ELC,260321010,I,1000,0,Total,Total,0,,1,1,HCELECHELC,,2008-09,DHS,9057,9057,,,
KEN,131380,Total fertility rate 15-49,3.9,1,KE,Kenya,2014,KE2014DHS,FE_FRTR_W_TFR,11763080,I,1000,0,Total,Total,0,,1,1,FEFRTRWTFR,,2014,DHS,,,,,
KEN,131384,General fertility rate,141,0,KE,Kenya,2014,KE2014DHS,FE_FRTR_W_GFR,11763100,I,1000,0,Total,Total,0,,1,1,FEFRTRWGFR,,2014,DHS,,,,,
KEN,311224,Mean number of children ever born,2.48,2,KE,Kenya,2014,KE2014DHS,FE_CEBA_W_MNC,11863150,I,1000,0,Total,Total,0,,1,1,FECEBAWMNC,,2014,DHS,31079,31079,,,
KEN,311223,Mean number of living children,2.29,2,KE,Kenya,2014,KE2014DHS,FE_CEBA_W_MNL,11863160,I,1000,0,Total,Total,0,,1,1,FECEBAWMNL,,2014,DHS,31079,31079,,,
KEN,131437,Median age at first birth for women age 25-49,20.3,1,KE,Kenya,2014,KE2014DHS,FE_AAFB_W_M2B,12103080,I,1000,0,Total,Total,0,,1,1,FEAAFBWM2B,,2014,DHS,,,,,
KEN,28480,Women who want no more children,50.2,1,KE,Kenya,2014,KE2014DHS,PR_DESL_W_WNM,22203010,I,1000,0,Total,Total,1000,Total,1,1,PRDESLWWNM,,2014,DHS,,9016,,,
KEN,420225,Women who want no more children,2.7,1,KE,Kenya,2014,KE2014DHS,PR_DESL_W_WNM,22203010,I,1000,0,Total,Total,189000,Living children: 0,1,0,PRDESLWWNM,,2014,DHS,,293,,,
KEN,28489,Women who want no more children,6.3,1,KE,Kenya,2014,KE2014DHS,PR_DESL_W_WNM,22203010,I,1000,0,Total,Total,189001,Living children: 1,1,0,PRDESLWWNM,,2014,DHS,,1329,,,
KEN,385261,Women who want no more children,35.3,1,KE,Kenya,2014,KE2014DHS,PR_DESL_W_WNM,22203010,I,1000,0,Total,Total,189002,Living children: 2,1,0,PRDESLWWNM,,2014,DHS,,1890,,,
KEN,28524,Women who want no more children,60.2,1,KE,Kenya,2014,KE2014DHS,PR_DESL_W_WNM,22203010,I,1000,0,Total,Total,189003,Living children: 3,1,0,PRDESLWWNM,,2014,DHS,,1701,,,
KEN,559425,Women who want no more children,74.2,1,KE,Kenya,2014,KE2014DHS,PR_DESL_W_WNM,22203010,I,1000,0,Total,Total,189004,Living children: 4,1,0,PRDESLWWNM,,2014,DHS,,1357,,,
KEN,769826,Women who want no more children,79.6,1,KE,Kenya,2014,KE2014DHS,PR_DESL_W_WNM,22203010,I,1000,0,Total,Total,189005,Living children: 5,1,0,PRDESLWWNM,,2014,DHS,,917,,,
KEN,278233,Women who want no more children,81.4,1,KE,Kenya,2014,KE2014DHS,PR_DESL_W_WNM,22203010,I,1000,0,Total,Total,189006,Living children: 6+,1,0,PRDESLWWNM,,2014,DHS,,1529,,,
KEN,595596,Mean ideal number of children for all women,3.6,1,KE,Kenya,2014,KE2014DHS,PR_MIDL_W_MNA,22263010,I,1000,0,Total,Total,0,,1,1,PRMIDLWMNA,,2014,DHS,14311,14246,,,
KEN,28663,Total wanted fertility rate,3,1,KE,Kenya,2014,KE2014DHS,PR_WTFR_W_WFR,22333010,I,1000,0,Total,Total,0,,1,1,PRWTFRWWFR,,2014,DHS,,,,,
KEN,262572,Married women currently using any method of contraception,58,1,KE,Kenya,2014,KE2014DHS,FP_CUSM_W_ANY,32633010,I,1000,0,Total,Total,0,,1,1,FPCUSMWANY,,2014,DHS,18549,19036,,,
KEN,262573,Married women currently using any modern method of contraception,53.2,1,KE,Kenya,2014,KE2014DHS,FP_CUSM_W_MOD,32633020,I,1000,0,Total,Total,0,,1,1,FPCUSMWMOD,,2014,DHS,18549,19036,,,
KEN,193978,First-year contraceptive discontinuation rate due to method failure,3,1,KE,Kenya,2014,KE2014DHS,FP_DISR_W_PRG,32833010,I,1000,0,Total,Total,0,,1,1,FPDISRWPRG,,2014,DHS,9158,7997,,,
KEN,193987,First-year contraceptive discontinuation rate due to all reasons,30.5,1,KE,Kenya,2014,KE2014DHS,FP_DISR_W_ANY,32833080,I,1000,0,Total,Total,0,,1,1,FPDISRWANY,,2014,DHS,9158,7997,,,
KEN,616815,Unmet need for family planning,17.5,1,KE,Kenya,2014,KE2014DHS,FP_NADM_W_UNT,32933030,I,1000,0,Total,Total,0,,1,1,FPNADMWUNT,,2014,DHS,8710,9016,,,
KEN,558590,Demand for family planning satisfied,76.8,1,KE,Kenya,2014,KE2014DHS,FP_NADM_W_PDS,32933140,I,1000,0,Total,Total,0,,1,1,FPNADMWPDS,,2014,DHS,6577,6450,,,
KEN,558591,Demand for family planning satisfied by modern methods,70.7,1,KE,Kenya,2014,KE2014DHS,FP_NADM_W_PDM,32933150,I,1000,0,Total,Total,0,,1,1,FPNADMWPDM,,2014,DHS,6577,6450,,,
KEN,93195,Current marital status [Women]: Married or living in union,59.7,1,KE,Kenya,2014,KE2014DHS,MA_MSTA_W_UNI,41503090,I,10000,10000,Total 15-49,Total 15-49,0,,1,1,MAMSTAWUNI,,2014,DHS,31079,31079,,,
KEN,712694,Current marital status [Men]: Married or living in union,50.5,1,KE,Kenya,2014,KE2014DHS,MA_MSTA_M_UNI,41504200,I,10000,10000,Total 15-49,Total 15-49,0,,1,1,MAMSTAMUNI,,2014,DHS,12063,12014,,,
KEN,95231,Median age at first marriage [Women]: 25-49,20.2,1,KE,Kenya,2014,KE2014DHS,MA_AAFM_W_M2B,41633090,I,1000,0,Total,Total,0,,1,1,MAAAFMWM2B,,2014,DHS,,,,,
KEN,96335,Median age at first sexual intercourse [Women]: 25-49,18,1,KE,Kenya,2014,KE2014DHS,SX_AAFS_W_M2B,51703090,I,1000,0,Total,Total,0,,1,1,SXAAFSWM2B,,2014,DHS,,,,,
KEN,96454,"Median age at first sexual intercourse [Men]: 25-49(54,59)",17.4,1,KE,Kenya,2014,KE2014DHS,SX_AAFS_M_M2B,51704180,I,1000,0,Total,Total,0,,1,1,SXAAFSMM2B,,2014,DHS,,,,,
KEN,118463,Neonatal mortality rate,22,0,KE,Kenya,2014,KE2014DHS,CM_ECMR_C_NNR,63206010,I,1000,0,Total,Total,14001,Five years preceding the survey,1,1,CMECMRCNNR,,2014,DHS,,,19,25,
KEN,118485,Neonatal mortality rate,23,0,KE,Kenya,2014,KE2014DHS,CM_ECMR_C_NNR,63206010,I,1000,0,Total,Total,14003,Ten years preceding the survey,1,0,CMECMRCNNR,,2014,DHS,,,21,25,
KEN,814576,Postneonatal mortality rate,16,0,KE,Kenya,2014,KE2014DHS,CM_ECMR_C_PNR,63206020,I,1000,0,Total,Total,14001,Five years preceding the survey,1,1,CMECMRCPNR,,2014,DHS,,,14,19,
KEN,772999,Postneonatal mortality rate,18,0,KE,Kenya,2014,KE2014DHS,CM_ECMR_C_PNR,63206020,I,1000,0,Total,Total,14003,Ten years preceding the survey,1,0,CMECMRCPNR,,2014,DHS,,,16,20,
KEN,812139,Infant mortality rate,39,0,KE,Kenya,2014,KE2014DHS,CM_ECMR_C_IMR,63206030,I,1000,0,Total,Total,14001,Five years preceding the survey,1,1,CMECMRCIMR,,2014,DHS,,,35,43,
KEN,800294,Infant mortality rate,41,0,KE,Kenya,2014,KE2014DHS,CM_ECMR_C_IMR,63206030,I,1000,0,Total,Total,14003,Ten years preceding the survey,1,0,CMECMRCIMR,,2014,DHS,,,38,44,
KEN,798631,Child mortality rate,14,0,KE,Kenya,2014,KE2014DHS,CM_ECMR_C_CMR,63206040,I,1000,0,Total,Total,14001,Five years preceding the survey,1,1,CMECMRCCMR,,2014,DHS,,,12,17,
KEN,813196,Child mortality rate,16,0,KE,Kenya,2014,KE2014DHS,CM_ECMR_C_CMR,63206040,I,1000,0,Total,Total,14003,Ten years preceding the survey,1,0,CMECMRCCMR,,2014,DHS,,,14,18,
KEN,118542,Under-five mortality rate,52,0,KE,Kenya,2014,KE2014DHS,CM_ECMR_C_U5M,63206050,I,1000,0,Total,Total,14001,Five years preceding the survey,1,1,CMECMRCU5M,,2014,DHS,,,48,57,
KEN,118484,Under-five mortality rate,56,0,KE,Kenya,2014,KE2014DHS,CM_ECMR_C_U5M,63206050,I,1000,0,Total,Total,14003,Ten years preceding the survey,1,0,CMECMRCU5M,,2014,DHS,,,52,60,
KEN,21146,Probability of dying between exact age 15 and 50 (35q15) for women,138,0,KE,Kenya,2014,KE2014DHS,MM_AMPB_W_AMP,76963010,I,10000,10000,Total 15-49,Total 15-49,0,,1,1,MMAMPBWAMP,,2014,DHS,,,,,
KEN,21154,Probability of dying between exact age 15 and 50 (35q15) for men,183,0,KE,Kenya,2014,KE2014DHS,MM_AMPB_M_AMP,76964020,I,10000,10000,Total 15-49,Total 15-49,0,,1,1,MMAMPBMAMP,,2014,DHS,,,,,
KEN,91536,Pregnancy-related mortality ratio,362,0,KE,Kenya,2014,KE2014DHS,MM_MMRO_W_PMR,77033020,I,1000,0,Total,Total,0,,1,1,MMMMROWPMR,,2014,DHS,,,254,471,
KEN,203677,Antenatal care from a skilled provider,95.3,1,KE,Kenya,2014,KE2014DHS,RH_ANCP_W_SKP,83363120,I,1000,0,Total,Total,14000,Three years preceding the survey,1,0,RHANCPWSKP,,2014,DHS,10378,11005,,,
KEN,601307,Antenatal care from a skilled provider,95.5,1,KE,Kenya,2014,KE2014DHS,RH_ANCP_W_SKP,83363120,I,1000,0,Total,Total,14001,Five years preceding the survey,1,0,RHANCPWSKP,,2014,DHS,14442,14949,,,
KEN,241466,Antenatal care from a skilled provider,95.3,1,KE,Kenya,2014,KE2014DHS,RH_ANCP_W_SKP,83363120,I,1000,0,Total,Total,14002,Two years preceding the survey,1,1,RHANCPWSKP,,2014,DHS,7357,7925,,,
KEN,228942,Antenatal visits for pregnancy: 4+ visits,55.8,1,KE,Kenya,2014,KE2014DHS,RH_ANCN_W_N4P,83403040,I,1000,0,Total,Total,14000,Three years preceding the survey,1,0,RHANCNWN4P,,2014,DHS,10378,11005,,,
KEN,664742,Antenatal visits for pregnancy: 4+ visits,57.6,1,KE,Kenya,2014,KE2014DHS,RH_ANCN_W_N4P,83403040,I,1000,0,Total,Total,14001,Five years preceding the survey,1,0,RHANCNWN4P,,2014,DHS,14442,14949,,,
KEN,243174,Antenatal visits for pregnancy: 4+ visits,54.7,1,KE,Kenya,2014,KE2014DHS,RH_ANCN_W_N4P,83403040,I,1000,0,Total,Total,14002,Two years preceding the survey,1,1,RHANCNWN4P,,2014,DHS,7357,7925,,,
KEN,629201,Tetanus protection at birth,75,1,KE,Kenya,2014,KE2014DHS,RH_TTIJ_W_PRT,83533060,I,1000,0,Total,Total,14000,Three years preceding the survey,1,0,RHTTIJWPRT,,2014,DHS,4959,5295,,,
KEN,522886,Tetanus protection at birth,75.6,1,KE,Kenya,2014,KE2014DHS,RH_TTIJ_W_PRT,83533060,I,1000,0,Total,Total,14001,Five years preceding the survey,1,0,RHTTIJWPRT,,2014,DHS,6876,7176,,,
KEN,215890,Tetanus protection at birth,74.3,1,KE,Kenya,2014,KE2014DHS,RH_TTIJ_W_PRT,83533060,I,1000,0,Total,Total,14002,Two years preceding the survey,1,1,RHTTIJWPRT,,2014,DHS,3544,3821,,,
KEN,249259,Place of delivery: Health facility,64,1,KE,Kenya,2014,KE2014DHS,RH_DELP_C_DHF,83566070,I,1000,0,Total,Total,14000,Three years preceding the survey,1,0,RHDELPCDHF,,2014,DHS,11601,12443,,,
KEN,209449,Place of delivery: Health facility,61.2,1,KE,Kenya,2014,KE2014DHS,RH_DELP_C_DHF,83566070,I,1000,0,Total,Total,14001,Five years preceding the survey,1,0,RHDELPCDHF,,2014,DHS,19564,20964,,,
KEN,617175,Place of delivery: Health facility,65.2,1,KE,Kenya,2014,KE2014DHS,RH_DELP_C_DHF,83566070,I,1000,0,Total,Total,14002,Two years preceding the survey,1,1,RHDELPCDHF,,2014,DHS,7662,8241,,,
KEN,198486,Assistance during delivery from a skilled provider,64.5,1,KE,Kenya,2014,KE2014DHS,RH_DELA_C_SKP,83606110,I,1000,0,Total,Total,14000,Three years preceding the survey,1,0,RHDELACSKP,,2014,DHS,11601,12443,,,
KEN,336435,Assistance during delivery from a skilled provider,61.8,1,KE,Kenya,2014,KE2014DHS,RH_DELA_C_SKP,83606110,I,1000,0,Total,Total,14001,Five years preceding the survey,1,0,RHDELACSKP,,2014,DHS,19564,20964,,,
KEN,619635,Assistance during delivery from a skilled provider,65.8,1,KE,Kenya,2014,KE2014DHS,RH_DELA_C_SKP,83606110,I,1000,0,Total,Total,14002,Two years preceding the survey,1,1,RHDELACSKP,,2014,DHS,7662,8241,,,
KEN,198487,Delivery by cesarean section,9.2,1,KE,Kenya,2014,KE2014DHS,RH_DELA_C_CSC,83606120,I,1000,0,Total,Total,14000,Three years preceding the survey,1,0,RHDELACCSC,,2014,DHS,11601,12443,,,
KEN,336436,Delivery by cesarean section,8.7,1,KE,Kenya,2014,KE2014DHS,RH_DELA_C_CSC,83606120,I,1000,0,Total,Total,14001,Five years preceding the survey,1,0,RHDELACCSC,,2014,DHS,19564,20964,,,
KEN,619636,Delivery by cesarean section,9,1,KE,Kenya,2014,KE2014DHS,RH_DELA_C_CSC,83606120,I,1000,0,Total,Total,14002,Two years preceding the survey,1,1,RHDELACCSC,,2014,DHS,7662,8241,,,
KEN,604890,Mother's first postnatal checkup in the first two days after birth,52.9,1,KE,Kenya,2014,KE2014DHS,RH_PCMT_W_DY2,83633090,I,1000,0,Total,Total,0,,1,1,RHPCMTWDY2,,2014,DHS,3544,3821,,,
KEN,734835,Newborn's first postnatal checkup in the first two days after birth,35.6,1,KE,Kenya,2014,KE2014DHS,RH_PCCT_C_DY2,83706090,I,1000,0,Total,Total,0,,1,1,RHPCCTCDY2,,2014,DHS,3544,3821,,,
KEN,653647,BCG vaccination received,96.7,1,KE,Kenya,2014,KE2014DHS,CH_VACC_C_BCG,93906010,I,1000,0,Total,Total,0,,1,1,CHVACCCBCG,,2014,DHS,3777,4052,,,
KEN,653650,DPT 3 vaccination received,89.9,1,KE,Kenya,2014,KE2014DHS,CH_VACC_C_DP3,93906040,I,1000,0,Total,Total,0,,1,1,CHVACCCDP3,,2014,DHS,3777,4052,,,
KEN,653646,Polio 3 vaccination received,90,1,KE,Kenya,2014,KE2014DHS,CH_VACC_C_OP3,93906080,I,1000,0,Total,Total,0,,1,1,CHVACCCOP3,,2014,DHS,3777,4052,,,
KEN,653653,Measles vaccination received,87.1,1,KE,Kenya,2014,KE2014DHS,CH_VACC_C_MSL,93906090,I,1000,0,Total,Total,0,,1,1,CHVACCCMSL,,2014,DHS,3777,4052,,,
KEN,653652,Fully vaccinated (8 basic antigens),79.4,1,KE,Kenya,2014,KE2014DHS,CH_VACC_C_BAS,93906230,I,1000,0,Total,Total,0,,1,1,CHVACCCBAS,,2014,DHS,3777,4052,,,
KEN,559392,Children with symptoms of ARI,9,1,KE,Kenya,2014,KE2014DHS,CH_ARIS_C_ARI,93966010,I,1000,0,Total,Total,14000,Three years preceding the survey,1,0,CHARISCARI,,2014,DHS,11140,11979,,,
KEN,601632,Children with symptoms of ARI,8.5,1,KE,Kenya,2014,KE2014DHS,CH_ARIS_C_ARI,93966010,I,1000,0,Total,Total,14001,Five years preceding the survey,1,1,CHARISCARI,,2014,DHS,18702,20093,,,
KEN,399581,Children with ARI for whom advice or treatment was sought,75.2,1,KE,Kenya,2014,KE2014DHS,CH_ARIS_C_ADV,93966040,I,1000,0,Total,Total,14000,Three years preceding the survey,1,0,CHARISCADV,,2014,DHS,998,1088,,,
KEN,539585,Children with ARI for whom advice or treatment was sought,73.1,1,KE,Kenya,2014,KE2014DHS,CH_ARIS_C_ADV,93966040,I,1000,0,Total,Total,14001,Five years preceding the survey,1,1,CHARISCADV,,2014,DHS,1582,1722,,,
KEN,412583,Children with fever in the last two weeks,26.4,1,KE,Kenya,2014,KE2014DHS,CH_FEVR_C_FEV,94006010,I,1000,0,Total,Total,14000,Three years preceding the survey,1,0,CHFEVRCFEV,,2014,DHS,11140,11979,,,
KEN,755154,Children with fever in the last two weeks,24.4,1,KE,Kenya,2014,KE2014DHS,CH_FEVR_C_FEV,94006010,I,1000,0,Total,Total,14001,Five years preceding the survey,1,1,CHFEVRCFEV,,2014,DHS,18702,20093,,,
KEN,398604,Children with fever for whom advice or treatment was sought,72.5,1,KE,Kenya,2014,KE2014DHS,CH_FEVT_C_ADV,94036010,I,1000,0,Total,Total,14000,Three years preceding the survey,1,0,CHFEVTCADV,,2014,DHS,2946,3072,,,
KEN,601780,Children with fever for whom advice or treatment was sought,72.2,1,KE,Kenya,2014,KE2014DHS,CH_FEVT_C_ADV,94036010,I,1000,0,Total,Total,14001,Five years preceding the survey,1,1,CHFEVTCADV,,2014,DHS,4562,4764,,,
KEN,670147,Children with diarrhea,20.1,1,KE,Kenya,2014,KE2014DHS,CH_DIAR_C_DIA,94066010,I,1000,0,Total,Total,14000,Three years preceding the survey,1,0,CHDIARCDIA,,2014,DHS,11140,11979,,,
KEN,199093,Children with diarrhea,15.2,1,KE,Kenya,2014,KE2014DHS,CH_DIAR_C_DIA,94066010,I,1000,0,Total,Total,14001,Five years preceding the survey,1,1,CHDIARCDIA,,2014,DHS,18702,20093,,,
KEN,199154,Treatment of diarrhea: Either ORS or RHF,65.2,1,KE,Kenya,2014,KE2014DHS,CH_DIAT_C_ORT,94096040,I,1000,0,Total,Total,14000,Three years preceding the survey,1,0,CHDIATCORT,,2014,DHS,2237,2327,,,
KEN,598824,Treatment of diarrhea: Either ORS or RHF,64.6,1,KE,Kenya,2014,KE2014DHS,CH_DIAT_C_ORT,94096040,I,1000,0,Total,Total,14001,Five years preceding the survey,1,1,CHDIATCORT,,2014,DHS,2844,2953,,,
KEN,714209,Feeding practices during diarrhea: ORT and continued feeding,32.4,1,KE,Kenya,2014,KE2014DHS,CH_DIFP_C_FAL,94136015,I,1000,0,Total,Total,14000,Three years preceding the survey,1,0,CHDIFPCFAL,,2014,DHS,2237,2327,,,
KEN,157489,Feeding practices during diarrhea: ORT and continued feeding,34.2,1,KE,Kenya,2014,KE2014DHS,CH_DIFP_C_FAL,94136015,I,1000,0,Total,Total,14001,Five years preceding the survey,1,1,CHDIFPCFAL,,2014,DHS,2844,2953,,,
KEN,714208,"Feeding practices during diarrhea: Continued feeding, and ORT and/or increased fluids",42.9,1,KE,Kenya,2014,KE2014DHS,CH_DIFP_C_FAL,94136190,I,1000,0,Total,Total,14000,Three years preceding the survey,1,0,CHDIFPCFAL,,2014,DHS,2237,2327,,,
KEN,157488,"Feeding practices during diarrhea: Continued feeding, and ORT and/or increased fluids",45.1,1,KE,Kenya,2014,KE2014DHS,CH_DIFP_C_FAL,94136190,I,1000,0,Total,Total,14001,Five years preceding the survey,1,1,CHDIFPCFAL,,2014,DHS,2844,2953,,,
KEN,44086,Children stunted,26,1,KE,Kenya,2014,KE2014DHS,CN_NUTS_C_HA2,104236020,I,1000,0,Total,Total,0,,1,1,CNNUTSCHA2,,2014,DHS,18986,20524,,,
KEN,721459,Children wasted,4,1,KE,Kenya,2014,KE2014DHS,CN_NUTS_C_WH2,104236050,I,1000,0,Total,Total,0,,1,1,CNNUTSCWH2,,2014,DHS,18986,20524,,,
KEN,736991,Children underweight,11,1,KE,Kenya,2014,KE2014DHS,CN_NUTS_C_WA2,104236090,I,1000,0,Total,Total,0,,1,1,CNNUTSCWA2,,2014,DHS,18986,20524,,,
KEN,504805,Children exclusively breastfed,61.4,1,KE,Kenya,2014,KE2014DHS,CN_BRFS_C_EXB,104306020,I,295001,21001,Age in months (other groupings),0-5,0,,1,1,CNBRFSCEXB,,2014,DHS,794,856,,,
KEN,44084,Median duration of any breastfeeding,21,1,KE,Kenya,2014,KE2014DHS,CN_BFDR_C_MDA,104336010,I,1000,0,Total,Total,0,,1,1,CNBFDRCMDA,,2014,DHS,,,,,
KEN,44078,Median duration of exclusive breastfeeding,3.3,1,KE,Kenya,2014,KE2014DHS,CN_BFDR_C_MDE,104336020,I,1000,0,Total,Total,0,,1,1,CNBFDRCMDE,,2014,DHS,,,,,
KEN,44079,Median duration of predominant breastfeeding,4.4,1,KE,Kenya,2014,KE2014DHS,CN_BFDR_C_MDP,104336030,I,1000,0,Total,Total,0,,1,1,CNBFDRCMDP,,2014,DHS,,,,,
KEN,389817,Breastfed children 6-23 months fed both 4+ food groups and the minimum meal frequency,22.6,1,KE,Kenya,2014,KE2014DHS,CN_IYCF_C_BTB,104436030,I,1000,0,Total,Total,0,,1,1,CNIYCFCBTB,,2014,DHS,2159,2340,,,
KEN,506211,Non-breastfed children 6-23 months with 3 IYCF practices,17.8,1,KE,Kenya,2014,KE2014DHS,CN_IYCF_C_3PN,104436090,I,1000,0,Total,Total,0,,1,1,CNIYCFC3PN,,2014,DHS,435,469,,,
KEN,697294,Children 6-23 months with 3 IYCF practices,21.8,1,KE,Kenya,2014,KE2014DHS,CN_IYCF_C_3PA,104436150,I,1000,0,Total,Total,0,,1,1,CNIYCFC3PA,,2014,DHS,2594,2809,,,
KEN,631891,Children 6-23 months that consumed foods rich in vitamin A in the last 24 hours,34.8,1,KE,Kenya,2014,KE2014DHS,CN_MIAC_C_VAF,104506010,I,1000,0,Total,Total,0,,1,1,CNMIACCVAF,,2014,DHS,5359,5792,,,
KEN,631890,Children 6-23 months that consumed foods rich in iron in the last 24 hours,16.1,1,KE,Kenya,2014,KE2014DHS,CN_MIAC_C_IRF,104506020,I,1000,0,Total,Total,0,,1,1,CNMIACCIRF,,2014,DHS,5359,5792,,,
KEN,517453,Children consuming vitamin A supplements,71.7,1,KE,Kenya,2014,KE2014DHS,CN_MIAC_C_VAS,104506050,I,1000,0,Total,Total,0,,1,1,CNMIACCVAS,,2014,DHS,17008,18256,,,
KEN,751607,Households with iodized salt,99.5,1,KE,Kenya,2014,KE2014DHS,CN_IODZ_H_IOD,104531050,I,1000,0,Total,Total,0,,1,1,CNIODZHIOD,,2014,DHS,34139,33710,,,
KEN,601529,Mean Body Mass Index (BMI) for women,23.7,1,KE,Kenya,2014,KE2014DHS,AN_NUTS_W_BMI,114563040,I,1000,0,Total,Total,0,,1,1,ANNUTSWBMI,,2014,DHS,13143,13215,,,
KEN,601535,Women who are thin according to BMI (<18.5),8.9,1,KE,Kenya,2014,KE2014DHS,AN_NUTS_W_THN,114563060,I,1000,0,Total,Total,0,,1,1,ANNUTSWTHN,,2014,DHS,13143,13215,,,
KEN,601525,Women who are overweight or obese according to BMI (>=25.0),32.8,1,KE,Kenya,2014,KE2014DHS,AN_NUTS_W_OWT,114563090,I,1000,0,Total,Total,0,,1,1,ANNUTSWOWT,,2014,DHS,13143,13215,,,
KEN,232045,Households with at least one insecticide-treated mosquito net (ITN),58.9,1,KE,Kenya,2014,KE2014DHS,ML_NETP_H_ITN,124661020,I,1000,0,Total,Total,0,,1,1,MLNETPHITN,,2014,DHS,36430,36430,,,
KEN,171567,Households with at least one insecticide-treated mosquito net (ITN) for every two persons who stayed in the household the previous night,34.5,1,KE,Kenya,2014,KE2014DHS,ML_NETP_H_IT2,124661100,I,1000,0,Total,Total,0,,1,1,MLNETPHIT2,,2014,DHS,36185,36212,,,
KEN,511583,Persons with access to an insecticide-treated mosquito net (ITN),48.2,1,KE,Kenya,2014,KE2014DHS,ML_ITNA_P_ACC,124732130,I,1000,0,Total,Total,0,,1,1,MLITNAPACC,,2014,DHS,137780,145440,,,
KEN,171587,Population who slept under an insecticide-treated mosquito net (ITN) last night,42.6,1,KE,Kenya,2014,KE2014DHS,ML_NETU_P_ITN,124762020,I,1000,0,Total,Total,0,,1,1,MLNETUPITN,,2014,DHS,137780,145440,,,
KEN,171594,Children under 5 who slept under an insecticide-treated net (ITN),54.3,1,KE,Kenya,2014,KE2014DHS,ML_NETC_C_ITN,124836020,I,1000,0,Total,Total,0,,1,1,MLNETCCITN,,2014,DHS,19798,21445,,,
KEN,548817,Pregnant women who slept under an insecticide-treated net (ITN),50.6,1,KE,Kenya,2014,KE2014DHS,ML_NETW_W_ITN,124863020,I,1000,0,Total,Total,0,,1,1,MLNETWWITN,,2014,DHS,1937,2076,,,
KEN,727814,SP/Fansidar 3+ doses during pregnancy,10.3,1,KE,Kenya,2014,KE2014DHS,ML_IPTP_W_3SP,124903025,I,1000,0,Total,Total,0,,1,1,MLIPTPW3SP,,2014,DHS,7357,7925,,,
KEN,493606,Children with fever for whom advice or treatment was sought,72.2,1,KE,Kenya,2014,KE2014DHS,ML_FEVT_C_ADV,124966010,I,1000,0,Total,Total,0,,1,1,MLFEVTCADV,,2014,DHS,4562,4764,,,
KEN,493608,Children with fever who had blood taken from a finger or heel for testing,34.9,1,KE,Kenya,2014,KE2014DHS,ML_FEVT_C_BLD,124966030,I,1000,0,Total,Total,0,,1,1,MLFEVTCBLD,,2014,DHS,4562,4764,,,
KEN,392311,Children who took any ACT,85.8,1,KE,Kenya,2014,KE2014DHS,ML_AMLD_C_ACT,125066010,I,1000,0,Total,Total,0,,1,1,MLAMLDCACT,,2014,DHS,1230,1256,,,
KEN,442498,Comprehensive correct knowledge about AIDS [Women],56.3,1,KE,Kenya,2014,KE2014DHS,HA_CKNA_W_CKA,135233060,I,10000,10000,Total 15-49,Total 15-49,0,,1,1,HACKNAWCKA,,2014,DHS,31079,31079,,,
KEN,448098,Comprehensive correct knowledge about AIDS [Men],66.2,1,KE,Kenya,2014,KE2014DHS,HA_CKNA_M_CKA,135234140,I,10000,10000,Total 15-49,Total 15-49,0,,1,1,HACKNAMCKA,,2014,DHS,12063,12014,,,
KEN,277601,Knowledge of prevention of mother to child transmission of HIV [Women],71.5,1,KE,Kenya,2014,KE2014DHS,HA_KMTC_W_BFD,135263030,I,10000,10000,Total 15-49,Total 15-49,0,,1,1,HAKMTCWBFD,,2014,DHS,14625,14741,,,
KEN,544459,Knowledge of prevention of mother to child transmission of HIV [Men],62,1,KE,Kenya,2014,KE2014DHS,HA_KMTC_M_BFD,135264080,I,10000,10000,Total 15-49,Total 15-49,0,,1,1,HAKMTCMBFD,,2014,DHS,12063,12014,,,
KEN,338743,Accepting attitudes towards those living with HIV - Composite of 4 components [Women],26.1,1,KE,Kenya,2014,KE2014DHS,HA_AATT_W_AAT,135303050,I,10000,10000,Total 15-49,Total 15-49,0,,1,1,HAAATTWAAT,,2014,DHS,14587,14661,,,
KEN,724365,Accepting attitudes towards those living with HIV - Composite of 4 components [Men],43.7,1,KE,Kenya,2014,KE2014DHS,HA_AATT_M_AAT,135304120,I,10000,10000,Total 15-49,Total 15-49,0,,1,1,HAAATTMAAT,,2014,DHS,12039,11985,,,
KEN,628815,Condom use during higher-risk sex (with multiple partners) [Women],40.1,1,KE,Kenya,2014,KE2014DHS,HA_MSXP_W_CND,135433040,I,10000,10000,Total 15-49,Total 15-49,0,,1,1,HAMSXPWCND,,2014,DHS,205,182,,,
KEN,346838,Condom use during higher-risk sex (with multiple partners) [Men],44.4,1,KE,Kenya,2014,KE2014DHS,HA_MSXP_M_CND,135434130,I,10000,10000,Total 15-49,Total 15-49,0,,1,1,HAMSXPMCND,,2014,DHS,1531,1386,,,
KEN,561430,Women receiving an HIV test and receiving test results in the last 12 months,52.8,1,KE,Kenya,2014,KE2014DHS,HA_CPHT_W_T1R,135563070,I,10000,10000,Total 15-49,Total 15-49,0,,1,1,HACPHTWT1R,,2014,DHS,31079,31079,,,
KEN,709852,Men receiving an HIV test and receiving test results in the last 12 months,45.7,1,KE,Kenya,2014,KE2014DHS,HA_CPHT_M_T1R,135564160,I,10000,10000,Total 15-49,Total 15-49,0,,1,1,HACPHTMT1R,,2014,DHS,12063,12014,,,
KEN,571191,Men circumcised,92.6,1,KE,Kenya,2014,KE2014DHS,HA_MCRC_M_MCC,135634010,I,10000,10000,Total 15-49,Total 15-49,0,,1,1,HAMCRCMMCC,,2014,DHS,12063,12014,,,
KEN,87114,"Women reporting an STI, genital dicharge, or a sore or ulcer",5.9,1,KE,Kenya,2014,KE2014DHS,HA_STIS_W_AST,135663040,I,10000,10000,Total 15-49,Total 15-49,0,,1,1,HASTISWAST,,2014,DHS,12494,12509,,,
KEN,586906,"Men reporting an STI, genital dicharge, or a sore or ulcer",2.4,1,KE,Kenya,2014,KE2014DHS,HA_STIS_M_AST,135664100,I,10000,10000,Total 15-49,Total 15-49,0,,1,1,HASTISMAST,,2014,DHS,10209,9921,,,
KEN,357540,Comprehensive correct knowledge about AIDS among young women age 15-24 ,56.6,1,KE,Kenya,2014,KE2014DHS,HA_CKNY_W_CKA,135733010,I,1000,0,Total,Total,0,,1,1,HACKNYWCKA,,2014,DHS,5407,5399,,,
KEN,632874,Comprehensive correct knowledge about AIDS among young men age 15-24 ,63.7,1,KE,Kenya,2014,KE2014DHS,HA_CKNY_M_CKA,135734050,I,1000,0,Total,Total,0,,1,1,HACKNYMCKA,,2014,DHS,4666,4792,,,
KEN,328436,Young women using a condom at last sexual intercourse,37.5,1,KE,Kenya,2014,KE2014DHS,HA_MSPY_W_CND,135833070,I,1000,0,Total,Total,0,,1,1,HAMSPYWCND,,2014,DHS,83,65,,,
KEN,235643,Young men using a condom at last sexual intercourse,68.9,1,KE,Kenya,2014,KE2014DHS,HA_MSPY_M_CND,135834160,I,1000,0,Total,Total,0,,1,1,HAMSPYMCND,,2014,DHS,449,395,,,
KEN,395674,Women who smoke cigarettes,0.4,1,KE,Kenya,2014,KE2014DHS,AH_TOBC_W_CIG,151433010,I,10000,10000,Total 15-49,Total 15-49,0,,1,1,AHTOBCWCIG,,2014,DHS,14625,14741,,,
KEN,446734,Men who smoke cigarettes,15.8,1,KE,Kenya,2014,KE2014DHS,AH_TOBC_M_CIG,151434010,I,10000,10000,Total 15-49,Total 15-49,0,,1,1,AHTOBCMCIG,,2014,DHS,12063,12014,,,
KEN,179432,Wife beating justified for at least one specific reason [Women],41.8,1,KE,Kenya,2014,KE2014DHS,WE_AWBT_W_AGR,176433060,I,1000,0,Total,Total,0,,1,1,WEAWBTWAGR,,2014,DHS,14625,14741,,,
KEN,569422,Wife beating justified for at least one specific reason [Men],36.4,1,KE,Kenya,2014,KE2014DHS,WE_AWBT_M_AGR,176434060,I,10000,10000,Total 15-49,Total 15-49,0,,1,1,WEAWBTMAGR,,2014,DHS,12063,12014,,,
KEN,600051,Married women participating in all three decisions,62.8,1,KE,Kenya,2014,KE2014DHS,WE_WEMP_W_DMK,176503010,I,110000,352000,Number of reasons for which wife-beating is justified,0,0,,1,1,WEWEMPWDMK,,2014,DHS,4911,4564,,,
KEN,454399,Married women who disagree with all the reasons justifying wife beating,47.9,1,KE,Kenya,2014,KE2014DHS,WE_WEMP_W_DWB,176503020,I,108000,351000,Number of decisions woman has final say,0,0,,1,1,WEWEMPWDWB,,2014,DHS,846,984,,,
KEN,12447,Ever experienced physical violence since age 15,44.8,1,KE,Kenya,2014,KE2014DHS,DV_EXPV_W_EVR,197133010,I,10000,10000,Total 15-49,Total 15-49,0,,1,1,DVEXPVWEVR,,2014,DHS,5657,5657,,,
KEN,419529,Women who ever experienced sexual violence,14.1,1,KE,Kenya,2014,KE2014DHS,DV_EXSV_W_EVR,197203010,I,10000,10000,Total 15-49,Total 15-49,0,,1,1,DVEXSVWEVR,,2014,DHS,5657,5657,,,
KEN,352822,Physical or sexual violence committed by husband/partner,39.4,1,KE,Kenya,2014,KE2014DHS,DV_SPVL_W_POS,197433060,I,10000,10000,Total 15-49,Total 15-49,631001,Ever-married,1,0,DVSPVLWPOS,,2014,DHS,4023,4519,,,
KEN,145195,Physical or sexual violence committed by husband/partner in last 12 months,25.5,1,KE,Kenya,2014,KE2014DHS,DV_SPV1_W_POS,198303060,I,10000,10000,Total 15-49,Total 15-49,631001,Ever-married,1,0,DVSPV1WPOS,,2014,DHS,4023,4519,,,
KEN,442485,Women circumcised (FGC),21,1,KE,Kenya,2014,KE2014DHS,FG_PFCC_W_WCC,207503010,I,1000,0,Total,Total,0,,1,1,FGPFCCWWCC,,2014,DHS,14625,14741,,,
KEN,726363,Girls age 0-14 circumcised,2.8,1,KE,Kenya,2014,KE2014DHS,FG_PFCG_C_GC4,207636100,I,1000,0,Total,Total,0,,1,1,FGPFCGCGC4,,2014,DHS,352,739,,,
KEN,533286,Children registered,66.9,1,KE,Kenya,2014,KE2014DHS,CP_BREG_C_REG,220906030,I,1000,0,Total,Total,0,,1,1,CPBREGCREG,,2014,DHS,19954,21548,,,
KEN,6822,Gender parity index for net primary school attendance,1.02,2,KE,Kenya,2014,KE2014DHS,ED_NARP_B_GPI,231035040,I,1000,0,Total,Total,0,,1,1,EDNARPBGPI,,2014,DHS,,,,,
KEN,33047,Gender parity index for net secondary school attendance,1.08,2,KE,Kenya,2014,KE2014DHS,ED_NARS_B_GPI,231105040,I,1000,0,Total,Total,0,,1,1,EDNARSBGPI,,2014,DHS,,,,,
KEN,400244,Women with no education,7,1,KE,Kenya,2014,KE2014DHS,ED_EDUC_W_NED,231203010,I,10000,10000,Total 15-49,Total 15-49,0,,1,1,EDEDUCWNED,,2014,DHS,31079,31079,,,
KEN,400242,Women with secondary or higher education,42.7,1,KE,Kenya,2014,KE2014DHS,ED_EDUC_W_SEH,231203100,I,10000,10000,Total 15-49,Total 15-49,0,,1,1,EDEDUCWSEH,,2014,DHS,31079,31079,,,
KEN,435028,Men with no education,2.9,1,KE,Kenya,2014,KE2014DHS,ED_EDUC_M_NED,231204140,I,10000,10000,Total 15-49,Total 15-49,0,,1,1,EDEDUCMNED,,2014,DHS,12063,12014,,,
KEN,435032,Men with secondary or higher education,49,1,KE,Kenya,2014,KE2014DHS,ED_EDUC_M_SEH,231204230,I,10000,10000,Total 15-49,Total 15-49,0,,1,1,EDEDUCMSEH,,2014,DHS,12063,12014,,,
KEN,581299,Women who are literate,87.8,1,KE,Kenya,2014,KE2014DHS,ED_LITR_W_LIT,231233090,I,10000,10000,Total 15-49,Total 15-49,0,,1,1,EDLITRWLIT,,2014,DHS,31079,31079,,,
KEN,132125,Men who are literate,92.4,1,KE,Kenya,2014,KE2014DHS,ED_LITR_M_LIT,231234200,I,10000,10000,Total 15-49,Total 15-49,0,,1,1,EDLITRMLIT,,2014,DHS,12063,12014,,,
KEN,392291,Women who decide themselves how their earnings are used,49.4,1,KE,Kenya,2014,KE2014DHS,EM_WERN_W_WIF,246163010,I,1000,0,Total,Total,0,,1,1,EMWERNWWIF,,2014,DHS,4951,4626,,,
KEN,6383,Population using an improved water source,68.4,1,KE,Kenya,2014,KE2014DHS,WS_SRCE_P_IMP,250162010,I,1000,0,Total,Total,0,,1,1,WSSRCEPIMP,,2014,DHS,142708,151093,,,
KEN,608884,Population with an improved sanitation facility,47.9,1,KE,Kenya,2014,KE2014DHS,WS_TLET_P_IMP,250262010,I,1000,0,Total,Total,0,,1,1,WSTLETPIMP,,2014,DHS,142708,151093,,,
KEN,342854,Households with electricity,36,1,KE,Kenya,2014,KE2014DHS,HC_ELEC_H_ELC,260321010,I,1000,0,Total,Total,0,,1,1,HCELECHELC,,2014,DHS,36430,36430,,,
KEN,613443,"Prevalence of orphanhood: children under 18 who are orphans - mother, father or both dead",9.9,1,KE,Kenya,2014,KE2014DHS,HC_LVAR_C_P1D,260936130,I,27001,14001,Total for children < 18,Total for children < 18,0,,1,1,HCLVARCP1D,,2014,DHS,70257,78052,,,
KEN,131493,Total fertility rate 15-49,3.7,1,KE,Kenya,2015,KE2015MIS,FE_FRTR_W_TFR,11763080,I,1000,0,Total,Total,0,,1,1,FEFRTRWTFR,,2015,MIS,,,,,
KEN,131497,General fertility rate,137,0,KE,Kenya,2015,KE2015MIS,FE_FRTR_W_GFR,11763100,I,1000,0,Total,Total,0,,1,1,FEFRTRWGFR,,2015,MIS,,,,,
KEN,131570,Mean number of children ever born,2.43,2,KE,Kenya,2015,KE2015MIS,FE_CEBA_W_MNC,11863150,I,1000,0,Total,Total,0,,1,1,FECEBAWMNC,,2015,MIS,5394,5394,,,
KEN,131566,Mean number of living children,2.25,2,KE,Kenya,2015,KE2015MIS,FE_CEBA_W_MNL,11863160,I,1000,0,Total,Total,0,,1,1,FECEBAWMNL,,2015,MIS,5394,5394,,,
KEN,763811,Antenatal care from a skilled provider,94,1,KE,Kenya,2015,KE2015MIS,RH_ANCP_W_SKP,83363120,I,1000,0,Total,Total,14000,Three years preceding the survey,1,0,RHANCPWSKP,,2015,MIS,1776,1934,,,
KEN,481262,Antenatal care from a skilled provider,94.5,1,KE,Kenya,2015,KE2015MIS,RH_ANCP_W_SKP,83363120,I,1000,0,Total,Total,14001,Five years preceding the survey,1,0,RHANCPWSKP,,2015,MIS,2480,2639,,,
KEN,446507,Antenatal care from a skilled provider,93.7,1,KE,Kenya,2015,KE2015MIS,RH_ANCP_W_SKP,83363120,I,1000,0,Total,Total,14002,Two years preceding the survey,1,1,RHANCPWSKP,,2015,MIS,1268,1385,,,
KEN,417698,Antenatal visits for pregnancy: 4+ visits,61.5,1,KE,Kenya,2015,KE2015MIS,RH_ANCN_W_N4P,83403040,I,1000,0,Total,Total,14000,Three years preceding the survey,1,0,RHANCNWN4P,,2015,MIS,1776,1934,,,
KEN,557423,Antenatal visits for pregnancy: 4+ visits,62.5,1,KE,Kenya,2015,KE2015MIS,RH_ANCN_W_N4P,83403040,I,1000,0,Total,Total,14001,Five years preceding the survey,1,0,RHANCNWN4P,,2015,MIS,2480,2639,,,
KEN,223805,Antenatal visits for pregnancy: 4+ visits,61.2,1,KE,Kenya,2015,KE2015MIS,RH_ANCN_W_N4P,83403040,I,1000,0,Total,Total,14002,Two years preceding the survey,1,1,RHANCNWN4P,,2015,MIS,1268,1385,,,
KEN,329317,Children with fever in the last two weeks,37.8,1,KE,Kenya,2015,KE2015MIS,CH_FEVR_C_FEV,94006010,I,1000,0,Total,Total,14000,Three years preceding the survey,1,0,CHFEVRCFEV,,2015,MIS,1911,2118,,,
KEN,707801,Children with fever in the last two weeks,36.1,1,KE,Kenya,2015,KE2015MIS,CH_FEVR_C_FEV,94006010,I,1000,0,Total,Total,14001,Five years preceding the survey,1,1,CHFEVRCFEV,,2015,MIS,3168,3496,,,
KEN,648538,Children with fever for whom advice or treatment was sought,73.6,1,KE,Kenya,2015,KE2015MIS,CH_FEVT_C_ADV,94036010,I,1000,0,Total,Total,14000,Three years preceding the survey,1,0,CHFEVTCADV,,2015,MIS,722,820,,,
KEN,570102,Children with fever for whom advice or treatment was sought,72.4,1,KE,Kenya,2015,KE2015MIS,CH_FEVT_C_ADV,94036010,I,1000,0,Total,Total,14001,Five years preceding the survey,1,1,CHFEVTCADV,,2015,MIS,1144,1290,,,
KEN,490528,Children with any anemia,36.3,1,KE,Kenya,2015,KE2015MIS,CN_ANMC_C_ANY,104466010,I,1000,0,Total,Total,0,,1,1,CNANMCCANY,,2015,MIS,3077,3426,,,
KEN,705075,Households with at least one insecticide-treated mosquito net (ITN),62.5,1,KE,Kenya,2015,KE2015MIS,ML_NETP_H_ITN,124661020,I,1000,0,Total,Total,0,,1,1,MLNETPHITN,,2015,MIS,6481,6481,,,
KEN,171754,Households with at least one insecticide-treated mosquito net (ITN) for every two persons who stayed in the household the previous night,40,1,KE,Kenya,2015,KE2015MIS,ML_NETP_H_IT2,124661100,I,1000,0,Total,Total,0,,1,1,MLNETPHIT2,,2015,MIS,6433,6445,,,
KEN,242742,Persons with access to an insecticide-treated mosquito net (ITN),52.5,1,KE,Kenya,2015,KE2015MIS,ML_ITNA_P_ACC,124732130,I,1000,0,Total,Total,0,,1,1,MLITNAPACC,,2015,MIS,23517,24989,,,
KEN,171769,Population who slept under an insecticide-treated mosquito net (ITN) last night,47.6,1,KE,Kenya,2015,KE2015MIS,ML_NETU_P_ITN,124762020,I,1000,0,Total,Total,0,,1,1,MLNETUPITN,,2015,MIS,23517,24989,,,
KEN,171781,Children under 5 who slept under an insecticide-treated net (ITN),56.1,1,KE,Kenya,2015,KE2015MIS,ML_NETC_C_ITN,124836020,I,1000,0,Total,Total,0,,1,1,MLNETCCITN,,2015,MIS,3633,4036,,,
KEN,434503,Pregnant women who slept under an insecticide-treated net (ITN),57.8,1,KE,Kenya,2015,KE2015MIS,ML_NETW_W_ITN,124863020,I,1000,0,Total,Total,0,,1,1,MLNETWWITN,,2015,MIS,336,368,,,
KEN,554888,SP/Fansidar 3+ doses during pregnancy,22.9,1,KE,Kenya,2015,KE2015MIS,ML_IPTP_W_3SP,124903025,I,1000,0,Total,Total,0,,1,1,MLIPTPW3SP,,2015,MIS,1268,1385,,,
KEN,420271,Children with fever for whom advice or treatment was sought,72.4,1,KE,Kenya,2015,KE2015MIS,ML_FEVT_C_ADV,124966010,I,1000,0,Total,Total,0,,1,1,MLFEVTCADV,,2015,MIS,1144,1290,,,
KEN,420272,Children with fever who had blood taken from a finger or heel for testing,39.2,1,KE,Kenya,2015,KE2015MIS,ML_FEVT_C_BLD,124966030,I,1000,0,Total,Total,0,,1,1,MLFEVTCBLD,,2015,MIS,1144,1290,,,
KEN,387588,Children who took any ACT,91.6,1,KE,Kenya,2015,KE2015MIS,ML_AMLD_C_ACT,125066010,I,1000,0,Total,Total,0,,1,1,MLAMLDCACT,,2015,MIS,310,336,,,
KEN,198840,Children with hemoglobin lower than 8.0 g/dl,2.2,1,KE,Kenya,2015,KE2015MIS,ML_HEMO_C_HL8,125106010,I,1000,0,Total,Total,0,,1,1,MLHEMOCHL8,,2015,MIS,3077,3426,,,
KEN,812338,Malaria prevalence according to RDT,9.1,1,KE,Kenya,2015,KE2015MIS,ML_PMAL_C_RDT,125136010,I,1000,0,Total,Total,0,,1,1,MLPMALCRDT,,2015,MIS,3072,3418,6.2,11.9,
KEN,774958,Malaria prevalence according to microscopy,5,1,KE,Kenya,2015,KE2015MIS,ML_PMAL_C_MSY,125136110,I,1000,0,Total,Total,0,,1,1,MLPMALCMSY,,2015,MIS,3080,3427,3.4,6.6,
KEN,762536,Women with no education,7.8,1,KE,Kenya,2015,KE2015MIS,ED_EDUC_W_NED,231203010,I,10000,10000,Total 15-49,Total 15-49,0,,1,1,EDEDUCWNED,,2015,MIS,5394,5394,,,
KEN,762541,Women with secondary or higher education,46.2,1,KE,Kenya,2015,KE2015MIS,ED_EDUC_W_SEH,231203100,I,10000,10000,Total 15-49,Total 15-49,0,,1,1,EDEDUCWSEH,,2015,MIS,5394,5394,,,
KEN,132584,Women who are literate,87.7,1,KE,Kenya,2015,KE2015MIS,ED_LITR_W_LIT,231233090,I,10000,10000,Total 15-49,Total 15-49,0,,1,1,EDLITRWLIT,,2015,MIS,5394,5394,,,
KEN,535230,Population using an improved water source,73.4,1,KE,Kenya,2015,KE2015MIS,WS_SRCE_P_IMP,250162010,I,1000,0,Total,Total,0,,1,1,WSSRCEPIMP,,2015,MIS,23565,25045,,,
KEN,257511,Population with an improved sanitation facility,53,1,KE,Kenya,2015,KE2015MIS,WS_TLET_P_IMP,250262010,I,1000,0,Total,Total,0,,1,1,WSTLETPIMP,,2015,MIS,23565,25045,,,
KEN,475998,Households with electricity,41.6,1,KE,Kenya,2015,KE2015MIS,HC_ELEC_H_ELC,260321010,I,1000,0,Total,Total,0,,1,1,HCELECHELC,,2015,MIS,6481,6481,,,
KEN,131587,Total fertility rate 15-49,3.3,1,KE,Kenya,2020,KE2020MIS,FE_FRTR_W_TFR,11763080,I,1000,0,Total,Total,0,,1,1,FEFRTRWTFR,,2020,MIS,,,,,
KEN,131590,General fertility rate,117,0,KE,Kenya,2020,KE2020MIS,FE_FRTR_W_GFR,11763100,I,1000,0,Total,Total,0,,1,1,FEFRTRWGFR,,2020,MIS,,,,,
KEN,541666,Mean number of children ever born,2.2,2,KE,Kenya,2020,KE2020MIS,FE_CEBA_W_MNC,11863150,I,1000,0,Total,Total,0,,1,1,FECEBAWMNC,,2020,MIS,6771,6771,,,
KEN,541673,Mean number of living children,2.09,2,KE,Kenya,2020,KE2020MIS,FE_CEBA_W_MNL,11863160,I,1000,0,Total,Total,0,,1,1,FECEBAWMNL,,2020,MIS,6771,6771,,,
KEN,596887,Antenatal care from a skilled provider,92.9,1,KE,Kenya,2020,KE2020MIS,RH_ANCP_W_SKP,83363120,I,1000,0,Total,Total,14000,Three years preceding the survey,1,0,RHANCPWSKP,,2020,MIS,1931,2064,,,
KEN,164805,Antenatal care from a skilled provider,92.8,1,KE,Kenya,2020,KE2020MIS,RH_ANCP_W_SKP,83363120,I,1000,0,Total,Total,14002,Two years preceding the survey,1,1,RHANCPWSKP,,2020,MIS,1363,1481,,,
KEN,766532,Antenatal visits for pregnancy: 4+ visits,60.3,1,KE,Kenya,2020,KE2020MIS,RH_ANCN_W_N4P,83403040,I,1000,0,Total,Total,14000,Three years preceding the survey,1,0,RHANCNWN4P,,2020,MIS,1931,2064,,,
KEN,165116,Antenatal visits for pregnancy: 4+ visits,58.5,1,KE,Kenya,2020,KE2020MIS,RH_ANCN_W_N4P,83403040,I,1000,0,Total,Total,14002,Two years preceding the survey,1,1,RHANCNWN4P,,2020,MIS,1363,1481,,,
KEN,702336,Children with fever in the last two weeks,19.1,1,KE,Kenya,2020,KE2020MIS,CH_FEVR_C_FEV,94006010,I,1000,0,Total,Total,14000,Three years preceding the survey,1,0,CHFEVRCFEV,,2020,MIS,2076,2226,,,
KEN,511409,Children with fever in the last two weeks,16.9,1,KE,Kenya,2020,KE2020MIS,CH_FEVR_C_FEV,94006010,I,1000,0,Total,Total,14001,Five years preceding the survey,1,1,CHFEVRCFEV,,2020,MIS,3323,3581,,,
KEN,597421,Children with fever for whom advice or treatment was sought,61.3,1,KE,Kenya,2020,KE2020MIS,CH_FEVT_C_ADV,94036010,I,1000,0,Total,Total,14000,Three years preceding the survey,1,0,CHFEVTCADV,,2020,MIS,397,524,,,
KEN,469306,Children with fever for whom advice or treatment was sought,63.6,1,KE,Kenya,2020,KE2020MIS,CH_FEVT_C_ADV,94036010,I,1000,0,Total,Total,14001,Five years preceding the survey,1,1,CHFEVTCADV,,2020,MIS,562,745,,,
KEN,408910,Children with any anemia,45.5,1,KE,Kenya,2020,KE2020MIS,CN_ANMC_C_ANY,104466010,I,1000,0,Total,Total,0,,1,1,CNANMCCANY,,2020,MIS,3401,3736,,,
KEN,585805,Households with at least one insecticide-treated mosquito net (ITN),49,1,KE,Kenya,2020,KE2020MIS,ML_NETP_H_ITN,124661020,I,1000,0,Total,Total,0,,1,1,MLNETPHITN,,2020,MIS,7952,7952,,,
KEN,416795,Households with at least one insecticide-treated mosquito net (ITN) for every two persons who stayed in the household the previous night,28.7,1,KE,Kenya,2020,KE2020MIS,ML_NETP_H_IT2,124661100,I,1000,0,Total,Total,0,,1,1,MLNETPHIT2,,2020,MIS,7941,7933,,,
KEN,171828,Persons with access to an insecticide-treated mosquito net (ITN),39.6,1,KE,Kenya,2020,KE2020MIS,ML_ITNA_P_ACC,124732130,I,1000,0,Total,Total,0,,1,1,MLITNAPACC,,2020,MIS,29429,30360,,,
KEN,171806,Population who slept under an insecticide-treated mosquito net (ITN) last night,34.9,1,KE,Kenya,2020,KE2020MIS,ML_NETU_P_ITN,124762020,I,1000,0,Total,Total,0,,1,1,MLNETUPITN,,2020,MIS,29429,30360,,,
KEN,327836,Children under 5 who slept under an insecticide-treated net (ITN),42,1,KE,Kenya,2020,KE2020MIS,ML_NETC_C_ITN,124836020,I,1000,0,Total,Total,0,,1,1,MLNETCCITN,,2020,MIS,3896,4271,,,
KEN,227889,Pregnant women who slept under an insecticide-treated net (ITN),39.8,1,KE,Kenya,2020,KE2020MIS,ML_NETW_W_ITN,124863020,I,1000,0,Total,Total,0,,1,1,MLNETWWITN,,2020,MIS,321,333,,,
KEN,171812,SP/Fansidar 3+ doses during pregnancy,22,1,KE,Kenya,2020,KE2020MIS,ML_IPTP_W_3SP,124903025,I,1000,0,Total,Total,0,,1,1,MLIPTPW3SP,,2020,MIS,1363,1481,,,
KEN,217494,Children with fever for whom advice or treatment was sought,63.6,1,KE,Kenya,2020,KE2020MIS,ML_FEVT_C_ADV,124966010,I,1000,0,Total,Total,0,,1,1,MLFEVTCADV,,2020,MIS,562,745,,,
KEN,217501,Children with fever who had blood taken from a finger or heel for testing,35.5,1,KE,Kenya,2020,KE2020MIS,ML_FEVT_C_BLD,124966030,I,1000,0,Total,Total,0,,1,1,MLFEVTCBLD,,2020,MIS,562,745,,,
KEN,631119,Children who took any ACT,91,1,KE,Kenya,2020,KE2020MIS,ML_AMLD_C_ACT,125066010,I,1000,0,Total,Total,0,,1,1,MLAMLDCACT,,2020,MIS,113,189,,,
KEN,333363,Children with hemoglobin lower than 8.0 g/dl,3.5,1,KE,Kenya,2020,KE2020MIS,ML_HEMO_C_HL8,125106010,I,1000,0,Total,Total,0,,1,1,MLHEMOCHL8,,2020,MIS,3401,3736,,,
KEN,741942,Malaria prevalence according to RDT,4.4,1,KE,Kenya,2020,KE2020MIS,ML_PMAL_C_RDT,125136010,I,1000,0,Total,Total,0,,1,1,MLPMALCRDT,,2020,MIS,3401,3736,3,5.9,
KEN,772971,Malaria prevalence according to microscopy,3,1,KE,Kenya,2020,KE2020MIS,ML_PMAL_C_MSY,125136110,I,1000,0,Total,Total,0,,1,1,MLPMALCMSY,,2020,MIS,3395,3725,1.9,4,
KEN,485975,Women with no education,6,1,KE,Kenya,2020,KE2020MIS,ED_EDUC_W_NED,231203010,I,10000,10000,Total 15-49,Total 15-49,0,,1,1,EDEDUCWNED,,2020,MIS,6771,6771,,,
KEN,485971,Women with secondary or higher education,57.4,1,KE,Kenya,2020,KE2020MIS,ED_EDUC_W_SEH,231203100,I,10000,10000,Total 15-49,Total 15-49,0,,1,1,EDEDUCWSEH,,2020,MIS,6771,6771,,,
KEN,442161,Women who are literate,89.1,1,KE,Kenya,2020,KE2020MIS,ED_LITR_W_LIT,231233090,I,10000,10000,Total 15-49,Total 15-49,0,,1,1,EDLITRWLIT,,2020,MIS,6771,6771,,,
KEN,290128,Population using an improved water source,65.5,1,KE,Kenya,2020,KE2020MIS,WS_SRCE_P_IMP,250162010,I,1000,0,Total,Total,0,,1,1,WSSRCEPIMP,,2020,MIS,29775,30899,,,
KEN,588972,Population with an improved sanitation facility,63.3,1,KE,Kenya,2020,KE2020MIS,WS_TLET_P_IMP,250262010,I,1000,0,Total,Total,0,,1,1,WSTLETPIMP,,2020,MIS,29775,30899,,,
KEN,427945,Households with electricity,55,1,KE,Kenya,2020,KE2020MIS,HC_ELEC_H_ELC,260321010,I,1000,0,Total,Total,0,,1,1,HCELECHELC,,2020,MIS,7952,7952,,,
KEN,141899,Total fertility rate 15-49,3.4,1,KE,Kenya,2022,KE2022DHS,FE_FRTR_W_TFR,11763080,I,1000,0,Total,Total,0,,1,1,FEFRTRWTFR,,2022,DHS,,,,,
KEN,141892,General fertility rate,122,0,KE,Kenya,2022,KE2022DHS,FE_FRTR_W_GFR,11763100,I,1000,0,Total,Total,0,,1,1,FEFRTRWGFR,,2022,DHS,,,,,
KEN,631371,Mean number of children ever born,2.21,2,KE,Kenya,2022,KE2022DHS,FE_CEBA_W_MNC,11863150,I,1000,0,Total,Total,0,,1,1,FECEBAWMNC,,2022,DHS,32156,32156,,,
KEN,631365,Mean number of living children,2.08,2,KE,Kenya,2022,KE2022DHS,FE_CEBA_W_MNL,11863160,I,1000,0,Total,Total,0,,1,1,FECEBAWMNL,,2022,DHS,32156,32156,,,
KEN,141962,Median age at first birth for women age 25-49,20.7,1,KE,Kenya,2022,KE2022DHS,FE_AAFB_W_M2B,12103080,I,1000,0,Total,Total,0,,1,1,FEAAFBWM2B,,2022,DHS,,,,,
KEN,143253,Women who want no more children,45.5,1,KE,Kenya,2022,KE2022DHS,PR_DESL_W_WNM,22203010,I,1000,0,Total,Total,1000,Total,1,1,PRDESLWWNM,,2022,DHS,,9650,,,
KEN,143251,Women who want no more children,3.2,1,KE,Kenya,2022,KE2022DHS,PR_DESL_W_WNM,22203010,I,1000,0,Total,Total,189000,Living children: 0,1,0,PRDESLWWNM,,2022,DHS,,325,,,
KEN,401349,Women who want no more children,5.7,1,KE,Kenya,2022,KE2022DHS,PR_DESL_W_WNM,22203010,I,1000,0,Total,Total,189001,Living children: 1,1,0,PRDESLWWNM,,2022,DHS,,1535,,,
KEN,710644,Women who want no more children,30.1,1,KE,Kenya,2022,KE2022DHS,PR_DESL_W_WNM,22203010,I,1000,0,Total,Total,189002,Living children: 2,1,0,PRDESLWWNM,,2022,DHS,,2185,,,
KEN,470211,Women who want no more children,58.6,1,KE,Kenya,2022,KE2022DHS,PR_DESL_W_WNM,22203010,I,1000,0,Total,Total,189003,Living children: 3,1,0,PRDESLWWNM,,2022,DHS,,1885,,,
KEN,674526,Women who want no more children,71,1,KE,Kenya,2022,KE2022DHS,PR_DESL_W_WNM,22203010,I,1000,0,Total,Total,189004,Living children: 4,1,0,PRDESLWWNM,,2022,DHS,,1427,,,
KEN,587896,Women who want no more children,75,1,KE,Kenya,2022,KE2022DHS,PR_DESL_W_WNM,22203010,I,1000,0,Total,Total,189005,Living children: 5,1,0,PRDESLWWNM,,2022,DHS,,879,,,
KEN,445361,Women who want no more children,74.5,1,KE,Kenya,2022,KE2022DHS,PR_DESL_W_WNM,22203010,I,1000,0,Total,Total,189006,Living children: 6+,1,0,PRDESLWWNM,,2022,DHS,,1414,,,
KEN,721780,Mean ideal number of children for all women,3.7,1,KE,Kenya,2022,KE2022DHS,PR_MIDL_W_MNA,22263010,I,1000,0,Total,Total,0,,1,1,PRMIDLWMNA,,2022,DHS,16453,16480,,,
KEN,142645,Total wanted fertility rate,2.9,1,KE,Kenya,2022,KE2022DHS,PR_WTFR_W_WFR,22333010,I,1000,0,Total,Total,0,,1,1,PRWTFRWWFR,,2022,DHS,,,,,
KEN,578187,Married women currently using any method of contraception,62.5,1,KE,Kenya,2022,KE2022DHS,FP_CUSM_W_ANY,32633010,I,1000,0,Total,Total,0,,1,1,FPCUSMWANY,,2022,DHS,17822,18312,,,
KEN,578188,Married women currently using any modern method of contraception,56.9,1,KE,Kenya,2022,KE2022DHS,FP_CUSM_W_MOD,32633020,I,1000,0,Total,Total,0,,1,1,FPCUSMWMOD,,2022,DHS,17822,18312,,,
KEN,404338,First-year contraceptive discontinuation rate due to method failure,1.5,1,KE,Kenya,2022,KE2022DHS,FP_DISR_W_PRG,32833010,I,1000,0,Total,Total,0,,1,1,FPDISRWPRG,,2022,DHS,11130,9951,,,
KEN,404337,First-year contraceptive discontinuation rate due to all reasons,34.7,1,KE,Kenya,2022,KE2022DHS,FP_DISR_W_ANY,32833080,I,1000,0,Total,Total,0,,1,1,FPDISRWANY,,2022,DHS,11130,9951,,,
KEN,669511,Unmet need for family planning,13.9,1,KE,Kenya,2022,KE2022DHS,FP_NADM_W_UNT,32933030,I,1000,0,Total,Total,0,,1,1,FPNADMWUNT,,2022,DHS,9319,9650,,,
KEN,638952,Demand for family planning satisfied,81.7,1,KE,Kenya,2022,KE2022DHS,FP_NADM_W_PDS,32933140,I,1000,0,Total,Total,0,,1,1,FPNADMWPDS,,2022,DHS,7089,6779,,,
KEN,638953,Demand for family planning satisfied by modern methods,74.7,1,KE,Kenya,2022,KE2022DHS,FP_NADM_W_PDM,32933150,I,1000,0,Total,Total,0,,1,1,FPNADMWPDM,,2022,DHS,7089,6779,,,
KEN,141815,Current marital status [Women]: Married or living in union,55.4,1,KE,Kenya,2022,KE2022DHS,MA_MSTA_W_UNI,41503090,I,10000,10000,Total 15-49,Total 15-49,0,,1,1,MAMSTAWUNI,,2022,DHS,32156,32156,,,
KEN,141823,Current marital status [Men]: Married or living in union,45.8,1,KE,Kenya,2022,KE2022DHS,MA_MSTA_M_UNI,41504200,I,10000,10000,Total 15-49,Total 15-49,0,,1,1,MAMSTAMUNI,,2022,DHS,13652,13669,,,
KEN,142785,Median age at first marriage [Women]: 25-49,21,1,KE,Kenya,2022,KE2022DHS,MA_AAFM_W_M2B,41633090,I,1000,0,Total,Total,0,,1,1,MAAAFMWM2B,,2022,DHS,,,,,
KEN,143561,Median age at first sexual intercourse [Women]: 25-49,17.9,1,KE,Kenya,2022,KE2022DHS,SX_AAFS_W_M2B,51703090,I,1000,0,Total,Total,0,,1,1,SXAAFSWM2B,,2022,DHS,,,,,
KEN,143570,"Median age at first sexual intercourse [Men]: 25-49(54,59)",17.6,1,KE,Kenya,2022,KE2022DHS,SX_AAFS_M_M2B,51704180,I,1000,0,Total,Total,0,,1,1,SXAAFSMM2B,,2022,DHS,,,,,
KEN,773368,Neonatal mortality rate,21,0,KE,Kenya,2022,KE2022DHS,CM_ECMR_C_NNR,63206010,I,1000,0,Total,Total,14001,Five years preceding the survey,1,1,CMECMRCNNR,,2022,DHS,,,18,24,
KEN,142753,Neonatal mortality rate,23,0,KE,Kenya,2022,KE2022DHS,CM_ECMR_C_NNR,63206010,I,1000,0,Total,Total,14003,Ten years preceding the survey,1,0,CMECMRCNNR,,2022,DHS,,,21,25,
KEN,770379,Postneonatal mortality rate,11,0,KE,Kenya,2022,KE2022DHS,CM_ECMR_C_PNR,63206020,I,1000,0,Total,Total,14001,Five years preceding the survey,1,1,CMECMRCPNR,,2022,DHS,,,9,13,
KEN,829232,Postneonatal mortality rate,12,0,KE,Kenya,2022,KE2022DHS,CM_ECMR_C_PNR,63206020,I,1000,0,Total,Total,14003,Ten years preceding the survey,1,0,CMECMRCPNR,,2022,DHS,,,10,14,
KEN,824316,Infant mortality rate,32,0,KE,Kenya,2022,KE2022DHS,CM_ECMR_C_IMR,63206030,I,1000,0,Total,Total,14001,Five years preceding the survey,1,1,CMECMRCIMR,,2022,DHS,,,29,36,
KEN,812112,Infant mortality rate,35,0,KE,Kenya,2022,KE2022DHS,CM_ECMR_C_IMR,63206030,I,1000,0,Total,Total,14003,Ten years preceding the survey,1,0,CMECMRCIMR,,2022,DHS,,,32,38,
KEN,791528,Child mortality rate,9,0,KE,Kenya,2022,KE2022DHS,CM_ECMR_C_CMR,63206040,I,1000,0,Total,Total,14001,Five years preceding the survey,1,1,CMECMRCCMR,,2022,DHS,,,7,11,
KEN,813235,Child mortality rate,9,0,KE,Kenya,2022,KE2022DHS,CM_ECMR_C_CMR,63206040,I,1000,0,Total,Total,14003,Ten years preceding the survey,1,0,CMECMRCCMR,,2022,DHS,,,7,10,
KEN,821598,Under-five mortality rate,41,0,KE,Kenya,2022,KE2022DHS,CM_ECMR_C_U5M,63206050,I,1000,0,Total,Total,14001,Five years preceding the survey,1,1,CMECMRCU5M,,2022,DHS,,,37,45,
KEN,814356,Under-five mortality rate,43,0,KE,Kenya,2022,KE2022DHS,CM_ECMR_C_U5M,63206050,I,1000,0,Total,Total,14003,Ten years preceding the survey,1,0,CMECMRCU5M,,2022,DHS,,,40,46,
KEN,411230,Antenatal care from a skilled provider,97.9,1,KE,Kenya,2022,KE2022DHS,RH_ANCP_W_SKP,83363120,I,1000,0,Total,Total,14000,Three years preceding the survey,1,0,RHANCPWSKP,,2022,DHS,9465,10412,,,
KEN,780386,Antenatal care from a skilled provider,97.9,1,KE,Kenya,2022,KE2022DHS,RH_ANCP_W_SKP,83363120,I,1000,0,Total,Total,14002,Two years preceding the survey,1,1,RHANCPWSKP,,2022,DHS,6847,7638,,,
KEN,169078,Antenatal visits for pregnancy: 4+ visits,67.3,1,KE,Kenya,2022,KE2022DHS,RH_ANCN_W_N4P,83403040,I,1000,0,Total,Total,14000,Three years preceding the survey,1,0,RHANCNWN4P,,2022,DHS,9465,10412,,,
KEN,780026,Antenatal visits for pregnancy: 4+ visits,66,1,KE,Kenya,2022,KE2022DHS,RH_ANCN_W_N4P,83403040,I,1000,0,Total,Total,14002,Two years preceding the survey,1,1,RHANCNWN4P,,2022,DHS,6847,7638,,,
KEN,763865,Tetanus protection at birth,75.3,1,KE,Kenya,2022,KE2022DHS,RH_TTIJ_W_PRT,83533060,I,1000,0,Total,Total,14000,Three years preceding the survey,1,0,RHTTIJWPRT,,2022,DHS,9465,10412,,,
KEN,780396,Tetanus protection at birth,75,1,KE,Kenya,2022,KE2022DHS,RH_TTIJ_W_PRT,83533060,I,1000,0,Total,Total,14002,Two years preceding the survey,1,1,RHTTIJWPRT,,2022,DHS,6847,7638,,,
KEN,729104,Place of delivery: Health facility,87.7,1,KE,Kenya,2022,KE2022DHS,RH_DELP_C_DHF,83566070,I,1000,0,Total,Total,14000,Three years preceding the survey,1,0,RHDELPCDHF,,2022,DHS,10454,11729,,,
KEN,780219,Place of delivery: Health facility,88.1,1,KE,Kenya,2022,KE2022DHS,RH_DELP_C_DHF,83566070,I,1000,0,Total,Total,14002,Two years preceding the survey,1,1,RHDELPCDHF,,2022,DHS,7101,7949,,,
KEN,561125,Assistance during delivery from a skilled provider,89,1,KE,Kenya,2022,KE2022DHS,RH_DELA_C_SKP,83606110,I,1000,0,Total,Total,14000,Three years preceding the survey,1,0,RHDELACSKP,,2022,DHS,10454,11729,,,
KEN,780236,Assistance during delivery from a skilled provider,89.3,1,KE,Kenya,2022,KE2022DHS,RH_DELA_C_SKP,83606110,I,1000,0,Total,Total,14002,Two years preceding the survey,1,1,RHDELACSKP,,2022,DHS,7101,7949,,,
KEN,561126,Delivery by cesarean section,16.8,1,KE,Kenya,2022,KE2022DHS,RH_DELA_C_CSC,83606120,I,1000,0,Total,Total,14000,Three years preceding the survey,1,0,RHDELACCSC,,2022,DHS,10454,11729,,,
KEN,780237,Delivery by cesarean section,16.5,1,KE,Kenya,2022,KE2022DHS,RH_DELA_C_CSC,83606120,I,1000,0,Total,Total,14002,Two years preceding the survey,1,1,RHDELACCSC,,2022,DHS,7101,7949,,,
KEN,402612,Mother's first postnatal checkup in the first two days after birth,77.6,1,KE,Kenya,2022,KE2022DHS,RH_PCMT_W_DY2,83633090,I,1000,0,Total,Total,0,,1,1,RHPCMTWDY2,,2022,DHS,6847,7638,,,
KEN,484783,Newborn's first postnatal checkup in the first two days after birth,82.6,1,KE,Kenya,2022,KE2022DHS,RH_PCCT_C_DY2,83706090,I,1000,0,Total,Total,0,,1,1,RHPCCTCDY2,,2022,DHS,6847,7638,,,
KEN,746350,BCG vaccination received,96.9,1,KE,Kenya,2022,KE2022DHS,CH_VACC_C_BCG,93906010,I,1000,0,Total,Total,0,,1,1,CHVACCCBCG,,2022,DHS,3324,3679,,,
KEN,746354,DPT 3 vaccination received,89.2,1,KE,Kenya,2022,KE2022DHS,CH_VACC_C_DP3,93906040,I,1000,0,Total,Total,0,,1,1,CHVACCCDP3,,2022,DHS,3324,3679,,,
KEN,746363,Polio 3 vaccination received,78.2,1,KE,Kenya,2022,KE2022DHS,CH_VACC_C_OP3,93906080,I,1000,0,Total,Total,0,,1,1,CHVACCCOP3,,2022,DHS,3324,3679,,,
KEN,746358,Measles vaccination received,89,1,KE,Kenya,2022,KE2022DHS,CH_VACC_C_MSL,93906090,I,1000,0,Total,Total,0,,1,1,CHVACCCMSL,,2022,DHS,3324,3679,,,
KEN,746367,Fully vaccinated (8 basic antigens),80.1,1,KE,Kenya,2022,KE2022DHS,CH_VACC_C_BAS,93906230,I,1000,0,Total,Total,0,,1,1,CHVACCCBAS,,2022,DHS,3324,3679,,,
KEN,521296,Children with symptoms of ARI,1.8,1,KE,Kenya,2022,KE2022DHS,CH_ARIS_C_ARI,93966010,I,1000,0,Total,Total,14000,Three years preceding the survey,1,0,CHARISCARI,,2022,DHS,10127,11343,,,
KEN,446502,Children with symptoms of ARI,1.7,1,KE,Kenya,2022,KE2022DHS,CH_ARIS_C_ARI,93966010,I,1000,0,Total,Total,14001,Five years preceding the survey,1,1,CHARISCARI,,2022,DHS,16883,18836,,,
KEN,604536,Children with ARI for whom advice or treatment was sought,85.2,1,KE,Kenya,2022,KE2022DHS,CH_ARIS_C_ADV,93966040,I,1000,0,Total,Total,14000,Three years preceding the survey,1,0,CHARISCADV,,2022,DHS,183,221,,,
KEN,715391,Children with ARI for whom advice or treatment was sought,82.3,1,KE,Kenya,2022,KE2022DHS,CH_ARIS_C_ADV,93966040,I,1000,0,Total,Total,14001,Five years preceding the survey,1,1,CHARISCADV,,2022,DHS,293,351,,,
KEN,199171,Children with fever in the last two weeks,18.6,1,KE,Kenya,2022,KE2022DHS,CH_FEVR_C_FEV,94006010,I,1000,0,Total,Total,14000,Three years preceding the survey,1,0,CHFEVRCFEV,,2022,DHS,10127,11343,,,
KEN,679403,Children with fever in the last two weeks,17.1,1,KE,Kenya,2022,KE2022DHS,CH_FEVR_C_FEV,94006010,I,1000,0,Total,Total,14001,Five years preceding the survey,1,1,CHFEVRCFEV,,2022,DHS,16883,18836,,,
KEN,408661,Children with fever for whom advice or treatment was sought,68.1,1,KE,Kenya,2022,KE2022DHS,CH_FEVT_C_ADV,94036010,I,1000,0,Total,Total,14000,Three years preceding the survey,1,0,CHFEVTCADV,,2022,DHS,1881,2093,,,
KEN,381259,Children with fever for whom advice or treatment was sought,69.5,1,KE,Kenya,2022,KE2022DHS,CH_FEVT_C_ADV,94036010,I,1000,0,Total,Total,14001,Five years preceding the survey,1,1,CHFEVTCADV,,2022,DHS,2890,3146,,,
KEN,695119,Children with diarrhea,18.5,1,KE,Kenya,2022,KE2022DHS,CH_DIAR_C_DIA,94066010,I,1000,0,Total,Total,14000,Three years preceding the survey,1,0,CHDIARCDIA,,2022,DHS,10127,11343,,,
KEN,425917,Children with diarrhea,14.3,1,KE,Kenya,2022,KE2022DHS,CH_DIAR_C_DIA,94066010,I,1000,0,Total,Total,14001,Five years preceding the survey,1,1,CHDIARCDIA,,2022,DHS,16883,18836,,,
KEN,504413,Treatment of diarrhea: Either ORS or RHF,60.2,1,KE,Kenya,2022,KE2022DHS,CH_DIAT_C_ORT,94096040,I,1000,0,Total,Total,14000,Three years preceding the survey,1,0,CHDIATCORT,,2022,DHS,1872,2046,,,
KEN,480967,Treatment of diarrhea: Either ORS or RHF,59.7,1,KE,Kenya,2022,KE2022DHS,CH_DIAT_C_ORT,94096040,I,1000,0,Total,Total,14001,Five years preceding the survey,1,1,CHDIATCORT,,2022,DHS,2416,2637,,,
KEN,522990,Feeding practices during diarrhea: ORT and continued feeding,30.5,1,KE,Kenya,2022,KE2022DHS,CH_DIFP_C_FAL,94136015,I,1000,0,Total,Total,14000,Three years preceding the survey,1,0,CHDIFPCFAL,,2022,DHS,1872,2046,,,
KEN,149897,Feeding practices during diarrhea: ORT and continued feeding,31.1,1,KE,Kenya,2022,KE2022DHS,CH_DIFP_C_FAL,94136015,I,1000,0,Total,Total,14001,Five years preceding the survey,1,1,CHDIFPCFAL,,2022,DHS,2416,2637,,,
KEN,522952,"Feeding practices during diarrhea: Continued feeding, and ORT and/or increased fluids",44,1,KE,Kenya,2022,KE2022DHS,CH_DIFP_C_FAL,94136190,I,1000,0,Total,Total,14000,Three years preceding the survey,1,0,CHDIFPCFAL,,2022,DHS,1872,2046,,,
KEN,149896,"Feeding practices during diarrhea: Continued feeding, and ORT and/or increased fluids",45.8,1,KE,Kenya,2022,KE2022DHS,CH_DIFP_C_FAL,94136190,I,1000,0,Total,Total,14001,Five years preceding the survey,1,1,CHDIFPCFAL,,2022,DHS,2416,2637,,,
KEN,463894,Children stunted,17.6,1,KE,Kenya,2022,KE2022DHS,CN_NUTS_C_HA2,104236020,I,1000,0,Total,Total,0,,1,1,CNNUTSCHA2,,2022,DHS,17132,19588,,,
KEN,685837,Children wasted,4.9,1,KE,Kenya,2022,KE2022DHS,CN_NUTS_C_WH2,104236050,I,1000,0,Total,Total,0,,1,1,CNNUTSCWH2,,2022,DHS,17238,19688,,,
KEN,521479,Children underweight,10.1,1,KE,Kenya,2022,KE2022DHS,CN_NUTS_C_WA2,104236090,I,1000,0,Total,Total,0,,1,1,CNNUTSCWA2,,2022,DHS,17180,19649,,,
KEN,308803,Children exclusively breastfed,59.9,1,KE,Kenya,2022,KE2022DHS,CN_BRFS_C_EXB,104306020,I,295001,21001,Age in months (other groupings),0-5,0,,1,1,CNBRFSCEXB,,2022,DHS,888,1016,,,
KEN,174602,Median duration of any breastfeeding,20.3,1,KE,Kenya,2022,KE2022DHS,CN_BFDR_C_MDA,104336010,I,1000,0,Total,Total,0,,1,1,CNBFDRCMDA,,2022,DHS,,,,,
KEN,174574,Median duration of exclusive breastfeeding,3.6,1,KE,Kenya,2022,KE2022DHS,CN_BFDR_C_MDE,104336020,I,1000,0,Total,Total,0,,1,1,CNBFDRCMDE,,2022,DHS,,,,,
KEN,174575,Median duration of predominant breastfeeding,4.4,1,KE,Kenya,2022,KE2022DHS,CN_BFDR_C_MDP,104336030,I,1000,0,Total,Total,0,,1,1,CNBFDRCMDP,,2022,DHS,,,,,
KEN,304874,Breastfed children 6-23 months fed both 4+ food groups and the minimum meal frequency,33.3,1,KE,Kenya,2022,KE2022DHS,CN_IYCF_C_BTB,104436030,I,1000,0,Total,Total,0,,1,1,CNIYCFCBTB,,2022,DHS,1984,2269,,,
KEN,565520,Non-breastfed children 6-23 months with 3 IYCF practices,20.4,1,KE,Kenya,2022,KE2022DHS,CN_IYCF_C_3PN,104436090,I,1000,0,Total,Total,0,,1,1,CNIYCFC3PN,,2022,DHS,517,554,,,
KEN,174621,Children 6-23 months with 3 IYCF practices,30.7,1,KE,Kenya,2022,KE2022DHS,CN_IYCF_C_3PA,104436150,I,1000,0,Total,Total,0,,1,1,CNIYCFC3PA,,2022,DHS,2501,2823,,,
KEN,703621,Children 6-23 months that consumed foods rich in vitamin A in the last 24 hours,33.8,1,KE,Kenya,2022,KE2022DHS,CN_MIAC_C_VAF,104506010,I,1000,0,Total,Total,0,,1,1,CNMIACCVAF,,2022,DHS,4838,5392,,,
KEN,703622,Children 6-23 months that consumed foods rich in iron in the last 24 hours,14.4,1,KE,Kenya,2022,KE2022DHS,CN_MIAC_C_IRF,104506020,I,1000,0,Total,Total,0,,1,1,CNMIACCIRF,,2022,DHS,4838,5392,,,
KEN,586423,Children consuming vitamin A supplements,63.6,1,KE,Kenya,2022,KE2022DHS,CN_MIAC_C_VAS,104506050,I,1000,0,Total,Total,0,,1,1,CNMIACCVAS,,2022,DHS,15148,16101,,,
KEN,645058,Households with iodized salt,99.6,1,KE,Kenya,2022,KE2022DHS,CN_IODZ_H_IOD,104531050,I,1000,0,Total,Total,0,,1,1,CNIODZHIOD,,2022,DHS,36002,35735,,,
KEN,768137,Mean Body Mass Index (BMI) for women,24.3,1,KE,Kenya,2022,KE2022DHS,AN_NUTS_W_BMI,114563040,I,1000,0,Total,Total,0,,1,1,ANNUTSWBMI,,2022,DHS,15226,15290,,,
KEN,768139,Women who are thin according to BMI (<18.5),9.5,1,KE,Kenya,2022,KE2022DHS,AN_NUTS_W_THN,114563060,I,1000,0,Total,Total,0,,1,1,ANNUTSWTHN,,2022,DHS,15226,15290,,,
KEN,768135,Women who are overweight or obese according to BMI (>=25.0),38.3,1,KE,Kenya,2022,KE2022DHS,AN_NUTS_W_OWT,114563090,I,1000,0,Total,Total,0,,1,1,ANNUTSWOWT,,2022,DHS,15226,15290,,,
KEN,616703,Households with at least one insecticide-treated mosquito net (ITN),54.2,1,KE,Kenya,2022,KE2022DHS,ML_NETP_H_ITN,124661020,I,1000,0,Total,Total,0,,1,1,MLNETPHITN,,2022,DHS,37911,37911,,,
KEN,672654,Households with at least one insecticide-treated mosquito net (ITN) for every two persons who stayed in the household the previous night,37.1,1,KE,Kenya,2022,KE2022DHS,ML_NETP_H_IT2,124661100,I,1000,0,Total,Total,0,,1,1,MLNETPHIT2,,2022,DHS,37571,37614,,,
KEN,302177,Persons with access to an insecticide-treated mosquito net (ITN),49.6,1,KE,Kenya,2022,KE2022DHS,ML_ITNA_P_ACC,124732130,I,1000,0,Total,Total,0,,1,1,MLITNAPACC,,2022,DHS,136483,146170,,,
KEN,430656,Population who slept under an insecticide-treated mosquito net (ITN) last night,42.7,1,KE,Kenya,2022,KE2022DHS,ML_NETU_P_ITN,124762020,I,1000,0,Total,Total,0,,1,1,MLNETUPITN,,2022,DHS,136483,146170,,,
KEN,450631,Children under 5 who slept under an insecticide-treated net (ITN),51.2,1,KE,Kenya,2022,KE2022DHS,ML_NETC_C_ITN,124836020,I,1000,0,Total,Total,0,,1,1,MLNETCCITN,,2022,DHS,17814,20343,,,
KEN,532273,Pregnant women who slept under an insecticide-treated net (ITN),44.9,1,KE,Kenya,2022,KE2022DHS,ML_NETW_W_ITN,124863020,I,1000,0,Total,Total,0,,1,1,MLNETWWITN,,2022,DHS,1728,1864,,,
KEN,265047,SP/Fansidar 3+ doses during pregnancy,12.5,1,KE,Kenya,2022,KE2022DHS,ML_IPTP_W_3SP,124903025,I,1000,0,Total,Total,0,,1,1,MLIPTPW3SP,,2022,DHS,3523,3985,,,
KEN,302118,Children with fever for whom advice or treatment was sought,69.5,1,KE,Kenya,2022,KE2022DHS,ML_FEVT_C_ADV,124966010,I,1000,0,Total,Total,0,,1,1,MLFEVTCADV,,2022,DHS,2890,3146,,,
KEN,302120,Children with fever who had blood taken from a finger or heel for testing,33.4,1,KE,Kenya,2022,KE2022DHS,ML_FEVT_C_BLD,124966030,I,1000,0,Total,Total,0,,1,1,MLFEVTCBLD,,2022,DHS,2890,3146,,,
KEN,173342,Children who took any ACT,84,1,KE,Kenya,2022,KE2022DHS,ML_AMLD_C_ACT,125066010,I,1000,0,Total,Total,0,,1,1,MLAMLDCACT,,2022,DHS,583,633,,,
KEN,722520,Condom use during higher-risk sex (with multiple partners) [Women],24.1,1,KE,Kenya,2022,KE2022DHS,HA_MSXP_W_CND,135433040,I,10000,10000,Total 15-49,Total 15-49,0,,1,1,HAMSXPWCND,,2022,DHS,582,496,,,
KEN,766655,Condom use during higher-risk sex (with multiple partners) [Men],45.4,1,KE,Kenya,2022,KE2022DHS,HA_MSXP_M_CND,135434130,I,10000,10000,Total 15-49,Total 15-49,0,,1,1,HAMSXPMCND,,2022,DHS,2067,1984,,,
KEN,176253,Women receiving an HIV test and receiving test results in the last 12 months,46.8,1,KE,Kenya,2022,KE2022DHS,HA_CPHT_W_T1R,135563070,I,10000,10000,Total 15-49,Total 15-49,0,,1,1,HACPHTWT1R,,2022,DHS,16716,16901,,,
KEN,685051,Men receiving an HIV test and receiving test results in the last 12 months,38.9,1,KE,Kenya,2022,KE2022DHS,HA_CPHT_M_T1R,135564160,I,10000,10000,Total 15-49,Total 15-49,0,,1,1,HACPHTMT1R,,2022,DHS,13652,13669,,,
KEN,737654,Men circumcised,94.2,1,KE,Kenya,2022,KE2022DHS,HA_MCRC_M_MCC,135634010,I,10000,10000,Total 15-49,Total 15-49,0,,1,1,HAMCRCMMCC,,2022,DHS,13652,13669,,,
KEN,399751,"Women reporting an STI, genital dicharge, or a sore or ulcer",13.2,1,KE,Kenya,2022,KE2022DHS,HA_STIS_W_AST,135663040,I,10000,10000,Total 15-49,Total 15-49,0,,1,1,HASTISWAST,,2022,DHS,14139,14101,,,
KEN,176327,"Men reporting an STI, genital dicharge, or a sore or ulcer",6.2,1,KE,Kenya,2022,KE2022DHS,HA_STIS_M_AST,135664100,I,10000,10000,Total 15-49,Total 15-49,0,,1,1,HASTISMAST,,2022,DHS,11379,11167,,,
KEN,510641,Comprehensive correct knowledge about AIDS among young women age 15-24 ,54.2,1,KE,Kenya,2022,KE2022DHS,HA_CKNY_W_CKA,135733010,I,1000,0,Total,Total,0,,1,1,HACKNYWCKA,,2022,DHS,6188,6401,,,
KEN,481519,Comprehensive correct knowledge about AIDS among young men age 15-24 ,55.2,1,KE,Kenya,2022,KE2022DHS,HA_CKNY_M_CKA,135734050,I,1000,0,Total,Total,0,,1,1,HACKNYMCKA,,2022,DHS,5579,5681,,,
KEN,190913,Young women using a condom at last sexual intercourse,35.5,1,KE,Kenya,2022,KE2022DHS,HA_MSPY_W_CND,135833070,I,1000,0,Total,Total,0,,1,1,HAMSPYWCND,,2022,DHS,227,188,,,
KEN,176314,Young men using a condom at last sexual intercourse,63.5,1,KE,Kenya,2022,KE2022DHS,HA_MSPY_M_CND,135834160,I,1000,0,Total,Total,0,,1,1,HAMSPYMCND,,2022,DHS,682,618,,,
KEN,209664,Women who smoke cigarettes,0.7,1,KE,Kenya,2022,KE2022DHS,AH_TOBC_W_CIG,151433010,I,10000,10000,Total 15-49,Total 15-49,0,,1,1,AHTOBCWCIG,,2022,DHS,16716,16901,,,
KEN,495018,Men who smoke cigarettes,10.7,1,KE,Kenya,2022,KE2022DHS,AH_TOBC_M_CIG,151434010,I,10000,10000,Total 15-49,Total 15-49,0,,1,1,AHTOBCMCIG,,2022,DHS,13652,13669,,,
KEN,408167,Wife beating justified for at least one specific reason [Women],32.4,1,KE,Kenya,2022,KE2022DHS,WE_AWBT_W_AGR,176433060,I,1000,0,Total,Total,0,,1,1,WEAWBTWAGR,,2022,DHS,32156,32156,,,
KEN,489631,Wife beating justified for at least one specific reason [Men],27.5,1,KE,Kenya,2022,KE2022DHS,WE_AWBT_M_AGR,176434060,I,10000,10000,Total 15-49,Total 15-49,0,,1,1,WEAWBTMAGR,,2022,DHS,13652,13669,,,
KEN,548711,Married women participating in all three decisions,71.3,1,KE,Kenya,2022,KE2022DHS,WE_WEMP_W_DMK,176503010,I,110000,352000,Number of reasons for which wife-beating is justified,0,0,,1,1,WEWEMPWDMK,,2022,DHS,11797,11321,,,
KEN,760923,Married women who disagree with all the reasons justifying wife beating,45.7,1,KE,Kenya,2022,KE2022DHS,WE_WEMP_W_DWB,176503020,I,108000,351000,Number of decisions woman has final say,0,0,,1,1,WEWEMPWDWB,,2022,DHS,1027,1374,,,
KEN,453574,Ever experienced physical violence since age 15,33.9,1,KE,Kenya,2022,KE2022DHS,DV_EXPV_W_EVR,197133010,I,10000,10000,Total 15-49,Total 15-49,0,,1,1,DVEXPVWEVR,,2022,DHS,16926,16926,,,
KEN,606813,Women who ever experienced sexual violence,13,1,KE,Kenya,2022,KE2022DHS,DV_EXSV_W_EVR,197203010,I,10000,10000,Total 15-49,Total 15-49,0,,1,1,DVEXSVWEVR,,2022,DHS,16926,16926,,,
KEN,587800,Physical or sexual violence committed by husband/partner,35.6,1,KE,Kenya,2022,KE2022DHS,DV_SPVL_W_POS,197433060,I,10000,10000,Total 15-49,Total 15-49,631001,Ever-married,1,0,DVSPVLWPOS,,2022,DHS,11461,12888,,,
KEN,451681,Physical or sexual violence committed by husband/partner,30.6,1,KE,Kenya,2022,KE2022DHS,DV_SPVL_W_POS,197433060,I,10000,10000,Total 15-49,Total 15-49,631002,Ever-married or ever had intimate partner,1,1,DVSPVLWPOS,,2022,DHS,14612,15127,,,
KEN,732753,Physical or sexual violence committed by husband/partner in last 12 months,21.2,1,KE,Kenya,2022,KE2022DHS,DV_SPV1_W_POS,198303060,I,10000,10000,Total 15-49,Total 15-49,631001,Ever-married,1,0,DVSPV1WPOS,,2022,DHS,11461,12888,,,
KEN,458467,Physical or sexual violence committed by husband/partner in last 12 months,18.8,1,KE,Kenya,2022,KE2022DHS,DV_SPV1_W_POS,198303060,I,10000,10000,Total 15-49,Total 15-49,631002,Ever-married or ever had intimate partner,1,1,DVSPV1WPOS,,2022,DHS,14612,15127,,,
KEN,345834,Women circumcised (FGC),14.8,1,KE,Kenya,2022,KE2022DHS,FG_PFCC_W_WCC,207503010,I,1000,0,Total,Total,0,,1,1,FGPFCCWWCC,,2022,DHS,16716,16901,,,
KEN,373488,Girls age 0-14 circumcised,1.6,1,KE,Kenya,2022,KE2022DHS,FG_PFCG_C_GC4,207636100,I,1000,0,Total,Total,0,,1,1,FGPFCGCGC4,,2022,DHS,198,689,,,
KEN,744403,Children registered,76,1,KE,Kenya,2022,KE2022DHS,CP_BREG_C_REG,220906030,I,1000,0,Total,Total,0,,1,1,CPBREGCREG,,2022,DHS,17661,20220,,,
KEN,140136,Gender parity index for net primary school attendance,1.02,2,KE,Kenya,2022,KE2022DHS,ED_NARP_B_GPI,231035040,I,1000,0,Total,Total,0,,1,1,EDNARPBGPI,,2022,DHS,,,,,
KEN,140141,Gender parity index for net secondary school attendance,1.16,2,KE,Kenya,2022,KE2022DHS,ED_NARS_B_GPI,231105040,I,1000,0,Total,Total,0,,1,1,EDNARSBGPI,,2022,DHS,,,,,
KEN,619905,Women with no education,5.5,1,KE,Kenya,2022,KE2022DHS,ED_EDUC_W_NED,231203010,I,10000,10000,Total 15-49,Total 15-49,0,,1,1,EDEDUCWNED,,2022,DHS,32156,32156,,,
KEN,619947,Women with secondary or higher education,58.2,1,KE,Kenya,2022,KE2022DHS,ED_EDUC_W_SEH,231203100,I,10000,10000,Total 15-49,Total 15-49,0,,1,1,EDEDUCWSEH,,2022,DHS,32156,32156,,,
KEN,234094,Men with no education,2.7,1,KE,Kenya,2022,KE2022DHS,ED_EDUC_M_NED,231204140,I,10000,10000,Total 15-49,Total 15-49,0,,1,1,EDEDUCMNED,,2022,DHS,13652,13669,,,
KEN,234097,Men with secondary or higher education,61.4,1,KE,Kenya,2022,KE2022DHS,ED_EDUC_M_SEH,231204230,I,10000,10000,Total 15-49,Total 15-49,0,,1,1,EDEDUCMSEH,,2022,DHS,13652,13669,,,
KEN,520608,Women who are literate,90.9,1,KE,Kenya,2022,KE2022DHS,ED_LITR_W_LIT,231233090,I,10000,10000,Total 15-49,Total 15-49,0,,1,1,EDLITRWLIT,,2022,DHS,32156,32156,,,
KEN,228402,Men who are literate,93.8,1,KE,Kenya,2022,KE2022DHS,ED_LITR_M_LIT,231234200,I,10000,10000,Total 15-49,Total 15-49,0,,1,1,EDLITRMLIT,,2022,DHS,13652,13669,,,
KEN,298418,Women who decide themselves how their earnings are used,55.2,1,KE,Kenya,2022,KE2022DHS,EM_WERN_W_WIF,246163010,I,1000,0,Total,Total,0,,1,1,EMWERNWWIF,,2022,DHS,9658,8723,,,
KEN,222031,Population using an improved water source,76.5,1,KE,Kenya,2022,KE2022DHS,WS_SRCE_P_IMP,250162010,I,1000,0,Total,Total,0,,1,1,WSSRCEPIMP,,2022,DHS,142026,152696,,,
KEN,670288,Population with an improved sanitation facility,66.6,1,KE,Kenya,2022,KE2022DHS,WS_TLET_P_IMP,250262010,I,1000,0,Total,Total,0,,1,1,WSTLETPIMP,,2022,DHS,142026,152696,,,
KEN,286268,Households with electricity,57.8,1,KE,Kenya,2022,KE2022DHS,HC_ELEC_H_ELC,260321010,I,1000,0,Total,Total,0,,1,1,HCELECHELC,,2022,DHS,37911,37911,,,
KEN,657456,"Prevalence of orphanhood: children under 18 who are orphans - mother, father or both dead",8.9,1,KE,Kenya,2022,KE2022DHS,HC_LVAR_C_P1D,260936130,I,27001,14001,Total for children < 18,Total for children < 18,0,,1,1,HCLVARCP1D,,2022,DHS,65321,74787,,,
