ISO3,DataId,Indicator,Value,Precision,DHS_CountryCode,CountryName,SurveyYear,SurveyId,IndicatorId,IndicatorOrder,IndicatorType,CharacteristicId,CharacteristicOrder,CharacteristicCategory,CharacteristicLabel,ByVariableId,ByVariableLabel,IsTotal,IsPreferred,SDRID,RegionId,SurveyYearLabel,SurveyType,DenominatorWeighted,DenominatorUnweighted,CILow,CIHigh,LevelRank
KEN,360515,Desire for more children [Men]: Have another soon,20.4,1,KE,Kenya,1993,KE1993DHS,PR_DESC_M_ASN,22194120,I,10000,10000,Total 15-49,Total 15-49,0,,1,1,PRDESCMASN,,1993,DHS,1511,1483,,,
KEN,360521,Desire for more children [Men]: Have another later,26.2,1,KE,Kenya,1993,KE1993DHS,PR_DESC_M_ALT,22194130,I,10000,10000,Total 15-49,Total 15-49,0,,1,1,PRDESCMALT,,1993,DHS,1511,1483,,,
KEN,360522,"Desire for more children [Men]: Wants, unsure timing",3.5,1,KE,Kenya,1993,KE1993DHS,PR_DESC_M_AUN,22194140,I,10000,10000,Total 15-49,Total 15-49,0,,1,1,PRDESCMAUN,,1993,DHS,1511,1483,,,
KEN,360523,Desire for more children [Men]: Undecided,7.8,1,KE,Kenya,1993,KE1993DHS,PR_DESC_M_UND,22194150,I,10000,10000,Total 15-49,Total 15-49,0,,1,1,PRDESCMUND,,1993,DHS,1511,1483,,,
KEN,360517,Desire for more children [Men]: Wants no more,36.1,1,KE,Kenya,1993,KE1993DHS,PR_DESC_M_WNM,22194160,I,10000,10000,Total 15-49,Total 15-49,0,,1,1,PRDESCMWNM,,1993,DHS,1511,1483,,,
KEN,360519,Desire for more children [Men]: Sterilized,4.6,1,KE,Kenya,1993,KE1993DHS,PR_DESC_M_STR,22194170,I,10000,10000,Total 15-49,Total 15-49,0,,1,1,PRDESCMSTR,,1993,DHS,1511,1483,,,
KEN,360518,Desire for more children [Men]: Declared infecund,1.2,1,KE,Kenya,1993,KE1993DHS,PR_DESC_M_INF,22194180,I,10000,10000,Total 15-49,Total 15-49,0,,1,1,PRDESCMINF,,1993,DHS,1511,1483,,,
KEN,28179,Men who want no more children,40.7,1,KE,Kenya,1993,KE1993DHS,PR_DESL_M_WNM,22204040,I,10000,10000,Total 15-49,Total 15-49,1000,Total,1,1,PRDESLMWNM,,1993,DHS,,1483,,,
KEN,656559,Men who want no more children,5.5,1,KE,Kenya,1993,KE1993DHS,PR_DESL_M_WNM,22204040,I,10000,10000,Total 15-49,Total 15-49,189001,Living children: 1,1,0,PRDESLMWNM,,1993,DHS,,177,,,
KEN,28215,Men who want no more children,21.3,1,KE,Kenya,1993,KE1993DHS,PR_DESL_M_WNM,22204040,I,10000,10000,Total 15-49,Total 15-49,189002,Living children: 2,1,0,PRDESLMWNM,,1993,DHS,,215,,,
KEN,28190,Men who want no more children,36.2,1,KE,Kenya,1993,KE1993DHS,PR_DESL_M_WNM,22204040,I,10000,10000,Total 15-49,Total 15-49,189003,Living children: 3,1,0,PRDESLMWNM,,1993,DHS,,202,,,
KEN,504147,Men who want no more children,49.2,1,KE,Kenya,1993,KE1993DHS,PR_DESL_M_WNM,22204040,I,10000,10000,Total 15-49,Total 15-49,189004,Living children: 4,1,0,PRDESLMWNM,,1993,DHS,,174,,,
KEN,259033,Men who want no more children,59.6,1,KE,Kenya,1993,KE1993DHS,PR_DESL_M_WNM,22204040,I,10000,10000,Total 15-49,Total 15-49,189005,Living children: 5,1,0,PRDESLMWNM,,1993,DHS,,170,,,
KEN,28230,Men who want no more children,63.5,1,KE,Kenya,1993,KE1993DHS,PR_DESL_M_WNM,22204040,I,10000,10000,Total 15-49,Total 15-49,189006,Living children: 6+,1,0,PRDESLMWNM,,1993,DHS,,453,,,
KEN,726048,Ideal number of children [Men]: 0,0.3,1,KE,Kenya,1993,KE1993DHS,PR_IDLC_M_ID0,22234180,I,1000,0,Total,Total,0,,1,1,PRIDLCMID0,,1993,DHS,2171,2170,,,
KEN,726049,Ideal number of children [Men]: 1,1.9,1,KE,Kenya,1993,KE1993DHS,PR_IDLC_M_ID1,22234190,I,1000,0,Total,Total,0,,1,1,PRIDLCMID1,,1993,DHS,2171,2170,,,
KEN,726050,Ideal number of children [Men]: 2,20.4,1,KE,Kenya,1993,KE1993DHS,PR_IDLC_M_ID2,22234200,I,1000,0,Total,Total,0,,1,1,PRIDLCMID2,,1993,DHS,2171,2170,,,
KEN,726053,Ideal number of children [Men]: 3,22.3,1,KE,Kenya,1993,KE1993DHS,PR_IDLC_M_ID3,22234210,I,1000,0,Total,Total,0,,1,1,PRIDLCMID3,,1993,DHS,2171,2170,,,
KEN,726051,Ideal number of children [Men]: 4,30.5,1,KE,Kenya,1993,KE1993DHS,PR_IDLC_M_ID4,22234220,I,1000,0,Total,Total,0,,1,1,PRIDLCMID4,,1993,DHS,2171,2170,,,
KEN,726055,Ideal number of children [Men]: 5,6.6,1,KE,Kenya,1993,KE1993DHS,PR_IDLC_M_ID5,22234230,I,1000,0,Total,Total,0,,1,1,PRIDLCMID5,,1993,DHS,2171,2170,,,
KEN,726052,Ideal number of children [Men]: 6+,11.1,1,KE,Kenya,1993,KE1993DHS,PR_IDLC_M_ID6,22234240,I,1000,0,Total,Total,0,,1,1,PRIDLCMID6,,1993,DHS,2171,2170,,,
KEN,726038,Ideal number of children [Men]: Non-numeric response,7,1,KE,Kenya,1993,KE1993DHS,PR_IDLC_M_IDN,22234250,I,1000,0,Total,Total,0,,1,1,PRIDLCMIDN,,1993,DHS,2171,2170,,,
KEN,676469,Mean ideal number of children for all men,3.8,1,KE,Kenya,1993,KE1993DHS,PR_IDLC_M_MNA,22234290,I,1000,0,Total,Total,0,,1,1,PRIDLCMMNA,,1993,DHS,2020,2009,,,
KEN,28226,Mean ideal number of children for currently married men,4,1,KE,Kenya,1993,KE1993DHS,PR_IDLC_M_MNM,22234320,I,1000,0,Total,Total,0,,1,1,PRIDLCMMNM,,1993,DHS,1388,1353,,,
KEN,764901,Mean ideal number of children for all men 15-54(59),3.8,1,KE,Kenya,1993,KE1993DHS,PR_IDLC_M_M5A,22234350,I,1000,0,Total,Total,0,,1,1,PRIDLCMM5A,,1993,DHS,2164,2151,,,
KEN,28217,Mean ideal number of children for currently married men 15-54(59),4.1,1,KE,Kenya,1993,KE1993DHS,PR_IDLC_M_M5M,22234380,I,1000,0,Total,Total,0,,1,1,PRIDLCMM5M,,1993,DHS,1522,1485,,,
KEN,466851,Knowledge of any method of contraception (all men),99.1,1,KE,Kenya,1993,KE1993DHS,FP_KMTA_M_ANY,32364010,I,1000,0,Total,Total,0,,1,1,FPKMTAMANY,,1993,DHS,2171,2170,,,
KEN,466802,Knowledge of any modern method of contraception (all men),98,1,KE,Kenya,1993,KE1993DHS,FP_KMTA_M_MOD,32364020,I,1000,0,Total,Total,0,,1,1,FPKMTAMMOD,,1993,DHS,2171,2170,,,
KEN,466862,Knowledge of female sterilization (all men),86.3,1,KE,Kenya,1993,KE1993DHS,FP_KMTA_M_FST,32364030,I,1000,0,Total,Total,0,,1,1,FPKMTAMFST,,1993,DHS,2171,2170,,,
KEN,466852,Knowledge of male sterilization (all men),56.2,1,KE,Kenya,1993,KE1993DHS,FP_KMTA_M_MST,32364040,I,1000,0,Total,Total,0,,1,1,FPKMTAMMST,,1993,DHS,2171,2170,,,
KEN,466853,Knowledge of pill (all men),93.6,1,KE,Kenya,1993,KE1993DHS,FP_KMTA_M_PIL,32364050,I,1000,0,Total,Total,0,,1,1,FPKMTAMPIL,,1993,DHS,2171,2170,,,
KEN,466854,Knowledge of IUD (all men),69.2,1,KE,Kenya,1993,KE1993DHS,FP_KMTA_M_IUD,32364060,I,1000,0,Total,Total,0,,1,1,FPKMTAMIUD,,1993,DHS,2171,2170,,,
KEN,466855,Knowledge of injections (all men),86.2,1,KE,Kenya,1993,KE1993DHS,FP_KMTA_M_INJ,32364070,I,1000,0,Total,Total,0,,1,1,FPKMTAMINJ,,1993,DHS,2171,2170,,,
KEN,466864,"Knowledge of diaphragm, foam or jelly (all men)",35.3,1,KE,Kenya,1993,KE1993DHS,FP_KMTA_M_DFJ,32364080,I,1000,0,Total,Total,0,,1,1,FPKMTAMDFJ,,1993,DHS,2171,2170,,,
KEN,466803,Knowledge of implants (all men),13.1,1,KE,Kenya,1993,KE1993DHS,FP_KMTA_M_IMP,32364090,I,1000,0,Total,Total,0,,1,1,FPKMTAMIMP,,1993,DHS,2171,2170,,,
KEN,466863,Knowledge of condom (all men),95,1,KE,Kenya,1993,KE1993DHS,FP_KMTA_M_MCN,32364100,I,1000,0,Total,Total,0,,1,1,FPKMTAMMCN,,1993,DHS,2171,2170,,,
KEN,466865,Knowledge of any traditional method (all men),88.6,1,KE,Kenya,1993,KE1993DHS,FP_KMTA_M_TRA,32364190,I,1000,0,Total,Total,0,,1,1,FPKMTAMTRA,,1993,DHS,2171,2170,,,
KEN,466859,Knowledge of periodic abstinence (all men),86.8,1,KE,Kenya,1993,KE1993DHS,FP_KMTA_M_RHY,32364200,I,1000,0,Total,Total,0,,1,1,FPKMTAMRHY,,1993,DHS,2171,2170,,,
KEN,466860,Knowledge of withdrawal (all men),44,1,KE,Kenya,1993,KE1993DHS,FP_KMTA_M_WTH,32364210,I,1000,0,Total,Total,0,,1,1,FPKMTAMWTH,,1993,DHS,2171,2170,,,
KEN,466804,Mean number of methods known (all men),6.8,1,KE,Kenya,1993,KE1993DHS,FP_KMTA_M_MNM,32364270,I,1000,0,Total,Total,0,,1,1,FPKMTAMMNM,,1993,DHS,2171,2170,,,
KEN,573015,Knowledge of any method of contraception (married men),99,1,KE,Kenya,1993,KE1993DHS,FP_KMTM_M_ANY,32404010,I,1000,0,Total,Total,0,,1,1,FPKMTMMANY,,1993,DHS,1511,1483,,,
KEN,573017,Knowledge of any modern method of contraception (married men),97.7,1,KE,Kenya,1993,KE1993DHS,FP_KMTM_M_MOD,32404020,I,1000,0,Total,Total,0,,1,1,FPKMTMMMOD,,1993,DHS,1511,1483,,,
KEN,573020,Knowledge of female sterilization (married men),87.8,1,KE,Kenya,1993,KE1993DHS,FP_KMTM_M_FST,32404030,I,1000,0,Total,Total,0,,1,1,FPKMTMMFST,,1993,DHS,1511,1483,,,
KEN,573018,Knowledge of male sterilization (married men),57,1,KE,Kenya,1993,KE1993DHS,FP_KMTM_M_MST,32404040,I,1000,0,Total,Total,0,,1,1,FPKMTMMMST,,1993,DHS,1511,1483,,,
KEN,573016,Knowledge of pill (married men),94.4,1,KE,Kenya,1993,KE1993DHS,FP_KMTM_M_PIL,32404050,I,1000,0,Total,Total,0,,1,1,FPKMTMMPIL,,1993,DHS,1511,1483,,,
KEN,573026,Knowledge of IUD (married men),72.3,1,KE,Kenya,1993,KE1993DHS,FP_KMTM_M_IUD,32404060,I,1000,0,Total,Total,0,,1,1,FPKMTMMIUD,,1993,DHS,1511,1483,,,
KEN,573011,Knowledge of injections (married men),88.1,1,KE,Kenya,1993,KE1993DHS,FP_KMTM_M_INJ,32404070,I,1000,0,Total,Total,0,,1,1,FPKMTMMINJ,,1993,DHS,1511,1483,,,
KEN,573012,"Knowledge of diaphragm, foam or jelly (married men)",34,1,KE,Kenya,1993,KE1993DHS,FP_KMTM_M_DFJ,32404080,I,1000,0,Total,Total,0,,1,1,FPKMTMMDFJ,,1993,DHS,1511,1483,,,
KEN,573019,Knowledge of implants (married men),14.3,1,KE,Kenya,1993,KE1993DHS,FP_KMTM_M_IMP,32404090,I,1000,0,Total,Total,0,,1,1,FPKMTMMIMP,,1993,DHS,1511,1483,,,
KEN,573021,Knowledge of condom (married men),93.8,1,KE,Kenya,1993,KE1993DHS,FP_KMTM_M_MCN,32404100,I,1000,0,Total,Total,0,,1,1,FPKMTMMMCN,,1993,DHS,1511,1483,,,
KEN,573022,Knowledge of any traditional method (married men),90,1,KE,Kenya,1993,KE1993DHS,FP_KMTM_M_TRA,32404190,I,1000,0,Total,Total,0,,1,1,FPKMTMMTRA,,1993,DHS,1511,1483,,,
KEN,573024,Knowledge of periodic abstinence (married men),88.2,1,KE,Kenya,1993,KE1993DHS,FP_KMTM_M_RHY,32404200,I,1000,0,Total,Total,0,,1,1,FPKMTMMRHY,,1993,DHS,1511,1483,,,
KEN,573023,Knowledge of withdrawal (married men),43.5,1,KE,Kenya,1993,KE1993DHS,FP_KMTM_M_WTH,32404210,I,1000,0,Total,Total,0,,1,1,FPKMTMMWTH,,1993,DHS,1511,1483,,,
KEN,573025,Mean number of contraceptive methods known (married men age 15-49),6.9,1,KE,Kenya,1993,KE1993DHS,FP_KMTM_M_MNM,32404270,I,1000,0,Total,Total,0,,1,1,FPKMTMMMNM,,1993,DHS,1511,1483,,,
KEN,672546,Knowledge of any method of contraception (sexually active unmmarried men),99.2,1,KE,Kenya,1993,KE1993DHS,FP_KMTU_M_ANY,32434010,I,1000,0,Total,Total,0,,1,1,FPKMTUMANY,,1993,DHS,659,687,,,
KEN,672544,Knowledge of any modern method of contraception (sexually active unmmarried men),98.8,1,KE,Kenya,1993,KE1993DHS,FP_KMTU_M_MOD,32434020,I,1000,0,Total,Total,0,,1,1,FPKMTUMMOD,,1993,DHS,659,687,,,
KEN,672542,Knowledge of female sterilization (sexually active unmmarried men),83,1,KE,Kenya,1993,KE1993DHS,FP_KMTU_M_FST,32434030,I,1000,0,Total,Total,0,,1,1,FPKMTUMFST,,1993,DHS,659,687,,,
KEN,672545,Knowledge of male sterilization (sexually active unmmarried men),54.5,1,KE,Kenya,1993,KE1993DHS,FP_KMTU_M_MST,32434040,I,1000,0,Total,Total,0,,1,1,FPKMTUMMST,,1993,DHS,659,687,,,
KEN,672543,Knowledge of pill (sexually active unmmarried men),91.8,1,KE,Kenya,1993,KE1993DHS,FP_KMTU_M_PIL,32434050,I,1000,0,Total,Total,0,,1,1,FPKMTUMPIL,,1993,DHS,659,687,,,
KEN,672548,Knowledge of IUD (sexually active unmmarried men),61.9,1,KE,Kenya,1993,KE1993DHS,FP_KMTU_M_IUD,32434060,I,1000,0,Total,Total,0,,1,1,FPKMTUMIUD,,1993,DHS,659,687,,,
KEN,672549,Knowledge of injections (sexually active unmmarried men),81.7,1,KE,Kenya,1993,KE1993DHS,FP_KMTU_M_INJ,32434070,I,1000,0,Total,Total,0,,1,1,FPKMTUMINJ,,1993,DHS,659,687,,,
KEN,672552,"Knowledge of diaphragm, foam or jelly (sexually active unmmarried men)",38.3,1,KE,Kenya,1993,KE1993DHS,FP_KMTU_M_DFJ,32434080,I,1000,0,Total,Total,0,,1,1,FPKMTUMDFJ,,1993,DHS,659,687,,,
KEN,672550,Knowledge of implants (sexually active unmmarried men),10.4,1,KE,Kenya,1993,KE1993DHS,FP_KMTU_M_IMP,32434090,I,1000,0,Total,Total,0,,1,1,FPKMTUMIMP,,1993,DHS,659,687,,,
KEN,672551,Knowledge of condom (sexually active unmmarried men),97.6,1,KE,Kenya,1993,KE1993DHS,FP_KMTU_M_MCN,32434100,I,1000,0,Total,Total,0,,1,1,FPKMTUMMCN,,1993,DHS,659,687,,,
KEN,672547,Knowledge of any traditional method (sexually active unmmarried men),85.3,1,KE,Kenya,1993,KE1993DHS,FP_KMTU_M_TRA,32434190,I,1000,0,Total,Total,0,,1,1,FPKMTUMTRA,,1993,DHS,659,687,,,
KEN,672561,Knowledge of periodic abstinence (sexually active unmmarried men),83.8,1,KE,Kenya,1993,KE1993DHS,FP_KMTU_M_RHY,32434200,I,1000,0,Total,Total,0,,1,1,FPKMTUMRHY,,1993,DHS,659,687,,,
KEN,672560,Knowledge of withdrawal (sexually active unmmarried men),45.3,1,KE,Kenya,1993,KE1993DHS,FP_KMTU_M_WTH,32434210,I,1000,0,Total,Total,0,,1,1,FPKMTUMWTH,,1993,DHS,659,687,,,
KEN,672562,Mean number of methods known by sexually active unmarried men age 15-49,6.6,1,KE,Kenya,1993,KE1993DHS,FP_KMTU_M_MNM,32434270,I,1000,0,Total,Total,0,,1,1,FPKMTUMMNM,,1993,DHS,659,687,,,
KEN,457960,Knowledge of any method of contraception among married men,99,1,KE,Kenya,1993,KE1993DHS,FP_KMET_M_ANY,32464050,I,10000,10000,Total 15-49,Total 15-49,0,,1,1,FPKMETMANY,,1993,DHS,1511,1483,,,
KEN,457961,Knowledge of any modern method of contraception amonth married men,97.7,1,KE,Kenya,1993,KE1993DHS,FP_KMET_M_MOD,32464060,I,10000,10000,Total 15-49,Total 15-49,0,,1,1,FPKMETMMOD,,1993,DHS,1511,1483,,,
KEN,466814,Ever use of any method of contraception (all men),71.2,1,KE,Kenya,1993,KE1993DHS,FP_EVUA_M_ANY,32504010,I,1000,0,Total,Total,0,,1,1,FPEVUAMANY,,1993,DHS,2171,2170,,,
KEN,466815,Ever use of any modern method of contraception (all men),51.6,1,KE,Kenya,1993,KE1993DHS,FP_EVUA_M_MOD,32504020,I,1000,0,Total,Total,0,,1,1,FPEVUAMMOD,,1993,DHS,2171,2170,,,
KEN,466816,Ever use of female sterilization (all men),3.6,1,KE,Kenya,1993,KE1993DHS,FP_EVUA_M_FST,32504030,I,1000,0,Total,Total,0,,1,1,FPEVUAMFST,,1993,DHS,2171,2170,,,
KEN,466822,Ever use of pill (all men),21.5,1,KE,Kenya,1993,KE1993DHS,FP_EVUA_M_PIL,32504050,I,1000,0,Total,Total,0,,1,1,FPEVUAMPIL,,1993,DHS,2171,2170,,,
KEN,466818,Ever use of IUD (all men),5.7,1,KE,Kenya,1993,KE1993DHS,FP_EVUA_M_IUD,32504060,I,1000,0,Total,Total,0,,1,1,FPEVUAMIUD,,1993,DHS,2171,2170,,,
KEN,466823,Ever use of injections (all men),7.9,1,KE,Kenya,1993,KE1993DHS,FP_EVUA_M_INJ,32504070,I,1000,0,Total,Total,0,,1,1,FPEVUAMINJ,,1993,DHS,2171,2170,,,
KEN,466850,"Ever use of diaphragm, foam or jelly (all men)",2.4,1,KE,Kenya,1993,KE1993DHS,FP_EVUA_M_DFJ,32504080,I,1000,0,Total,Total,0,,1,1,FPEVUAMDFJ,,1993,DHS,2171,2170,,,
KEN,466825,Ever use of implants (all men),0.3,1,KE,Kenya,1993,KE1993DHS,FP_EVUA_M_IMP,32504090,I,1000,0,Total,Total,0,,1,1,FPEVUAMIMP,,1993,DHS,2171,2170,,,
KEN,466849,Ever use of condom (all men),35.7,1,KE,Kenya,1993,KE1993DHS,FP_EVUA_M_MCN,32504100,I,1000,0,Total,Total,0,,1,1,FPEVUAMMCN,,1993,DHS,2171,2170,,,
KEN,466817,Ever use of any traditional method (all men),52.7,1,KE,Kenya,1993,KE1993DHS,FP_EVUA_M_TRA,32504190,I,1000,0,Total,Total,0,,1,1,FPEVUAMTRA,,1993,DHS,2171,2170,,,
KEN,466820,Ever use of periodic abstinence (all men),49.6,1,KE,Kenya,1993,KE1993DHS,FP_EVUA_M_RHY,32504200,I,1000,0,Total,Total,0,,1,1,FPEVUAMRHY,,1993,DHS,2171,2170,,,
KEN,466824,Ever use of withdrawal (all men),10.9,1,KE,Kenya,1993,KE1993DHS,FP_EVUA_M_WTH,32504210,I,1000,0,Total,Total,0,,1,1,FPEVUAMWTH,,1993,DHS,2171,2170,,,
KEN,573000,Ever use of any method of contraception (married men),72.7,1,KE,Kenya,1993,KE1993DHS,FP_EVUM_M_ANY,32534010,I,1000,0,Total,Total,0,,1,1,FPEVUMMANY,,1993,DHS,1511,1483,,,
KEN,573005,Ever use of any modern method of contraception (married men),50,1,KE,Kenya,1993,KE1993DHS,FP_EVUM_M_MOD,32534020,I,1000,0,Total,Total,0,,1,1,FPEVUMMMOD,,1993,DHS,1511,1483,,,
KEN,573001,Ever use of female sterilization (married men),4.9,1,KE,Kenya,1993,KE1993DHS,FP_EVUM_M_FST,32534030,I,1000,0,Total,Total,0,,1,1,FPEVUMMFST,,1993,DHS,1511,1483,,,
KEN,572996,Ever use of pill (married men),24.9,1,KE,Kenya,1993,KE1993DHS,FP_EVUM_M_PIL,32534050,I,1000,0,Total,Total,0,,1,1,FPEVUMMPIL,,1993,DHS,1511,1483,,,
KEN,572997,Ever use of IUD (married men),7.1,1,KE,Kenya,1993,KE1993DHS,FP_EVUM_M_IUD,32534060,I,1000,0,Total,Total,0,,1,1,FPEVUMMIUD,,1993,DHS,1511,1483,,,
KEN,572998,Ever use of injections (married men),10.4,1,KE,Kenya,1993,KE1993DHS,FP_EVUM_M_INJ,32534070,I,1000,0,Total,Total,0,,1,1,FPEVUMMINJ,,1993,DHS,1511,1483,,,
KEN,572999,"Ever use of diaphragm, foam or jelly (married men)",2.5,1,KE,Kenya,1993,KE1993DHS,FP_EVUM_M_DFJ,32534080,I,1000,0,Total,Total,0,,1,1,FPEVUMMDFJ,,1993,DHS,1511,1483,,,
KEN,573008,Ever use of implants (married men),0.2,1,KE,Kenya,1993,KE1993DHS,FP_EVUM_M_IMP,32534090,I,1000,0,Total,Total,0,,1,1,FPEVUMMIMP,,1993,DHS,1511,1483,,,
KEN,573002,Ever use of condom (married men),29,1,KE,Kenya,1993,KE1993DHS,FP_EVUM_M_MCN,32534100,I,1000,0,Total,Total,0,,1,1,FPEVUMMMCN,,1993,DHS,1511,1483,,,
KEN,573003,Ever use of any traditional method (married men),55.4,1,KE,Kenya,1993,KE1993DHS,FP_EVUM_M_TRA,32534190,I,1000,0,Total,Total,0,,1,1,FPEVUMMTRA,,1993,DHS,1511,1483,,,
KEN,573009,Ever use of periodic abstinence (married men),51.9,1,KE,Kenya,1993,KE1993DHS,FP_EVUM_M_RHY,32534200,I,1000,0,Total,Total,0,,1,1,FPEVUMMRHY,,1993,DHS,1511,1483,,,
KEN,573004,Ever use of withdrawal (married men),10.5,1,KE,Kenya,1993,KE1993DHS,FP_EVUM_M_WTH,32534210,I,1000,0,Total,Total,0,,1,1,FPEVUMMWTH,,1993,DHS,1511,1483,,,
KEN,672538,Ever use of any method of contraception (sexually active unmarried men),67.7,1,KE,Kenya,1993,KE1993DHS,FP_EVUU_M_ANY,32564010,I,1000,0,Total,Total,0,,1,1,FPEVUUMANY,,1993,DHS,659,687,,,
KEN,672532,Ever use of any modern method of contraception (sexually active unmarried men),55.4,1,KE,Kenya,1993,KE1993DHS,FP_EVUU_M_MOD,32564020,I,1000,0,Total,Total,0,,1,1,FPEVUUMMOD,,1993,DHS,659,687,,,
KEN,672533,Ever use of female sterilization (sexually active unmarried men),0.6,1,KE,Kenya,1993,KE1993DHS,FP_EVUU_M_FST,32564030,I,1000,0,Total,Total,0,,1,1,FPEVUUMFST,,1993,DHS,659,687,,,
KEN,672534,Ever use of pill (sexually active unmarried men),13.7,1,KE,Kenya,1993,KE1993DHS,FP_EVUU_M_PIL,32564050,I,1000,0,Total,Total,0,,1,1,FPEVUUMPIL,,1993,DHS,659,687,,,
KEN,672539,Ever use of IUD (sexually active unmarried men),2.6,1,KE,Kenya,1993,KE1993DHS,FP_EVUU_M_IUD,32564060,I,1000,0,Total,Total,0,,1,1,FPEVUUMIUD,,1993,DHS,659,687,,,
KEN,672530,Ever use of injections (sexually active unmarried men),2.2,1,KE,Kenya,1993,KE1993DHS,FP_EVUU_M_INJ,32564070,I,1000,0,Total,Total,0,,1,1,FPEVUUMINJ,,1993,DHS,659,687,,,
KEN,672540,"Ever use of diaphragm, foam or jelly (sexually active unmarried men)",2.4,1,KE,Kenya,1993,KE1993DHS,FP_EVUU_M_DFJ,32564080,I,1000,0,Total,Total,0,,1,1,FPEVUUMDFJ,,1993,DHS,659,687,,,
KEN,672531,Ever use of implants (sexually active unmarried men),0.4,1,KE,Kenya,1993,KE1993DHS,FP_EVUU_M_IMP,32564090,I,1000,0,Total,Total,0,,1,1,FPEVUUMIMP,,1993,DHS,659,687,,,
KEN,672529,Ever use of condom (sexually active unmarried men),51.2,1,KE,Kenya,1993,KE1993DHS,FP_EVUU_M_MCN,32564100,I,1000,0,Total,Total,0,,1,1,FPEVUUMMCN,,1993,DHS,659,687,,,
KEN,672535,Ever use of any traditional method (sexually active unmarried men),46.4,1,KE,Kenya,1993,KE1993DHS,FP_EVUU_M_TRA,32564190,I,1000,0,Total,Total,0,,1,1,FPEVUUMTRA,,1993,DHS,659,687,,,
KEN,672536,Ever use of periodic abstinence (sexually active unmarried men),44.2,1,KE,Kenya,1993,KE1993DHS,FP_EVUU_M_RHY,32564200,I,1000,0,Total,Total,0,,1,1,FPEVUUMRHY,,1993,DHS,659,687,,,
KEN,672537,Ever use of withdrawal (sexually active unmarried men),11.9,1,KE,Kenya,1993,KE1993DHS,FP_EVUU_M_WTH,32564210,I,1000,0,Total,Total,0,,1,1,FPEVUUMWTH,,1993,DHS,659,687,,,
KEN,203801,Family planning messages on the radio [Men],67.2,1,KE,Kenya,1993,KE1993DHS,FP_EFPM_M_RDO,33104070,I,10000,10000,Total 15-49,Total 15-49,0,,1,1,FPEFPMMRDO,,1993,DHS,2171,2170,,,
KEN,203802,Family planning messages in none of these three media [Men],32.8,1,KE,Kenya,1993,KE1993DHS,FP_EFPM_M_NON,33104100,I,10000,10000,Total 15-49,Total 15-49,0,,1,1,FPEFPMMNON,,1993,DHS,2171,2170,,,
KEN,699700,Current marital status [Men]: Never married,26.1,1,KE,Kenya,1993,KE1993DHS,MA_MSTA_M_NMA,41504120,I,10000,10000,Total 15-49,Total 15-49,0,,1,1,MAMSTAMNMA,,1993,DHS,2171,2170,,,
KEN,699705,Current marital status [Men]: Married,60.5,1,KE,Kenya,1993,KE1993DHS,MA_MSTA_M_MAR,41504130,I,10000,10000,Total 15-49,Total 15-49,0,,1,1,MAMSTAMMAR,,1993,DHS,2171,2170,,,
KEN,699701,Current marital status [Men]: Living together,9.1,1,KE,Kenya,1993,KE1993DHS,MA_MSTA_M_LTG,41504140,I,10000,10000,Total 15-49,Total 15-49,0,,1,1,MAMSTAMLTG,,1993,DHS,2171,2170,,,
KEN,699706,Current marital status [Men]: Divorced,1.4,1,KE,Kenya,1993,KE1993DHS,MA_MSTA_M_DIV,41504150,I,10000,10000,Total 15-49,Total 15-49,0,,1,1,MAMSTAMDIV,,1993,DHS,2171,2170,,,
KEN,699702,Current marital status [Men]: Not living together,2.2,1,KE,Kenya,1993,KE1993DHS,MA_MSTA_M_SEP,41504160,I,10000,10000,Total 15-49,Total 15-49,0,,1,1,MAMSTAMSEP,,1993,DHS,2171,2170,,,
KEN,699707,Current marital status [Men]: Widowed,0.6,1,KE,Kenya,1993,KE1993DHS,MA_MSTA_M_WID,41504170,I,10000,10000,Total 15-49,Total 15-49,0,,1,1,MAMSTAMWID,,1993,DHS,2171,2170,,,
KEN,699704,Current marital status [Men]: Married or living in union,69.6,1,KE,Kenya,1993,KE1993DHS,MA_MSTA_M_UNI,41504200,I,10000,10000,Total 15-49,Total 15-49,0,,1,1,MAMSTAMUNI,,1993,DHS,2171,2170,,,
KEN,371213,Number of wives: One wife,89.8,1,KE,Kenya,1993,KE1993DHS,MA_WIVE_M_1WV,41564010,I,10000,10000,Total 15-49,Total 15-49,0,,1,1,MAWIVEM1WV,,1993,DHS,1511,1483,,,
KEN,371214,Number of wives: Two or more wives,10.2,1,KE,Kenya,1993,KE1993DHS,MA_WIVE_M_2PW,41564020,I,10000,10000,Total 15-49,Total 15-49,0,,1,1,MAWIVEM2PW,,1993,DHS,1511,1483,,,
KEN,464794,Men first married by exact age 15,0.4,1,KE,Kenya,1993,KE1993DHS,MA_MBAG_M_B15,41604100,I,12001,12001,Total 25-49,Total 25-49,0,,1,1,MAMBAGMB15,,1993,DHS,1645,1644,,,
KEN,464795,Men first married by exact age 18,4,1,KE,Kenya,1993,KE1993DHS,MA_MBAG_M_B18,41604110,I,12001,12001,Total 25-49,Total 25-49,0,,1,1,MAMBAGMB18,,1993,DHS,1645,1644,,,
KEN,464796,Men first married by exact age 20,10.6,1,KE,Kenya,1993,KE1993DHS,MA_MBAG_M_B20,41604120,I,12001,12001,Total 25-49,Total 25-49,0,,1,1,MAMBAGMB20,,1993,DHS,1645,1644,,,
KEN,464793,Men first married by exact age 22,24.3,1,KE,Kenya,1993,KE1993DHS,MA_MBAG_M_B22,41604130,I,12001,12001,Total 25-49,Total 25-49,0,,1,1,MAMBAGMB22,,1993,DHS,1645,1644,,,
KEN,464797,Men first married by exact age 25,53.3,1,KE,Kenya,1993,KE1993DHS,MA_MBAG_M_B25,41604140,I,12001,12001,Total 25-49,Total 25-49,0,,1,1,MAMBAGMB25,,1993,DHS,1645,1644,,,
KEN,464799,Men never married,9.5,1,KE,Kenya,1993,KE1993DHS,MA_MBAG_M_NMA,41604170,I,12001,12001,Total 25-49,Total 25-49,0,,1,1,MAMBAGMNMA,,1993,DHS,1645,1644,,,
KEN,62378,Median age at first marriage [Men]: 30-34,24.5,1,KE,Kenya,1993,KE1993DHS,MA_AAFM_M_M30,41634120,I,1000,0,Total,Total,0,,1,1,MAAAFMMM30,,1993,DHS,,,,,
KEN,62374,Median age at first marriage [Men]: 35-39,24.4,1,KE,Kenya,1993,KE1993DHS,MA_AAFM_M_M35,41634130,I,1000,0,Total,Total,0,,1,1,MAAAFMMM35,,1993,DHS,,,,,
KEN,62375,Median age at first marriage [Men]: 40-44,24.6,1,KE,Kenya,1993,KE1993DHS,MA_AAFM_M_M40,41634140,I,1000,0,Total,Total,0,,1,1,MAAAFMMM40,,1993,DHS,,,,,
KEN,62376,Median age at first marriage [Men]: 45-49,24.7,1,KE,Kenya,1993,KE1993DHS,MA_AAFM_M_M45,41634150,I,1000,0,Total,Total,0,,1,1,MAAAFMMM45,,1993,DHS,,,,,
KEN,62377,Median age at first marriage [Men]: 50-54,24.9,1,KE,Kenya,1993,KE1993DHS,MA_AAFM_M_M50,41634160,I,1000,0,Total,Total,0,,1,1,MAAAFMMM50,,1993,DHS,,,,,
KEN,62392,"Median age at first marriage [Men]: 25-49(54,59)",24.7,1,KE,Kenya,1993,KE1993DHS,MA_AAFM_M_M2B,41634180,I,1000,0,Total,Total,0,,1,1,MAAAFMMM2B,,1993,DHS,,,,,
KEN,562487,First sexual intercourse by exact age 15 [Men],23.2,1,KE,Kenya,1993,KE1993DHS,SX_SBAG_M_B15,51664100,I,12001,12001,Total 25-49,Total 25-49,0,,1,1,SXSBAGMB15,,1993,DHS,1645,1644,,,
KEN,562486,First sexual intercourse by exact age 18 [Men],62.8,1,KE,Kenya,1993,KE1993DHS,SX_SBAG_M_B18,51664110,I,12001,12001,Total 25-49,Total 25-49,0,,1,1,SXSBAGMB18,,1993,DHS,1645,1644,,,
KEN,562474,First sexual intercourse by exact age 20 [Men],85.5,1,KE,Kenya,1993,KE1993DHS,SX_SBAG_M_B20,51664120,I,12001,12001,Total 25-49,Total 25-49,0,,1,1,SXSBAGMB20,,1993,DHS,1645,1644,,,
KEN,562483,First sexual intercourse by exact age 22 [Men],92.8,1,KE,Kenya,1993,KE1993DHS,SX_SBAG_M_B22,51664130,I,12001,12001,Total 25-49,Total 25-49,0,,1,1,SXSBAGMB22,,1993,DHS,1645,1644,,,
KEN,562484,First sexual intercourse by exact age 25 [Men],96.5,1,KE,Kenya,1993,KE1993DHS,SX_SBAG_M_B25,51664140,I,12001,12001,Total 25-49,Total 25-49,0,,1,1,SXSBAGMB25,,1993,DHS,1645,1644,,,
KEN,562485,Never had sexual intercourse [Men],0.3,1,KE,Kenya,1993,KE1993DHS,SX_SBAG_M_NSX,51664150,I,12001,12001,Total 25-49,Total 25-49,0,,1,1,SXSBAGMNSX,,1993,DHS,1645,1644,,,
KEN,62401,Median age at first sexual intercourse [Men]: 20-24,16.3,1,KE,Kenya,1993,KE1993DHS,SX_AAFS_M_M20,51704100,I,1000,0,Total,Total,0,,1,1,SXAAFSMM20,,1993,DHS,,,,,
KEN,62396,Median age at first sexual intercourse [Men]: 25-29,16.4,1,KE,Kenya,1993,KE1993DHS,SX_AAFS_M_M25,51704110,I,1000,0,Total,Total,0,,1,1,SXAAFSMM25,,1993,DHS,,,,,
KEN,62397,Median age at first sexual intercourse [Men]: 30-34,17,1,KE,Kenya,1993,KE1993DHS,SX_AAFS_M_M30,51704120,I,1000,0,Total,Total,0,,1,1,SXAAFSMM30,,1993,DHS,,,,,
KEN,62398,Median age at first sexual intercourse [Men]: 35-39,16.8,1,KE,Kenya,1993,KE1993DHS,SX_AAFS_M_M35,51704130,I,1000,0,Total,Total,0,,1,1,SXAAFSMM35,,1993,DHS,,,,,
KEN,62399,Median age at first sexual intercourse [Men]: 40-44,17.3,1,KE,Kenya,1993,KE1993DHS,SX_AAFS_M_M40,51704140,I,1000,0,Total,Total,0,,1,1,SXAAFSMM40,,1993,DHS,,,,,
KEN,62402,Median age at first sexual intercourse [Men]: 45-49,17.1,1,KE,Kenya,1993,KE1993DHS,SX_AAFS_M_M45,51704150,I,1000,0,Total,Total,0,,1,1,SXAAFSMM45,,1993,DHS,,,,,
KEN,62405,Median age at first sexual intercourse [Men]: 50-54,18,1,KE,Kenya,1993,KE1993DHS,SX_AAFS_M_M50,51704160,I,1000,0,Total,Total,0,,1,1,SXAAFSMM50,,1993,DHS,,,,,
KEN,62407,"Median age at first sexual intercourse [Men]: 20-49(54,59)",16.7,1,KE,Kenya,1993,KE1993DHS,SX_AAFS_M_M2A,51704170,I,1000,0,Total,Total,0,,1,1,SXAAFSMM2A,,1993,DHS,,,,,
KEN,62406,"Median age at first sexual intercourse [Men]: 25-49(54,59)",16.9,1,KE,Kenya,1993,KE1993DHS,SX_AAFS_M_M2B,51704180,I,1000,0,Total,Total,0,,1,1,SXAAFSMM2B,,1993,DHS,,,,,
KEN,498815,Recent sexual activity [Men]: Active 4 Weeks,70.5,1,KE,Kenya,1993,KE1993DHS,SX_LSEX_M_4WK,51734090,I,10000,10000,Total 15-49,Total 15-49,0,,1,1,SXLSEXM4WK,,1993,DHS,2171,2170,,,
KEN,498811,Recent sexual activity [Men]: Within the last year,24.4,1,KE,Kenya,1993,KE1993DHS,SX_LSEX_M_1YR,51734100,I,10000,10000,Total 15-49,Total 15-49,0,,1,1,SXLSEXM1YR,,1993,DHS,2171,2170,,,
KEN,498812,Recent sexual activity [Men]: One or more years ago,2.8,1,KE,Kenya,1993,KE1993DHS,SX_LSEX_M_1PY,51734110,I,10000,10000,Total 15-49,Total 15-49,0,,1,1,SXLSEXM1PY,,1993,DHS,2171,2170,,,
KEN,498814,Recent sexual activity [Men]: Never had sex,1.6,1,KE,Kenya,1993,KE1993DHS,SX_LSEX_M_NSX,51734130,I,10000,10000,Total 15-49,Total 15-49,0,,1,1,SXLSEXMNSX,,1993,DHS,2171,2170,,,
KEN,637135,Desire for more children [Men]: Have another soon,15,1,KE,Kenya,1998,KE1998DHS,PR_DESC_M_ASN,22194120,I,10000,10000,Total 15-49,Total 15-49,0,,1,1,PRDESCMASN,,1998,DHS,1616,1596,,,
KEN,637136,Desire for more children [Men]: Have another later,29.6,1,KE,Kenya,1998,KE1998DHS,PR_DESC_M_ALT,22194130,I,10000,10000,Total 15-49,Total 15-49,0,,1,1,PRDESCMALT,,1998,DHS,1616,1596,,,
KEN,637137,"Desire for more children [Men]: Wants, unsure timing",1.8,1,KE,Kenya,1998,KE1998DHS,PR_DESC_M_AUN,22194140,I,10000,10000,Total 15-49,Total 15-49,0,,1,1,PRDESCMAUN,,1998,DHS,1616,1596,,,
KEN,637138,Desire for more children [Men]: Undecided,9.2,1,KE,Kenya,1998,KE1998DHS,PR_DESC_M_UND,22194150,I,10000,10000,Total 15-49,Total 15-49,0,,1,1,PRDESCMUND,,1998,DHS,1616,1596,,,
KEN,637131,Desire for more children [Men]: Wants no more,37,1,KE,Kenya,1998,KE1998DHS,PR_DESC_M_WNM,22194160,I,10000,10000,Total 15-49,Total 15-49,0,,1,1,PRDESCMWNM,,1998,DHS,1616,1596,,,
KEN,637133,Desire for more children [Men]: Sterilized,5.7,1,KE,Kenya,1998,KE1998DHS,PR_DESC_M_STR,22194170,I,10000,10000,Total 15-49,Total 15-49,0,,1,1,PRDESCMSTR,,1998,DHS,1616,1596,,,
KEN,637132,Desire for more children [Men]: Declared infecund,0.5,1,KE,Kenya,1998,KE1998DHS,PR_DESC_M_INF,22194180,I,10000,10000,Total 15-49,Total 15-49,0,,1,1,PRDESCMINF,,1998,DHS,1616,1596,,,
KEN,619973,Men who want no more children,42.6,1,KE,Kenya,1998,KE1998DHS,PR_DESL_M_WNM,22204040,I,10000,10000,Total 15-49,Total 15-49,1000,Total,1,1,PRDESLMWNM,,1998,DHS,,1596,,,
KEN,385257,Men who want no more children,5.5,1,KE,Kenya,1998,KE1998DHS,PR_DESL_M_WNM,22204040,I,10000,10000,Total 15-49,Total 15-49,189000,Living children: 0,1,0,PRDESLMWNM,,1998,DHS,,75,,,
KEN,401572,Men who want no more children,5,1,KE,Kenya,1998,KE1998DHS,PR_DESL_M_WNM,22204040,I,10000,10000,Total 15-49,Total 15-49,189001,Living children: 1,1,0,PRDESLMWNM,,1998,DHS,,200,,,
KEN,28264,Men who want no more children,21,1,KE,Kenya,1998,KE1998DHS,PR_DESL_M_WNM,22204040,I,10000,10000,Total 15-49,Total 15-49,189002,Living children: 2,1,0,PRDESLMWNM,,1998,DHS,,310,,,
KEN,610571,Men who want no more children,39,1,KE,Kenya,1998,KE1998DHS,PR_DESL_M_WNM,22204040,I,10000,10000,Total 15-49,Total 15-49,189003,Living children: 3,1,0,PRDESLMWNM,,1998,DHS,,236,,,
KEN,458903,Men who want no more children,61.1,1,KE,Kenya,1998,KE1998DHS,PR_DESL_M_WNM,22204040,I,10000,10000,Total 15-49,Total 15-49,189004,Living children: 4,1,0,PRDESLMWNM,,1998,DHS,,203,,,
KEN,609293,Men who want no more children,68.2,1,KE,Kenya,1998,KE1998DHS,PR_DESL_M_WNM,22204040,I,10000,10000,Total 15-49,Total 15-49,189005,Living children: 5,1,0,PRDESLMWNM,,1998,DHS,,201,,,
KEN,596217,Men who want no more children,68.2,1,KE,Kenya,1998,KE1998DHS,PR_DESL_M_WNM,22204040,I,10000,10000,Total 15-49,Total 15-49,189006,Living children: 6+,1,0,PRDESLMWNM,,1998,DHS,,371,,,
KEN,343084,Ideal number of children [Men]: 0,0.1,1,KE,Kenya,1998,KE1998DHS,PR_IDLC_M_ID0,22234180,I,1000,0,Total,Total,0,,1,1,PRIDLCMID0,,1998,DHS,3224,3231,,,
KEN,343085,Ideal number of children [Men]: 1,1.3,1,KE,Kenya,1998,KE1998DHS,PR_IDLC_M_ID1,22234190,I,1000,0,Total,Total,0,,1,1,PRIDLCMID1,,1998,DHS,3224,3231,,,
KEN,343088,Ideal number of children [Men]: 2,17.6,1,KE,Kenya,1998,KE1998DHS,PR_IDLC_M_ID2,22234200,I,1000,0,Total,Total,0,,1,1,PRIDLCMID2,,1998,DHS,3224,3231,,,
KEN,343080,Ideal number of children [Men]: 3,22.8,1,KE,Kenya,1998,KE1998DHS,PR_IDLC_M_ID3,22234210,I,1000,0,Total,Total,0,,1,1,PRIDLCMID3,,1998,DHS,3224,3231,,,
KEN,343078,Ideal number of children [Men]: 4,31,1,KE,Kenya,1998,KE1998DHS,PR_IDLC_M_ID4,22234220,I,1000,0,Total,Total,0,,1,1,PRIDLCMID4,,1998,DHS,3224,3231,,,
KEN,343081,Ideal number of children [Men]: 5,8.8,1,KE,Kenya,1998,KE1998DHS,PR_IDLC_M_ID5,22234230,I,1000,0,Total,Total,0,,1,1,PRIDLCMID5,,1998,DHS,3224,3231,,,
KEN,343079,Ideal number of children [Men]: 6+,12.9,1,KE,Kenya,1998,KE1998DHS,PR_IDLC_M_ID6,22234240,I,1000,0,Total,Total,0,,1,1,PRIDLCMID6,,1998,DHS,3224,3231,,,
KEN,343082,Ideal number of children [Men]: Non-numeric response,5.4,1,KE,Kenya,1998,KE1998DHS,PR_IDLC_M_IDN,22234250,I,1000,0,Total,Total,0,,1,1,PRIDLCMIDN,,1998,DHS,3224,3231,,,
KEN,28242,Mean ideal number of children for all men,4,1,KE,Kenya,1998,KE1998DHS,PR_IDLC_M_MNA,22234290,I,1000,0,Total,Total,0,,1,1,PRIDLCMMNA,,1998,DHS,3050,3053,,,
KEN,287077,Mean ideal number of children for currently married men,4.3,1,KE,Kenya,1998,KE1998DHS,PR_IDLC_M_MNM,22234320,I,1000,0,Total,Total,0,,1,1,PRIDLCMMNM,,1998,DHS,1526,1504,,,
KEN,590817,Mean ideal number of children for all men 15-54(59),4,1,KE,Kenya,1998,KE1998DHS,PR_IDLC_M_M5A,22234350,I,1000,0,Total,Total,0,,1,1,PRIDLCMM5A,,1998,DHS,3219,3214,,,
KEN,289925,Mean ideal number of children for currently married men 15-54(59),4.3,1,KE,Kenya,1998,KE1998DHS,PR_IDLC_M_M5M,22234380,I,1000,0,Total,Total,0,,1,1,PRIDLCMM5M,,1998,DHS,1687,1656,,,
KEN,624744,Knowledge of any method of contraception (all men),97.9,1,KE,Kenya,1998,KE1998DHS,FP_KMTA_M_ANY,32364010,I,1000,0,Total,Total,0,,1,1,FPKMTAMANY,,1998,DHS,3224,3231,,,
KEN,624727,Knowledge of any modern method of contraception (all men),97.7,1,KE,Kenya,1998,KE1998DHS,FP_KMTA_M_MOD,32364020,I,1000,0,Total,Total,0,,1,1,FPKMTAMMOD,,1998,DHS,3224,3231,,,
KEN,624745,Knowledge of female sterilization (all men),79,1,KE,Kenya,1998,KE1998DHS,FP_KMTA_M_FST,32364030,I,1000,0,Total,Total,0,,1,1,FPKMTAMFST,,1998,DHS,3224,3231,,,
KEN,624726,Knowledge of male sterilization (all men),60.2,1,KE,Kenya,1998,KE1998DHS,FP_KMTA_M_MST,32364040,I,1000,0,Total,Total,0,,1,1,FPKMTAMMST,,1998,DHS,3224,3231,,,
KEN,624730,Knowledge of pill (all men),89.7,1,KE,Kenya,1998,KE1998DHS,FP_KMTA_M_PIL,32364050,I,1000,0,Total,Total,0,,1,1,FPKMTAMPIL,,1998,DHS,3224,3231,,,
KEN,624731,Knowledge of IUD (all men),65.1,1,KE,Kenya,1998,KE1998DHS,FP_KMTA_M_IUD,32364060,I,1000,0,Total,Total,0,,1,1,FPKMTAMIUD,,1998,DHS,3224,3231,,,
KEN,624732,Knowledge of injections (all men),84.1,1,KE,Kenya,1998,KE1998DHS,FP_KMTA_M_INJ,32364070,I,1000,0,Total,Total,0,,1,1,FPKMTAMINJ,,1998,DHS,3224,3231,,,
KEN,624747,"Knowledge of diaphragm, foam or jelly (all men)",36.6,1,KE,Kenya,1998,KE1998DHS,FP_KMTA_M_DFJ,32364080,I,1000,0,Total,Total,0,,1,1,FPKMTAMDFJ,,1998,DHS,3224,3231,,,
KEN,624728,Knowledge of implants (all men),27.1,1,KE,Kenya,1998,KE1998DHS,FP_KMTA_M_IMP,32364090,I,1000,0,Total,Total,0,,1,1,FPKMTAMIMP,,1998,DHS,3224,3231,,,
KEN,624746,Knowledge of condom (all men),97,1,KE,Kenya,1998,KE1998DHS,FP_KMTA_M_MCN,32364100,I,1000,0,Total,Total,0,,1,1,FPKMTAMMCN,,1998,DHS,3224,3231,,,
KEN,624748,Knowledge of any traditional method (all men),84.7,1,KE,Kenya,1998,KE1998DHS,FP_KMTA_M_TRA,32364190,I,1000,0,Total,Total,0,,1,1,FPKMTAMTRA,,1998,DHS,3224,3231,,,
KEN,624733,Knowledge of periodic abstinence (all men),81.6,1,KE,Kenya,1998,KE1998DHS,FP_KMTA_M_RHY,32364200,I,1000,0,Total,Total,0,,1,1,FPKMTAMRHY,,1998,DHS,3224,3231,,,
KEN,624734,Knowledge of withdrawal (all men),60.5,1,KE,Kenya,1998,KE1998DHS,FP_KMTA_M_WTH,32364210,I,1000,0,Total,Total,0,,1,1,FPKMTAMWTH,,1998,DHS,3224,3231,,,
KEN,624729,Mean number of methods known (all men),6.9,1,KE,Kenya,1998,KE1998DHS,FP_KMTA_M_MNM,32364270,I,1000,0,Total,Total,0,,1,1,FPKMTAMMNM,,1998,DHS,3224,3231,,,
KEN,73258,Knowledge of any method of contraception (married men),99.1,1,KE,Kenya,1998,KE1998DHS,FP_KMTM_M_ANY,32404010,I,1000,0,Total,Total,0,,1,1,FPKMTMMANY,,1998,DHS,1616,1596,,,
KEN,73253,Knowledge of any modern method of contraception (married men),98.6,1,KE,Kenya,1998,KE1998DHS,FP_KMTM_M_MOD,32404020,I,1000,0,Total,Total,0,,1,1,FPKMTMMMOD,,1998,DHS,1616,1596,,,
KEN,73259,Knowledge of female sterilization (married men),87.8,1,KE,Kenya,1998,KE1998DHS,FP_KMTM_M_FST,32404030,I,1000,0,Total,Total,0,,1,1,FPKMTMMFST,,1998,DHS,1616,1596,,,
KEN,73254,Knowledge of male sterilization (married men),69.3,1,KE,Kenya,1998,KE1998DHS,FP_KMTM_M_MST,32404040,I,1000,0,Total,Total,0,,1,1,FPKMTMMMST,,1998,DHS,1616,1596,,,
KEN,73234,Knowledge of pill (married men),95.7,1,KE,Kenya,1998,KE1998DHS,FP_KMTM_M_PIL,32404050,I,1000,0,Total,Total,0,,1,1,FPKMTMMPIL,,1998,DHS,1616,1596,,,
KEN,73235,Knowledge of IUD (married men),76.7,1,KE,Kenya,1998,KE1998DHS,FP_KMTM_M_IUD,32404060,I,1000,0,Total,Total,0,,1,1,FPKMTMMIUD,,1998,DHS,1616,1596,,,
KEN,73236,Knowledge of injections (married men),92.4,1,KE,Kenya,1998,KE1998DHS,FP_KMTM_M_INJ,32404070,I,1000,0,Total,Total,0,,1,1,FPKMTMMINJ,,1998,DHS,1616,1596,,,
KEN,73252,"Knowledge of diaphragm, foam or jelly (married men)",38.9,1,KE,Kenya,1998,KE1998DHS,FP_KMTM_M_DFJ,32404080,I,1000,0,Total,Total,0,,1,1,FPKMTMMDFJ,,1998,DHS,1616,1596,,,
KEN,73255,Knowledge of implants (married men),34.4,1,KE,Kenya,1998,KE1998DHS,FP_KMTM_M_IMP,32404090,I,1000,0,Total,Total,0,,1,1,FPKMTMMIMP,,1998,DHS,1616,1596,,,
KEN,73260,Knowledge of condom (married men),97.8,1,KE,Kenya,1998,KE1998DHS,FP_KMTM_M_MCN,32404100,I,1000,0,Total,Total,0,,1,1,FPKMTMMMCN,,1998,DHS,1616,1596,,,
KEN,73261,Knowledge of any traditional method (married men),91.4,1,KE,Kenya,1998,KE1998DHS,FP_KMTM_M_TRA,32404190,I,1000,0,Total,Total,0,,1,1,FPKMTMMTRA,,1998,DHS,1616,1596,,,
KEN,73256,Knowledge of periodic abstinence (married men),88.1,1,KE,Kenya,1998,KE1998DHS,FP_KMTM_M_RHY,32404200,I,1000,0,Total,Total,0,,1,1,FPKMTMMRHY,,1998,DHS,1616,1596,,,
KEN,73262,Knowledge of withdrawal (married men),68.6,1,KE,Kenya,1998,KE1998DHS,FP_KMTM_M_WTH,32404210,I,1000,0,Total,Total,0,,1,1,FPKMTMMWTH,,1998,DHS,1616,1596,,,
KEN,73257,Mean number of contraceptive methods known (married men age 15-49),7.6,1,KE,Kenya,1998,KE1998DHS,FP_KMTM_M_MNM,32404270,I,1000,0,Total,Total,0,,1,1,FPKMTMMMNM,,1998,DHS,1616,1596,,,
KEN,602659,Knowledge of any method of contraception (sexually active unmmarried men),96.7,1,KE,Kenya,1998,KE1998DHS,FP_KMTU_M_ANY,32434010,I,1000,0,Total,Total,0,,1,1,FPKMTUMANY,,1998,DHS,1608,1635,,,
KEN,602658,Knowledge of any modern method of contraception (sexually active unmmarried men),96.7,1,KE,Kenya,1998,KE1998DHS,FP_KMTU_M_MOD,32434020,I,1000,0,Total,Total,0,,1,1,FPKMTUMMOD,,1998,DHS,1608,1635,,,
KEN,602660,Knowledge of female sterilization (sexually active unmmarried men),70.1,1,KE,Kenya,1998,KE1998DHS,FP_KMTU_M_FST,32434030,I,1000,0,Total,Total,0,,1,1,FPKMTUMFST,,1998,DHS,1608,1635,,,
KEN,602670,Knowledge of male sterilization (sexually active unmmarried men),50.9,1,KE,Kenya,1998,KE1998DHS,FP_KMTU_M_MST,32434040,I,1000,0,Total,Total,0,,1,1,FPKMTUMMST,,1998,DHS,1608,1635,,,
KEN,602661,Knowledge of pill (sexually active unmmarried men),83.7,1,KE,Kenya,1998,KE1998DHS,FP_KMTU_M_PIL,32434050,I,1000,0,Total,Total,0,,1,1,FPKMTUMPIL,,1998,DHS,1608,1635,,,
KEN,602664,Knowledge of IUD (sexually active unmmarried men),53.5,1,KE,Kenya,1998,KE1998DHS,FP_KMTU_M_IUD,32434060,I,1000,0,Total,Total,0,,1,1,FPKMTUMIUD,,1998,DHS,1608,1635,,,
KEN,602665,Knowledge of injections (sexually active unmmarried men),75.8,1,KE,Kenya,1998,KE1998DHS,FP_KMTU_M_INJ,32434070,I,1000,0,Total,Total,0,,1,1,FPKMTUMINJ,,1998,DHS,1608,1635,,,
KEN,602668,"Knowledge of diaphragm, foam or jelly (sexually active unmmarried men)",34.3,1,KE,Kenya,1998,KE1998DHS,FP_KMTU_M_DFJ,32434080,I,1000,0,Total,Total,0,,1,1,FPKMTUMDFJ,,1998,DHS,1608,1635,,,
KEN,602666,Knowledge of implants (sexually active unmmarried men),19.7,1,KE,Kenya,1998,KE1998DHS,FP_KMTU_M_IMP,32434090,I,1000,0,Total,Total,0,,1,1,FPKMTUMIMP,,1998,DHS,1608,1635,,,
KEN,602667,Knowledge of condom (sexually active unmmarried men),96.1,1,KE,Kenya,1998,KE1998DHS,FP_KMTU_M_MCN,32434100,I,1000,0,Total,Total,0,,1,1,FPKMTUMMCN,,1998,DHS,1608,1635,,,
KEN,602662,Knowledge of any traditional method (sexually active unmmarried men),78,1,KE,Kenya,1998,KE1998DHS,FP_KMTU_M_TRA,32434190,I,1000,0,Total,Total,0,,1,1,FPKMTUMTRA,,1998,DHS,1608,1635,,,
KEN,602673,Knowledge of periodic abstinence (sexually active unmmarried men),75.1,1,KE,Kenya,1998,KE1998DHS,FP_KMTU_M_RHY,32434200,I,1000,0,Total,Total,0,,1,1,FPKMTUMRHY,,1998,DHS,1608,1635,,,
KEN,602663,Knowledge of withdrawal (sexually active unmmarried men),52.5,1,KE,Kenya,1998,KE1998DHS,FP_KMTU_M_WTH,32434210,I,1000,0,Total,Total,0,,1,1,FPKMTUMWTH,,1998,DHS,1608,1635,,,
KEN,602674,Mean number of methods known by sexually active unmarried men age 15-49,6.1,1,KE,Kenya,1998,KE1998DHS,FP_KMTU_M_MNM,32434270,I,1000,0,Total,Total,0,,1,1,FPKMTUMMNM,,1998,DHS,1608,1635,,,
KEN,562900,Knowledge of any method of contraception among married men,99.1,1,KE,Kenya,1998,KE1998DHS,FP_KMET_M_ANY,32464050,I,10000,10000,Total 15-49,Total 15-49,0,,1,1,FPKMETMANY,,1998,DHS,1616,1596,,,
KEN,562896,Knowledge of any modern method of contraception amonth married men,98.6,1,KE,Kenya,1998,KE1998DHS,FP_KMET_M_MOD,32464060,I,10000,10000,Total 15-49,Total 15-49,0,,1,1,FPKMETMMOD,,1998,DHS,1616,1596,,,
KEN,624754,Ever use of any method of contraception (all men),69,1,KE,Kenya,1998,KE1998DHS,FP_EVUA_M_ANY,32504010,I,1000,0,Total,Total,0,,1,1,FPEVUAMANY,,1998,DHS,3224,3231,,,
KEN,624755,Ever use of any modern method of contraception (all men),54.5,1,KE,Kenya,1998,KE1998DHS,FP_EVUA_M_MOD,32504020,I,1000,0,Total,Total,0,,1,1,FPEVUAMMOD,,1998,DHS,3224,3231,,,
KEN,624756,Ever use of female sterilization (all men),3.1,1,KE,Kenya,1998,KE1998DHS,FP_EVUA_M_FST,32504030,I,1000,0,Total,Total,0,,1,1,FPEVUAMFST,,1998,DHS,3224,3231,,,
KEN,624750,Ever use of male sterilization (all men),0.1,1,KE,Kenya,1998,KE1998DHS,FP_EVUA_M_MST,32504040,I,1000,0,Total,Total,0,,1,1,FPEVUAMMST,,1998,DHS,3224,3231,,,
KEN,624761,Ever use of pill (all men),19.2,1,KE,Kenya,1998,KE1998DHS,FP_EVUA_M_PIL,32504050,I,1000,0,Total,Total,0,,1,1,FPEVUAMPIL,,1998,DHS,3224,3231,,,
KEN,624751,Ever use of IUD (all men),4.2,1,KE,Kenya,1998,KE1998DHS,FP_EVUA_M_IUD,32504060,I,1000,0,Total,Total,0,,1,1,FPEVUAMIUD,,1998,DHS,3224,3231,,,
KEN,624762,Ever use of injections (all men),11.2,1,KE,Kenya,1998,KE1998DHS,FP_EVUA_M_INJ,32504070,I,1000,0,Total,Total,0,,1,1,FPEVUAMINJ,,1998,DHS,3224,3231,,,
KEN,624759,"Ever use of diaphragm, foam or jelly (all men)",1.7,1,KE,Kenya,1998,KE1998DHS,FP_EVUA_M_DFJ,32504080,I,1000,0,Total,Total,0,,1,1,FPEVUAMDFJ,,1998,DHS,3224,3231,,,
KEN,624749,Ever use of implants (all men),1.2,1,KE,Kenya,1998,KE1998DHS,FP_EVUA_M_IMP,32504090,I,1000,0,Total,Total,0,,1,1,FPEVUAMIMP,,1998,DHS,3224,3231,,,
KEN,624758,Ever use of condom (all men),40,1,KE,Kenya,1998,KE1998DHS,FP_EVUA_M_MCN,32504100,I,1000,0,Total,Total,0,,1,1,FPEVUAMMCN,,1998,DHS,3224,3231,,,
KEN,624757,Ever use of any traditional method (all men),46.1,1,KE,Kenya,1998,KE1998DHS,FP_EVUA_M_TRA,32504190,I,1000,0,Total,Total,0,,1,1,FPEVUAMTRA,,1998,DHS,3224,3231,,,
KEN,624752,Ever use of periodic abstinence (all men),43.2,1,KE,Kenya,1998,KE1998DHS,FP_EVUA_M_RHY,32504200,I,1000,0,Total,Total,0,,1,1,FPEVUAMRHY,,1998,DHS,3224,3231,,,
KEN,624763,Ever use of withdrawal (all men),8.7,1,KE,Kenya,1998,KE1998DHS,FP_EVUA_M_WTH,32504210,I,1000,0,Total,Total,0,,1,1,FPEVUAMWTH,,1998,DHS,3224,3231,,,
KEN,73328,Ever use of any method of contraception (married men),81.8,1,KE,Kenya,1998,KE1998DHS,FP_EVUM_M_ANY,32534010,I,1000,0,Total,Total,0,,1,1,FPEVUMMANY,,1998,DHS,1616,1596,,,
KEN,73324,Ever use of any modern method of contraception (married men),61.8,1,KE,Kenya,1998,KE1998DHS,FP_EVUM_M_MOD,32534020,I,1000,0,Total,Total,0,,1,1,FPEVUMMMOD,,1998,DHS,1616,1596,,,
KEN,73329,Ever use of female sterilization (married men),6.1,1,KE,Kenya,1998,KE1998DHS,FP_EVUM_M_FST,32534030,I,1000,0,Total,Total,0,,1,1,FPEVUMMFST,,1998,DHS,1616,1596,,,
KEN,73325,Ever use of male sterilization (married men),0.2,1,KE,Kenya,1998,KE1998DHS,FP_EVUM_M_MST,32534040,I,1000,0,Total,Total,0,,1,1,FPEVUMMMST,,1998,DHS,1616,1596,,,
KEN,73320,Ever use of pill (married men),31.4,1,KE,Kenya,1998,KE1998DHS,FP_EVUM_M_PIL,32534050,I,1000,0,Total,Total,0,,1,1,FPEVUMMPIL,,1998,DHS,1616,1596,,,
KEN,73321,Ever use of IUD (married men),6.9,1,KE,Kenya,1998,KE1998DHS,FP_EVUM_M_IUD,32534060,I,1000,0,Total,Total,0,,1,1,FPEVUMMIUD,,1998,DHS,1616,1596,,,
KEN,73322,Ever use of injections (married men),19.2,1,KE,Kenya,1998,KE1998DHS,FP_EVUM_M_INJ,32534070,I,1000,0,Total,Total,0,,1,1,FPEVUMMINJ,,1998,DHS,1616,1596,,,
KEN,73323,"Ever use of diaphragm, foam or jelly (married men)",1.6,1,KE,Kenya,1998,KE1998DHS,FP_EVUM_M_DFJ,32534080,I,1000,0,Total,Total,0,,1,1,FPEVUMMDFJ,,1998,DHS,1616,1596,,,
KEN,73327,Ever use of implants (married men),1.6,1,KE,Kenya,1998,KE1998DHS,FP_EVUM_M_IMP,32534090,I,1000,0,Total,Total,0,,1,1,FPEVUMMIMP,,1998,DHS,1616,1596,,,
KEN,73330,Ever use of condom (married men),35.1,1,KE,Kenya,1998,KE1998DHS,FP_EVUM_M_MCN,32534100,I,1000,0,Total,Total,0,,1,1,FPEVUMMMCN,,1998,DHS,1616,1596,,,
KEN,73333,Ever use of any traditional method (married men),56,1,KE,Kenya,1998,KE1998DHS,FP_EVUM_M_TRA,32534190,I,1000,0,Total,Total,0,,1,1,FPEVUMMTRA,,1998,DHS,1616,1596,,,
KEN,73332,Ever use of periodic abstinence (married men),52.8,1,KE,Kenya,1998,KE1998DHS,FP_EVUM_M_RHY,32534200,I,1000,0,Total,Total,0,,1,1,FPEVUMMRHY,,1998,DHS,1616,1596,,,
KEN,73352,Ever use of withdrawal (married men),9.7,1,KE,Kenya,1998,KE1998DHS,FP_EVUM_M_WTH,32534210,I,1000,0,Total,Total,0,,1,1,FPEVUMMWTH,,1998,DHS,1616,1596,,,
KEN,602653,Ever use of any method of contraception (sexually active unmarried men),56.1,1,KE,Kenya,1998,KE1998DHS,FP_EVUU_M_ANY,32564010,I,1000,0,Total,Total,0,,1,1,FPEVUUMANY,,1998,DHS,1608,1635,,,
KEN,602686,Ever use of any modern method of contraception (sexually active unmarried men),47.3,1,KE,Kenya,1998,KE1998DHS,FP_EVUU_M_MOD,32564020,I,1000,0,Total,Total,0,,1,1,FPEVUUMMOD,,1998,DHS,1608,1635,,,
KEN,602648,Ever use of female sterilization (sexually active unmarried men),0.1,1,KE,Kenya,1998,KE1998DHS,FP_EVUU_M_FST,32564030,I,1000,0,Total,Total,0,,1,1,FPEVUUMFST,,1998,DHS,1608,1635,,,
KEN,602649,Ever use of pill (sexually active unmarried men),7,1,KE,Kenya,1998,KE1998DHS,FP_EVUU_M_PIL,32564050,I,1000,0,Total,Total,0,,1,1,FPEVUUMPIL,,1998,DHS,1608,1635,,,
KEN,602654,Ever use of IUD (sexually active unmarried men),1.5,1,KE,Kenya,1998,KE1998DHS,FP_EVUU_M_IUD,32564060,I,1000,0,Total,Total,0,,1,1,FPEVUUMIUD,,1998,DHS,1608,1635,,,
KEN,602684,Ever use of injections (sexually active unmarried men),3.2,1,KE,Kenya,1998,KE1998DHS,FP_EVUU_M_INJ,32564070,I,1000,0,Total,Total,0,,1,1,FPEVUUMINJ,,1998,DHS,1608,1635,,,
KEN,602655,"Ever use of diaphragm, foam or jelly (sexually active unmarried men)",1.9,1,KE,Kenya,1998,KE1998DHS,FP_EVUU_M_DFJ,32564080,I,1000,0,Total,Total,0,,1,1,FPEVUUMDFJ,,1998,DHS,1608,1635,,,
KEN,602685,Ever use of implants (sexually active unmarried men),0.7,1,KE,Kenya,1998,KE1998DHS,FP_EVUU_M_IMP,32564090,I,1000,0,Total,Total,0,,1,1,FPEVUUMIMP,,1998,DHS,1608,1635,,,
KEN,602652,Ever use of condom (sexually active unmarried men),45,1,KE,Kenya,1998,KE1998DHS,FP_EVUU_M_MCN,32564100,I,1000,0,Total,Total,0,,1,1,FPEVUUMMCN,,1998,DHS,1608,1635,,,
KEN,602650,Ever use of any traditional method (sexually active unmarried men),36.2,1,KE,Kenya,1998,KE1998DHS,FP_EVUU_M_TRA,32564190,I,1000,0,Total,Total,0,,1,1,FPEVUUMTRA,,1998,DHS,1608,1635,,,
KEN,602651,Ever use of periodic abstinence (sexually active unmarried men),33.6,1,KE,Kenya,1998,KE1998DHS,FP_EVUU_M_RHY,32564200,I,1000,0,Total,Total,0,,1,1,FPEVUUMRHY,,1998,DHS,1608,1635,,,
KEN,602657,Ever use of withdrawal (sexually active unmarried men),7.7,1,KE,Kenya,1998,KE1998DHS,FP_EVUU_M_WTH,32564210,I,1000,0,Total,Total,0,,1,1,FPEVUUMWTH,,1998,DHS,1608,1635,,,
KEN,716386,Family planning messages on the radio [Men],67.8,1,KE,Kenya,1998,KE1998DHS,FP_EFPM_M_RDO,33104070,I,10000,10000,Total 15-49,Total 15-49,0,,1,1,FPEFPMMRDO,,1998,DHS,3224,3231,,,
KEN,716387,Family planning messages on television [Men],33.3,1,KE,Kenya,1998,KE1998DHS,FP_EFPM_M_TLV,33104080,I,10000,10000,Total 15-49,Total 15-49,0,,1,1,FPEFPMMTLV,,1998,DHS,3224,3231,,,
KEN,716388,Family planning messages in newspapers or magazines [Men],50,1,KE,Kenya,1998,KE1998DHS,FP_EFPM_M_NWS,33104090,I,10000,10000,Total 15-49,Total 15-49,0,,1,1,FPEFPMMNWS,,1998,DHS,3224,3231,,,
KEN,716389,Family planning messages in none of these three media [Men],23.7,1,KE,Kenya,1998,KE1998DHS,FP_EFPM_M_NON,33104100,I,10000,10000,Total 15-49,Total 15-49,0,,1,1,FPEFPMMNON,,1998,DHS,3224,3231,,,
KEN,543099,Current marital status [Men]: Never married,46.2,1,KE,Kenya,1998,KE1998DHS,MA_MSTA_M_NMA,41504120,I,10000,10000,Total 15-49,Total 15-49,0,,1,1,MAMSTAMNMA,,1998,DHS,3224,3231,,,
KEN,543100,Current marital status [Men]: Married,49.2,1,KE,Kenya,1998,KE1998DHS,MA_MSTA_M_MAR,41504130,I,10000,10000,Total 15-49,Total 15-49,0,,1,1,MAMSTAMMAR,,1998,DHS,3224,3231,,,
KEN,543095,Current marital status [Men]: Living together,0.9,1,KE,Kenya,1998,KE1998DHS,MA_MSTA_M_LTG,41504140,I,10000,10000,Total 15-49,Total 15-49,0,,1,1,MAMSTAMLTG,,1998,DHS,3224,3231,,,
KEN,543101,Current marital status [Men]: Divorced,0.6,1,KE,Kenya,1998,KE1998DHS,MA_MSTA_M_DIV,41504150,I,10000,10000,Total 15-49,Total 15-49,0,,1,1,MAMSTAMDIV,,1998,DHS,3224,3231,,,
KEN,543098,Current marital status [Men]: Not living together,2.5,1,KE,Kenya,1998,KE1998DHS,MA_MSTA_M_SEP,41504160,I,10000,10000,Total 15-49,Total 15-49,0,,1,1,MAMSTAMSEP,,1998,DHS,3224,3231,,,
KEN,543102,Current marital status [Men]: Widowed,0.5,1,KE,Kenya,1998,KE1998DHS,MA_MSTA_M_WID,41504170,I,10000,10000,Total 15-49,Total 15-49,0,,1,1,MAMSTAMWID,,1998,DHS,3224,3231,,,
KEN,543104,Current marital status [Men]: Married or living in union,50.1,1,KE,Kenya,1998,KE1998DHS,MA_MSTA_M_UNI,41504200,I,10000,10000,Total 15-49,Total 15-49,0,,1,1,MAMSTAMUNI,,1998,DHS,3224,3231,,,
KEN,62579,Number of wives: One wife,91.2,1,KE,Kenya,1998,KE1998DHS,MA_WIVE_M_1WV,41564010,I,10000,10000,Total 15-49,Total 15-49,0,,1,1,MAWIVEM1WV,,1998,DHS,1616,1596,,,
KEN,62580,Number of wives: Two or more wives,8.8,1,KE,Kenya,1998,KE1998DHS,MA_WIVE_M_2PW,41564020,I,10000,10000,Total 15-49,Total 15-49,0,,1,1,MAWIVEM2PW,,1998,DHS,1616,1596,,,
KEN,722633,Men first married by exact age 15,1.7,1,KE,Kenya,1998,KE1998DHS,MA_MBAG_M_B15,41604100,I,12001,12001,Total 25-49,Total 25-49,0,,1,1,MAMBAGMB15,,1998,DHS,1824,1804,,,
KEN,722634,Men first married by exact age 18,5.7,1,KE,Kenya,1998,KE1998DHS,MA_MBAG_M_B18,41604110,I,12001,12001,Total 25-49,Total 25-49,0,,1,1,MAMBAGMB18,,1998,DHS,1824,1804,,,
KEN,722635,Men first married by exact age 20,13.5,1,KE,Kenya,1998,KE1998DHS,MA_MBAG_M_B20,41604120,I,12001,12001,Total 25-49,Total 25-49,0,,1,1,MAMBAGMB20,,1998,DHS,1824,1804,,,
KEN,722638,Men first married by exact age 22,26.7,1,KE,Kenya,1998,KE1998DHS,MA_MBAG_M_B22,41604130,I,12001,12001,Total 25-49,Total 25-49,0,,1,1,MAMBAGMB22,,1998,DHS,1824,1804,,,
KEN,722636,Men first married by exact age 25,50.9,1,KE,Kenya,1998,KE1998DHS,MA_MBAG_M_B25,41604140,I,12001,12001,Total 25-49,Total 25-49,0,,1,1,MAMBAGMB25,,1998,DHS,1824,1804,,,
KEN,722637,Men never married,12.5,1,KE,Kenya,1998,KE1998DHS,MA_MBAG_M_NMA,41604170,I,12001,12001,Total 25-49,Total 25-49,0,,1,1,MAMBAGMNMA,,1998,DHS,1824,1804,,,
KEN,62598,Median age at first marriage [Men]: 30-34,25,1,KE,Kenya,1998,KE1998DHS,MA_AAFM_M_M30,41634120,I,1000,0,Total,Total,0,,1,1,MAAAFMMM30,,1998,DHS,,,,,
KEN,62592,Median age at first marriage [Men]: 35-39,24.2,1,KE,Kenya,1998,KE1998DHS,MA_AAFM_M_M35,41634130,I,1000,0,Total,Total,0,,1,1,MAAAFMMM35,,1998,DHS,,,,,
KEN,62593,Median age at first marriage [Men]: 40-44,24.2,1,KE,Kenya,1998,KE1998DHS,MA_AAFM_M_M40,41634140,I,1000,0,Total,Total,0,,1,1,MAAAFMMM40,,1998,DHS,,,,,
KEN,62594,Median age at first marriage [Men]: 45-49,24.8,1,KE,Kenya,1998,KE1998DHS,MA_AAFM_M_M45,41634150,I,1000,0,Total,Total,0,,1,1,MAAAFMMM45,,1998,DHS,,,,,
KEN,62595,Median age at first marriage [Men]: 50-54,24.1,1,KE,Kenya,1998,KE1998DHS,MA_AAFM_M_M50,41634160,I,1000,0,Total,Total,0,,1,1,MAAAFMMM50,,1998,DHS,,,,,
KEN,62591,"Median age at first marriage [Men]: 25-49(54,59)",24.8,1,KE,Kenya,1998,KE1998DHS,MA_AAFM_M_M2B,41634180,I,1000,0,Total,Total,0,,1,1,MAAAFMMM2B,,1998,DHS,,,,,
KEN,472318,First sexual intercourse by exact age 15 [Men],24.3,1,KE,Kenya,1998,KE1998DHS,SX_SBAG_M_B15,51664100,I,12001,12001,Total 25-49,Total 25-49,0,,1,1,SXSBAGMB15,,1998,DHS,1824,1804,,,
KEN,472319,First sexual intercourse by exact age 18 [Men],63.1,1,KE,Kenya,1998,KE1998DHS,SX_SBAG_M_B18,51664110,I,12001,12001,Total 25-49,Total 25-49,0,,1,1,SXSBAGMB18,,1998,DHS,1824,1804,,,
KEN,472307,First sexual intercourse by exact age 20 [Men],79.4,1,KE,Kenya,1998,KE1998DHS,SX_SBAG_M_B20,51664120,I,12001,12001,Total 25-49,Total 25-49,0,,1,1,SXSBAGMB20,,1998,DHS,1824,1804,,,
KEN,472310,First sexual intercourse by exact age 22 [Men],87.5,1,KE,Kenya,1998,KE1998DHS,SX_SBAG_M_B22,51664130,I,12001,12001,Total 25-49,Total 25-49,0,,1,1,SXSBAGMB22,,1998,DHS,1824,1804,,,
KEN,472311,First sexual intercourse by exact age 25 [Men],90,1,KE,Kenya,1998,KE1998DHS,SX_SBAG_M_B25,51664140,I,12001,12001,Total 25-49,Total 25-49,0,,1,1,SXSBAGMB25,,1998,DHS,1824,1804,,,
KEN,472317,Never had sexual intercourse [Men],0.6,1,KE,Kenya,1998,KE1998DHS,SX_SBAG_M_NSX,51664150,I,12001,12001,Total 25-49,Total 25-49,0,,1,1,SXSBAGMNSX,,1998,DHS,1824,1804,,,
KEN,62644,Median age at first sexual intercourse [Men]: 20-24,16.2,1,KE,Kenya,1998,KE1998DHS,SX_AAFS_M_M20,51704100,I,1000,0,Total,Total,0,,1,1,SXAAFSMM20,,1998,DHS,,,,,
KEN,62646,Median age at first sexual intercourse [Men]: 25-29,16.3,1,KE,Kenya,1998,KE1998DHS,SX_AAFS_M_M25,51704110,I,1000,0,Total,Total,0,,1,1,SXAAFSMM25,,1998,DHS,,,,,
KEN,62647,Median age at first sexual intercourse [Men]: 30-34,16.6,1,KE,Kenya,1998,KE1998DHS,SX_AAFS_M_M30,51704120,I,1000,0,Total,Total,0,,1,1,SXAAFSMM30,,1998,DHS,,,,,
KEN,62648,Median age at first sexual intercourse [Men]: 35-39,16.9,1,KE,Kenya,1998,KE1998DHS,SX_AAFS_M_M35,51704130,I,1000,0,Total,Total,0,,1,1,SXAAFSMM35,,1998,DHS,,,,,
KEN,62658,Median age at first sexual intercourse [Men]: 40-44,17.1,1,KE,Kenya,1998,KE1998DHS,SX_AAFS_M_M40,51704140,I,1000,0,Total,Total,0,,1,1,SXAAFSMM40,,1998,DHS,,,,,
KEN,62651,Median age at first sexual intercourse [Men]: 45-49,17.7,1,KE,Kenya,1998,KE1998DHS,SX_AAFS_M_M45,51704150,I,1000,0,Total,Total,0,,1,1,SXAAFSMM45,,1998,DHS,,,,,
KEN,62649,Median age at first sexual intercourse [Men]: 50-54,18.1,1,KE,Kenya,1998,KE1998DHS,SX_AAFS_M_M50,51704160,I,1000,0,Total,Total,0,,1,1,SXAAFSMM50,,1998,DHS,,,,,
KEN,62652,"Median age at first sexual intercourse [Men]: 20-49(54,59)",16.8,1,KE,Kenya,1998,KE1998DHS,SX_AAFS_M_M2A,51704170,I,1000,0,Total,Total,0,,1,1,SXAAFSMM2A,,1998,DHS,,,,,
KEN,62650,"Median age at first sexual intercourse [Men]: 25-49(54,59)",17,1,KE,Kenya,1998,KE1998DHS,SX_AAFS_M_M2B,51704180,I,1000,0,Total,Total,0,,1,1,SXAAFSMM2B,,1998,DHS,,,,,
KEN,264260,Recent sexual activity [Men]: Active 4 Weeks,55,1,KE,Kenya,1998,KE1998DHS,SX_LSEX_M_4WK,51734090,I,10000,10000,Total 15-49,Total 15-49,0,,1,1,SXLSEXM4WK,,1998,DHS,3224,3231,,,
KEN,264256,Recent sexual activity [Men]: Within the last year,24.6,1,KE,Kenya,1998,KE1998DHS,SX_LSEX_M_1YR,51734100,I,10000,10000,Total 15-49,Total 15-49,0,,1,1,SXLSEXM1YR,,1998,DHS,3224,3231,,,
KEN,264257,Recent sexual activity [Men]: One or more years ago,6.2,1,KE,Kenya,1998,KE1998DHS,SX_LSEX_M_1PY,51734110,I,10000,10000,Total 15-49,Total 15-49,0,,1,1,SXLSEXM1PY,,1998,DHS,3224,3231,,,
KEN,264259,Recent sexual activity [Men]: Never had sex,13.5,1,KE,Kenya,1998,KE1998DHS,SX_LSEX_M_NSX,51734130,I,10000,10000,Total 15-49,Total 15-49,0,,1,1,SXLSEXMNSX,,1998,DHS,3224,3231,,,
KEN,535326,Desire for more children [Men]: Have another soon,19.7,1,KE,Kenya,2003,KE2003DHS,PR_DESC_M_ASN,22194120,I,10000,10000,Total 15-49,Total 15-49,0,,1,1,PRDESCMASN,,2003,DHS,1615,1638,,,
KEN,535327,Desire for more children [Men]: Have another later,36.4,1,KE,Kenya,2003,KE2003DHS,PR_DESC_M_ALT,22194130,I,10000,10000,Total 15-49,Total 15-49,0,,1,1,PRDESCMALT,,2003,DHS,1615,1638,,,
KEN,535328,"Desire for more children [Men]: Wants, unsure timing",1.7,1,KE,Kenya,2003,KE2003DHS,PR_DESC_M_AUN,22194140,I,10000,10000,Total 15-49,Total 15-49,0,,1,1,PRDESCMAUN,,2003,DHS,1615,1638,,,
KEN,535329,Desire for more children [Men]: Undecided,5.1,1,KE,Kenya,2003,KE2003DHS,PR_DESC_M_UND,22194150,I,10000,10000,Total 15-49,Total 15-49,0,,1,1,PRDESCMUND,,2003,DHS,1615,1638,,,
KEN,535330,Desire for more children [Men]: Wants no more,35.1,1,KE,Kenya,2003,KE2003DHS,PR_DESC_M_WNM,22194160,I,10000,10000,Total 15-49,Total 15-49,0,,1,1,PRDESCMWNM,,2003,DHS,1615,1638,,,
KEN,535335,Desire for more children [Men]: Declared infecund,1.9,1,KE,Kenya,2003,KE2003DHS,PR_DESC_M_INF,22194180,I,10000,10000,Total 15-49,Total 15-49,0,,1,1,PRDESCMINF,,2003,DHS,1615,1638,,,
KEN,519421,Men who want no more children,35.1,1,KE,Kenya,2003,KE2003DHS,PR_DESL_M_WNM,22204040,I,10000,10000,Total 15-49,Total 15-49,1000,Total,1,1,PRDESLMWNM,,2003,DHS,,1638,,,
KEN,473802,Men who want no more children,2.5,1,KE,Kenya,2003,KE2003DHS,PR_DESL_M_WNM,22204040,I,10000,10000,Total 15-49,Total 15-49,189001,Living children: 1,1,0,PRDESLMWNM,,2003,DHS,,257,,,
KEN,28422,Men who want no more children,25.1,1,KE,Kenya,2003,KE2003DHS,PR_DESL_M_WNM,22204040,I,10000,10000,Total 15-49,Total 15-49,189002,Living children: 2,1,0,PRDESLMWNM,,2003,DHS,,359,,,
KEN,513912,Men who want no more children,37.7,1,KE,Kenya,2003,KE2003DHS,PR_DESL_M_WNM,22204040,I,10000,10000,Total 15-49,Total 15-49,189003,Living children: 3,1,0,PRDESLMWNM,,2003,DHS,,289,,,
KEN,491161,Men who want no more children,55.5,1,KE,Kenya,2003,KE2003DHS,PR_DESL_M_WNM,22204040,I,10000,10000,Total 15-49,Total 15-49,189004,Living children: 4,1,0,PRDESLMWNM,,2003,DHS,,223,,,
KEN,585193,Men who want no more children,49.7,1,KE,Kenya,2003,KE2003DHS,PR_DESL_M_WNM,22204040,I,10000,10000,Total 15-49,Total 15-49,189005,Living children: 5,1,0,PRDESLMWNM,,2003,DHS,,166,,,
KEN,544624,Men who want no more children,57.1,1,KE,Kenya,2003,KE2003DHS,PR_DESL_M_WNM,22204040,I,10000,10000,Total 15-49,Total 15-49,189006,Living children: 6+,1,0,PRDESLMWNM,,2003,DHS,,280,,,
KEN,450306,Ideal number of children [Men]: 0,0.7,1,KE,Kenya,2003,KE2003DHS,PR_IDLC_M_ID0,22234180,I,1000,0,Total,Total,0,,1,1,PRIDLCMID0,,2003,DHS,3363,3348,,,
KEN,450307,Ideal number of children [Men]: 1,1.1,1,KE,Kenya,2003,KE2003DHS,PR_IDLC_M_ID1,22234190,I,1000,0,Total,Total,0,,1,1,PRIDLCMID1,,2003,DHS,3363,3348,,,
KEN,450308,Ideal number of children [Men]: 2,17.2,1,KE,Kenya,2003,KE2003DHS,PR_IDLC_M_ID2,22234200,I,1000,0,Total,Total,0,,1,1,PRIDLCMID2,,2003,DHS,3363,3348,,,
KEN,450300,Ideal number of children [Men]: 3,22.6,1,KE,Kenya,2003,KE2003DHS,PR_IDLC_M_ID3,22234210,I,1000,0,Total,Total,0,,1,1,PRIDLCMID3,,2003,DHS,3363,3348,,,
KEN,450304,Ideal number of children [Men]: 4,28.2,1,KE,Kenya,2003,KE2003DHS,PR_IDLC_M_ID4,22234220,I,1000,0,Total,Total,0,,1,1,PRIDLCMID4,,2003,DHS,3363,3348,,,
KEN,450301,Ideal number of children [Men]: 5,10.5,1,KE,Kenya,2003,KE2003DHS,PR_IDLC_M_ID5,22234230,I,1000,0,Total,Total,0,,1,1,PRIDLCMID5,,2003,DHS,3363,3348,,,
KEN,450305,Ideal number of children [Men]: 6+,16.4,1,KE,Kenya,2003,KE2003DHS,PR_IDLC_M_ID6,22234240,I,1000,0,Total,Total,0,,1,1,PRIDLCMID6,,2003,DHS,3363,3348,,,
KEN,450302,Ideal number of children [Men]: Non-numeric response,3.3,1,KE,Kenya,2003,KE2003DHS,PR_IDLC_M_IDN,22234250,I,1000,0,Total,Total,0,,1,1,PRIDLCMIDN,,2003,DHS,3363,3348,,,
KEN,560180,Mean ideal number of children for all men,4.2,1,KE,Kenya,2003,KE2003DHS,PR_IDLC_M_MNA,22234290,I,1000,0,Total,Total,0,,1,1,PRIDLCMMNA,,2003,DHS,3250,3239,,,
KEN,752659,Mean ideal number of children for currently married men,4.6,1,KE,Kenya,2003,KE2003DHS,PR_IDLC_M_MNM,22234320,I,1000,0,Total,Total,0,,1,1,PRIDLCMMNM,,2003,DHS,1542,1567,,,
KEN,497769,Mean ideal number of children for all men 15-54(59),4.3,1,KE,Kenya,2003,KE2003DHS,PR_IDLC_M_M5A,22234350,I,1000,0,Total,Total,0,,1,1,PRIDLCMM5A,,2003,DHS,3440,3441,,,
KEN,666928,Mean ideal number of children for currently married men 15-54(59),4.8,1,KE,Kenya,2003,KE2003DHS,PR_IDLC_M_M5M,22234380,I,1000,0,Total,Total,0,,1,1,PRIDLCMM5M,,2003,DHS,1723,1760,,,
KEN,747191,Knowledge of any method of contraception (all men),97.3,1,KE,Kenya,2003,KE2003DHS,FP_KMTA_M_ANY,32364010,I,1000,0,Total,Total,0,,1,1,FPKMTAMANY,,2003,DHS,3363,3348,,,
KEN,747195,Knowledge of any modern method of contraception (all men),97,1,KE,Kenya,2003,KE2003DHS,FP_KMTA_M_MOD,32364020,I,1000,0,Total,Total,0,,1,1,FPKMTAMMOD,,2003,DHS,3363,3348,,,
KEN,747192,Knowledge of female sterilization (all men),76.3,1,KE,Kenya,2003,KE2003DHS,FP_KMTA_M_FST,32364030,I,1000,0,Total,Total,0,,1,1,FPKMTAMFST,,2003,DHS,3363,3348,,,
KEN,747182,Knowledge of male sterilization (all men),57.8,1,KE,Kenya,2003,KE2003DHS,FP_KMTA_M_MST,32364040,I,1000,0,Total,Total,0,,1,1,FPKMTAMMST,,2003,DHS,3363,3348,,,
KEN,747183,Knowledge of pill (all men),86.3,1,KE,Kenya,2003,KE2003DHS,FP_KMTA_M_PIL,32364050,I,1000,0,Total,Total,0,,1,1,FPKMTAMPIL,,2003,DHS,3363,3348,,,
KEN,747184,Knowledge of IUD (all men),48.3,1,KE,Kenya,2003,KE2003DHS,FP_KMTA_M_IUD,32364060,I,1000,0,Total,Total,0,,1,1,FPKMTAMIUD,,2003,DHS,3363,3348,,,
KEN,747185,Knowledge of injections (all men),80.3,1,KE,Kenya,2003,KE2003DHS,FP_KMTA_M_INJ,32364070,I,1000,0,Total,Total,0,,1,1,FPKMTAMINJ,,2003,DHS,3363,3348,,,
KEN,747196,Knowledge of implants (all men),36.7,1,KE,Kenya,2003,KE2003DHS,FP_KMTA_M_IMP,32364090,I,1000,0,Total,Total,0,,1,1,FPKMTAMIMP,,2003,DHS,3363,3348,,,
KEN,747193,Knowledge of condom (all men),96,1,KE,Kenya,2003,KE2003DHS,FP_KMTA_M_MCN,32364100,I,1000,0,Total,Total,0,,1,1,FPKMTAMMCN,,2003,DHS,3363,3348,,,
KEN,747197,Knowledge of female condom (all men),56.4,1,KE,Kenya,2003,KE2003DHS,FP_KMTA_M_FCN,32364110,I,1000,0,Total,Total,0,,1,1,FPKMTAMFCN,,2003,DHS,3363,3348,,,
KEN,747187,Knowledge of emergency contraception (all men),25.6,1,KE,Kenya,2003,KE2003DHS,FP_KMTA_M_EMC,32364130,I,1000,0,Total,Total,0,,1,1,FPKMTAMEMC,,2003,DHS,3363,3348,,,
KEN,747186,Knowledge of foam or jelly (all men),0.7,1,KE,Kenya,2003,KE2003DHS,FP_KMTA_M_FOM,32364150,I,1000,0,Total,Total,0,,1,1,FPKMTAMFOM,,2003,DHS,3363,3348,,,
KEN,747194,Knowledge of any traditional method (all men),80.7,1,KE,Kenya,2003,KE2003DHS,FP_KMTA_M_TRA,32364190,I,1000,0,Total,Total,0,,1,1,FPKMTAMTRA,,2003,DHS,3363,3348,,,
KEN,747188,Knowledge of periodic abstinence (all men),78.4,1,KE,Kenya,2003,KE2003DHS,FP_KMTA_M_RHY,32364200,I,1000,0,Total,Total,0,,1,1,FPKMTAMRHY,,2003,DHS,3363,3348,,,
KEN,747189,Knowledge of withdrawal (all men),54.8,1,KE,Kenya,2003,KE2003DHS,FP_KMTA_M_WTH,32364210,I,1000,0,Total,Total,0,,1,1,FPKMTAMWTH,,2003,DHS,3363,3348,,,
KEN,747198,Mean number of methods known (all men),7,1,KE,Kenya,2003,KE2003DHS,FP_KMTA_M_MNM,32364270,I,1000,0,Total,Total,0,,1,1,FPKMTAMMNM,,2003,DHS,3363,3348,,,
KEN,73490,Knowledge of any method of contraception (married men),98,1,KE,Kenya,2003,KE2003DHS,FP_KMTM_M_ANY,32404010,I,1000,0,Total,Total,0,,1,1,FPKMTMMANY,,2003,DHS,1615,1638,,,
KEN,73479,Knowledge of any modern method of contraception (married men),97.4,1,KE,Kenya,2003,KE2003DHS,FP_KMTM_M_MOD,32404020,I,1000,0,Total,Total,0,,1,1,FPKMTMMMOD,,2003,DHS,1615,1638,,,
KEN,73510,Knowledge of female sterilization (married men),86.9,1,KE,Kenya,2003,KE2003DHS,FP_KMTM_M_FST,32404030,I,1000,0,Total,Total,0,,1,1,FPKMTMMFST,,2003,DHS,1615,1638,,,
KEN,73480,Knowledge of male sterilization (married men),68.7,1,KE,Kenya,2003,KE2003DHS,FP_KMTM_M_MST,32404040,I,1000,0,Total,Total,0,,1,1,FPKMTMMMST,,2003,DHS,1615,1638,,,
KEN,73485,Knowledge of pill (married men),92.5,1,KE,Kenya,2003,KE2003DHS,FP_KMTM_M_PIL,32404050,I,1000,0,Total,Total,0,,1,1,FPKMTMMPIL,,2003,DHS,1615,1638,,,
KEN,73486,Knowledge of IUD (married men),61.3,1,KE,Kenya,2003,KE2003DHS,FP_KMTM_M_IUD,32404060,I,1000,0,Total,Total,0,,1,1,FPKMTMMIUD,,2003,DHS,1615,1638,,,
KEN,73488,Knowledge of injections (married men),91.4,1,KE,Kenya,2003,KE2003DHS,FP_KMTM_M_INJ,32404070,I,1000,0,Total,Total,0,,1,1,FPKMTMMINJ,,2003,DHS,1615,1638,,,
KEN,73481,Knowledge of implants (married men),49.7,1,KE,Kenya,2003,KE2003DHS,FP_KMTM_M_IMP,32404090,I,1000,0,Total,Total,0,,1,1,FPKMTMMIMP,,2003,DHS,1615,1638,,,
KEN,73511,Knowledge of condom (married men),96.9,1,KE,Kenya,2003,KE2003DHS,FP_KMTM_M_MCN,32404100,I,1000,0,Total,Total,0,,1,1,FPKMTMMMCN,,2003,DHS,1615,1638,,,
KEN,73482,Knowledge of female condom (married men),62.8,1,KE,Kenya,2003,KE2003DHS,FP_KMTM_M_FCN,32404110,I,1000,0,Total,Total,0,,1,1,FPKMTMMFCN,,2003,DHS,1615,1638,,,
KEN,73516,Knowledge of emergency contraception (married men),28.4,1,KE,Kenya,2003,KE2003DHS,FP_KMTM_M_EMC,32404130,I,1000,0,Total,Total,0,,1,1,FPKMTMMEMC,,2003,DHS,1615,1638,,,
KEN,73515,Knowledge of foam or jelly (married men),0.9,1,KE,Kenya,2003,KE2003DHS,FP_KMTM_M_FOM,32404150,I,1000,0,Total,Total,0,,1,1,FPKMTMMFOM,,2003,DHS,1615,1638,,,
KEN,73512,Knowledge of any traditional method (married men),93.7,1,KE,Kenya,2003,KE2003DHS,FP_KMTM_M_TRA,32404190,I,1000,0,Total,Total,0,,1,1,FPKMTMMTRA,,2003,DHS,1615,1638,,,
KEN,73483,Knowledge of periodic abstinence (married men),92.3,1,KE,Kenya,2003,KE2003DHS,FP_KMTM_M_RHY,32404200,I,1000,0,Total,Total,0,,1,1,FPKMTMMRHY,,2003,DHS,1615,1638,,,
KEN,73513,Knowledge of withdrawal (married men),65,1,KE,Kenya,2003,KE2003DHS,FP_KMTM_M_WTH,32404210,I,1000,0,Total,Total,0,,1,1,FPKMTMMWTH,,2003,DHS,1615,1638,,,
KEN,73484,Mean number of contraceptive methods known (married men age 15-49),8,1,KE,Kenya,2003,KE2003DHS,FP_KMTM_M_MNM,32404270,I,1000,0,Total,Total,0,,1,1,FPKMTMMMNM,,2003,DHS,1615,1638,,,
KEN,724327,Knowledge of any method of contraception (sexually active unmmarried men),98.4,1,KE,Kenya,2003,KE2003DHS,FP_KMTU_M_ANY,32434010,I,1000,0,Total,Total,0,,1,1,FPKMTUMANY,,2003,DHS,287,279,,,
KEN,724324,Knowledge of any modern method of contraception (sexually active unmmarried men),98.4,1,KE,Kenya,2003,KE2003DHS,FP_KMTU_M_MOD,32434020,I,1000,0,Total,Total,0,,1,1,FPKMTUMMOD,,2003,DHS,287,279,,,
KEN,724322,Knowledge of female sterilization (sexually active unmmarried men),75,1,KE,Kenya,2003,KE2003DHS,FP_KMTU_M_FST,32434030,I,1000,0,Total,Total,0,,1,1,FPKMTUMFST,,2003,DHS,287,279,,,
KEN,724325,Knowledge of male sterilization (sexually active unmmarried men),57.7,1,KE,Kenya,2003,KE2003DHS,FP_KMTU_M_MST,32434040,I,1000,0,Total,Total,0,,1,1,FPKMTUMMST,,2003,DHS,287,279,,,
KEN,724323,Knowledge of pill (sexually active unmmarried men),91.2,1,KE,Kenya,2003,KE2003DHS,FP_KMTU_M_PIL,32434050,I,1000,0,Total,Total,0,,1,1,FPKMTUMPIL,,2003,DHS,287,279,,,
KEN,724317,Knowledge of IUD (sexually active unmmarried men),42.3,1,KE,Kenya,2003,KE2003DHS,FP_KMTU_M_IUD,32434060,I,1000,0,Total,Total,0,,1,1,FPKMTUMIUD,,2003,DHS,287,279,,,
KEN,724318,Knowledge of injections (sexually active unmmarried men),79.9,1,KE,Kenya,2003,KE2003DHS,FP_KMTU_M_INJ,32434070,I,1000,0,Total,Total,0,,1,1,FPKMTUMINJ,,2003,DHS,287,279,,,
KEN,724319,Knowledge of implants (sexually active unmmarried men),33.1,1,KE,Kenya,2003,KE2003DHS,FP_KMTU_M_IMP,32434090,I,1000,0,Total,Total,0,,1,1,FPKMTUMIMP,,2003,DHS,287,279,,,
KEN,724320,Knowledge of condom (sexually active unmmarried men),98.4,1,KE,Kenya,2003,KE2003DHS,FP_KMTU_M_MCN,32434100,I,1000,0,Total,Total,0,,1,1,FPKMTUMMCN,,2003,DHS,287,279,,,
KEN,724326,Knowledge of female condom (sexually active unmmarried men),62.7,1,KE,Kenya,2003,KE2003DHS,FP_KMTU_M_FCN,32434110,I,1000,0,Total,Total,0,,1,1,FPKMTUMFCN,,2003,DHS,287,279,,,
KEN,724331,Knowledge of emergency contraception (sexually active unmmarried men),31.9,1,KE,Kenya,2003,KE2003DHS,FP_KMTU_M_EMC,32434130,I,1000,0,Total,Total,0,,1,1,FPKMTUMEMC,,2003,DHS,287,279,,,
KEN,724328,Knowledge of foam or jelly (sexually active unmmarried men),0.2,1,KE,Kenya,2003,KE2003DHS,FP_KMTU_M_FOM,32434150,I,1000,0,Total,Total,0,,1,1,FPKMTUMFOM,,2003,DHS,287,279,,,
KEN,724329,Knowledge of any traditional method (sexually active unmmarried men),86.7,1,KE,Kenya,2003,KE2003DHS,FP_KMTU_M_TRA,32434190,I,1000,0,Total,Total,0,,1,1,FPKMTUMTRA,,2003,DHS,287,279,,,
KEN,724332,Knowledge of periodic abstinence (sexually active unmmarried men),82.7,1,KE,Kenya,2003,KE2003DHS,FP_KMTU_M_RHY,32434200,I,1000,0,Total,Total,0,,1,1,FPKMTUMRHY,,2003,DHS,287,279,,,
KEN,724330,Knowledge of withdrawal (sexually active unmmarried men),68.3,1,KE,Kenya,2003,KE2003DHS,FP_KMTU_M_WTH,32434210,I,1000,0,Total,Total,0,,1,1,FPKMTUMWTH,,2003,DHS,287,279,,,
KEN,724333,Mean number of methods known by sexually active unmarried men age 15-49,7.3,1,KE,Kenya,2003,KE2003DHS,FP_KMTU_M_MNM,32434270,I,1000,0,Total,Total,0,,1,1,FPKMTUMMNM,,2003,DHS,287,279,,,
KEN,508406,Knowledge of any method of contraception among married men,98,1,KE,Kenya,2003,KE2003DHS,FP_KMET_M_ANY,32464050,I,10000,10000,Total 15-49,Total 15-49,0,,1,1,FPKMETMANY,,2003,DHS,1615,1638,,,
KEN,508405,Knowledge of any modern method of contraception amonth married men,97.4,1,KE,Kenya,2003,KE2003DHS,FP_KMET_M_MOD,32464060,I,10000,10000,Total 15-49,Total 15-49,0,,1,1,FPKMETMMOD,,2003,DHS,1615,1638,,,
KEN,747200,Ever use of any method of contraception (all men),65.6,1,KE,Kenya,2003,KE2003DHS,FP_EVUA_M_ANY,32504010,I,1000,0,Total,Total,0,,1,1,FPEVUAMANY,,2003,DHS,3363,3348,,,
KEN,747201,Ever use of any modern method of contraception (all men),42.1,1,KE,Kenya,2003,KE2003DHS,FP_EVUA_M_MOD,32504020,I,1000,0,Total,Total,0,,1,1,FPEVUAMMOD,,2003,DHS,3363,3348,,,
KEN,747203,Ever use of male sterilization (all men),0.2,1,KE,Kenya,2003,KE2003DHS,FP_EVUA_M_MST,32504040,I,1000,0,Total,Total,0,,1,1,FPEVUAMMST,,2003,DHS,3363,3348,,,
KEN,747199,Ever use of condom (all men),42,1,KE,Kenya,2003,KE2003DHS,FP_EVUA_M_MCN,32504100,I,1000,0,Total,Total,0,,1,1,FPEVUAMMCN,,2003,DHS,3363,3348,,,
KEN,747202,Ever use of any traditional method (all men),54.8,1,KE,Kenya,2003,KE2003DHS,FP_EVUA_M_TRA,32504190,I,1000,0,Total,Total,0,,1,1,FPEVUAMTRA,,2003,DHS,3363,3348,,,
KEN,747204,Ever use of periodic abstinence (all men),51.5,1,KE,Kenya,2003,KE2003DHS,FP_EVUA_M_RHY,32504200,I,1000,0,Total,Total,0,,1,1,FPEVUAMRHY,,2003,DHS,3363,3348,,,
KEN,747205,Ever use of withdrawal (all men),17.6,1,KE,Kenya,2003,KE2003DHS,FP_EVUA_M_WTH,32504210,I,1000,0,Total,Total,0,,1,1,FPEVUAMWTH,,2003,DHS,3363,3348,,,
KEN,73558,Ever use of any method of contraception (married men),83.4,1,KE,Kenya,2003,KE2003DHS,FP_EVUM_M_ANY,32534010,I,1000,0,Total,Total,0,,1,1,FPEVUMMANY,,2003,DHS,1615,1638,,,
KEN,73556,Ever use of any modern method of contraception (married men),45.6,1,KE,Kenya,2003,KE2003DHS,FP_EVUM_M_MOD,32534020,I,1000,0,Total,Total,0,,1,1,FPEVUMMMOD,,2003,DHS,1615,1638,,,
KEN,73557,Ever use of male sterilization (married men),0.3,1,KE,Kenya,2003,KE2003DHS,FP_EVUM_M_MST,32534040,I,1000,0,Total,Total,0,,1,1,FPEVUMMMST,,2003,DHS,1615,1638,,,
KEN,73560,Ever use of condom (married men),45.4,1,KE,Kenya,2003,KE2003DHS,FP_EVUM_M_MCN,32534100,I,1000,0,Total,Total,0,,1,1,FPEVUMMMCN,,2003,DHS,1615,1638,,,
KEN,73561,Ever use of any traditional method (married men),75.6,1,KE,Kenya,2003,KE2003DHS,FP_EVUM_M_TRA,32534190,I,1000,0,Total,Total,0,,1,1,FPEVUMMTRA,,2003,DHS,1615,1638,,,
KEN,73564,Ever use of periodic abstinence (married men),72.7,1,KE,Kenya,2003,KE2003DHS,FP_EVUM_M_RHY,32534200,I,1000,0,Total,Total,0,,1,1,FPEVUMMRHY,,2003,DHS,1615,1638,,,
KEN,73565,Ever use of withdrawal (married men),23.4,1,KE,Kenya,2003,KE2003DHS,FP_EVUM_M_WTH,32534210,I,1000,0,Total,Total,0,,1,1,FPEVUMMWTH,,2003,DHS,1615,1638,,,
KEN,724340,Ever use of any method of contraception (sexually active unmarried men),84.2,1,KE,Kenya,2003,KE2003DHS,FP_EVUU_M_ANY,32564010,I,1000,0,Total,Total,0,,1,1,FPEVUUMANY,,2003,DHS,287,279,,,
KEN,724334,Ever use of any modern method of contraception (sexually active unmarried men),71.6,1,KE,Kenya,2003,KE2003DHS,FP_EVUU_M_MOD,32564020,I,1000,0,Total,Total,0,,1,1,FPEVUUMMOD,,2003,DHS,287,279,,,
KEN,724335,Ever use of male sterilization (sexually active unmarried men),0.2,1,KE,Kenya,2003,KE2003DHS,FP_EVUU_M_MST,32564040,I,1000,0,Total,Total,0,,1,1,FPEVUUMMST,,2003,DHS,287,279,,,
KEN,724339,Ever use of condom (sexually active unmarried men),71.6,1,KE,Kenya,2003,KE2003DHS,FP_EVUU_M_MCN,32564100,I,1000,0,Total,Total,0,,1,1,FPEVUUMMCN,,2003,DHS,287,279,,,
KEN,724336,Ever use of any traditional method (sexually active unmarried men),64.8,1,KE,Kenya,2003,KE2003DHS,FP_EVUU_M_TRA,32564190,I,1000,0,Total,Total,0,,1,1,FPEVUUMTRA,,2003,DHS,287,279,,,
KEN,724337,Ever use of periodic abstinence (sexually active unmarried men),56.6,1,KE,Kenya,2003,KE2003DHS,FP_EVUU_M_RHY,32564200,I,1000,0,Total,Total,0,,1,1,FPEVUUMRHY,,2003,DHS,287,279,,,
KEN,724338,Ever use of withdrawal (sexually active unmarried men),28.7,1,KE,Kenya,2003,KE2003DHS,FP_EVUU_M_WTH,32564210,I,1000,0,Total,Total,0,,1,1,FPEVUUMWTH,,2003,DHS,287,279,,,
KEN,512002,Family planning messages on the radio [Men],66.6,1,KE,Kenya,2003,KE2003DHS,FP_EFPM_M_RDO,33104070,I,10000,10000,Total 15-49,Total 15-49,0,,1,1,FPEFPMMRDO,,2003,DHS,3363,3348,,,
KEN,512003,Family planning messages on television [Men],37.4,1,KE,Kenya,2003,KE2003DHS,FP_EFPM_M_TLV,33104080,I,10000,10000,Total 15-49,Total 15-49,0,,1,1,FPEFPMMTLV,,2003,DHS,3363,3348,,,
KEN,511995,Family planning messages in newspapers or magazines [Men],43,1,KE,Kenya,2003,KE2003DHS,FP_EFPM_M_NWS,33104090,I,10000,10000,Total 15-49,Total 15-49,0,,1,1,FPEFPMMNWS,,2003,DHS,3363,3348,,,
KEN,512001,Family planning messages in none of these three media [Men],29.2,1,KE,Kenya,2003,KE2003DHS,FP_EFPM_M_NON,33104100,I,10000,10000,Total 15-49,Total 15-49,0,,1,1,FPEFPMMNON,,2003,DHS,3363,3348,,,
KEN,649664,Current marital status [Men]: Never married,47.9,1,KE,Kenya,2003,KE2003DHS,MA_MSTA_M_NMA,41504120,I,10000,10000,Total 15-49,Total 15-49,0,,1,1,MAMSTAMNMA,,2003,DHS,3363,3348,,,
KEN,649665,Current marital status [Men]: Married,47.1,1,KE,Kenya,2003,KE2003DHS,MA_MSTA_M_MAR,41504130,I,10000,10000,Total 15-49,Total 15-49,0,,1,1,MAMSTAMMAR,,2003,DHS,3363,3348,,,
KEN,649668,Current marital status [Men]: Living together,0.9,1,KE,Kenya,2003,KE2003DHS,MA_MSTA_M_LTG,41504140,I,10000,10000,Total 15-49,Total 15-49,0,,1,1,MAMSTAMLTG,,2003,DHS,3363,3348,,,
KEN,649670,Current marital status [Men]: Divorced,1.3,1,KE,Kenya,2003,KE2003DHS,MA_MSTA_M_DIV,41504150,I,10000,10000,Total 15-49,Total 15-49,0,,1,1,MAMSTAMDIV,,2003,DHS,3363,3348,,,
KEN,649669,Current marital status [Men]: Not living together,2.1,1,KE,Kenya,2003,KE2003DHS,MA_MSTA_M_SEP,41504160,I,10000,10000,Total 15-49,Total 15-49,0,,1,1,MAMSTAMSEP,,2003,DHS,3363,3348,,,
KEN,649671,Current marital status [Men]: Widowed,0.7,1,KE,Kenya,2003,KE2003DHS,MA_MSTA_M_WID,41504170,I,10000,10000,Total 15-49,Total 15-49,0,,1,1,MAMSTAMWID,,2003,DHS,3363,3348,,,
KEN,649667,Current marital status [Men]: Married or living in union,48,1,KE,Kenya,2003,KE2003DHS,MA_MSTA_M_UNI,41504200,I,10000,10000,Total 15-49,Total 15-49,0,,1,1,MAMSTAMUNI,,2003,DHS,3363,3348,,,
KEN,245312,Number of wives: One wife,90.7,1,KE,Kenya,2003,KE2003DHS,MA_WIVE_M_1WV,41564010,I,10000,10000,Total 15-49,Total 15-49,0,,1,1,MAWIVEM1WV,,2003,DHS,1615,1638,,,
KEN,245313,Number of wives: Two or more wives,9.3,1,KE,Kenya,2003,KE2003DHS,MA_WIVE_M_2PW,41564020,I,10000,10000,Total 15-49,Total 15-49,0,,1,1,MAWIVEM2PW,,2003,DHS,1615,1638,,,
KEN,314544,Men first married by exact age 15,0,1,KE,Kenya,2003,KE2003DHS,MA_MBAG_M_B15,41604100,I,12001,12001,Total 25-49,Total 25-49,0,,1,1,MAMBAGMB15,,2003,DHS,1825,1845,,,
KEN,314545,Men first married by exact age 18,3.9,1,KE,Kenya,2003,KE2003DHS,MA_MBAG_M_B18,41604110,I,12001,12001,Total 25-49,Total 25-49,0,,1,1,MAMBAGMB18,,2003,DHS,1825,1845,,,
KEN,314546,Men first married by exact age 20,10.4,1,KE,Kenya,2003,KE2003DHS,MA_MBAG_M_B20,41604120,I,12001,12001,Total 25-49,Total 25-49,0,,1,1,MAMBAGMB20,,2003,DHS,1825,1845,,,
KEN,314548,Men first married by exact age 22,24.3,1,KE,Kenya,2003,KE2003DHS,MA_MBAG_M_B22,41604130,I,12001,12001,Total 25-49,Total 25-49,0,,1,1,MAMBAGMB22,,2003,DHS,1825,1845,,,
KEN,314547,Men first married by exact age 25,48.7,1,KE,Kenya,2003,KE2003DHS,MA_MBAG_M_B25,41604140,I,12001,12001,Total 25-49,Total 25-49,0,,1,1,MAMBAGMB25,,2003,DHS,1825,1845,,,
KEN,314549,Men never married,12.7,1,KE,Kenya,2003,KE2003DHS,MA_MBAG_M_NMA,41604170,I,12001,12001,Total 25-49,Total 25-49,0,,1,1,MAMBAGMNMA,,2003,DHS,1825,1845,,,
KEN,62793,Median age at first marriage [Men]: 30-34,25.6,1,KE,Kenya,2003,KE2003DHS,MA_AAFM_M_M30,41634120,I,1000,0,Total,Total,0,,1,1,MAAAFMMM30,,2003,DHS,,,,,
KEN,62788,Median age at first marriage [Men]: 35-39,25.2,1,KE,Kenya,2003,KE2003DHS,MA_AAFM_M_M35,41634130,I,1000,0,Total,Total,0,,1,1,MAAAFMMM35,,2003,DHS,,,,,
KEN,62789,Median age at first marriage [Men]: 40-44,24.3,1,KE,Kenya,2003,KE2003DHS,MA_AAFM_M_M40,41634140,I,1000,0,Total,Total,0,,1,1,MAAAFMMM40,,2003,DHS,,,,,
KEN,62790,Median age at first marriage [Men]: 45-49,24.7,1,KE,Kenya,2003,KE2003DHS,MA_AAFM_M_M45,41634150,I,1000,0,Total,Total,0,,1,1,MAAAFMMM45,,2003,DHS,,,,,
KEN,62791,Median age at first marriage [Men]: 50-54,25.1,1,KE,Kenya,2003,KE2003DHS,MA_AAFM_M_M50,41634160,I,1000,0,Total,Total,0,,1,1,MAAAFMMM50,,2003,DHS,,,,,
KEN,221946,First sexual intercourse by exact age 15 [Men],24.2,1,KE,Kenya,2003,KE2003DHS,SX_SBAG_M_B15,51664100,I,12001,12001,Total 25-49,Total 25-49,0,,1,1,SXSBAGMB15,,2003,DHS,1825,1845,,,
KEN,221945,First sexual intercourse by exact age 18 [Men],56.7,1,KE,Kenya,2003,KE2003DHS,SX_SBAG_M_B18,51664110,I,12001,12001,Total 25-49,Total 25-49,0,,1,1,SXSBAGMB18,,2003,DHS,1825,1845,,,
KEN,221941,First sexual intercourse by exact age 20 [Men],77.1,1,KE,Kenya,2003,KE2003DHS,SX_SBAG_M_B20,51664120,I,12001,12001,Total 25-49,Total 25-49,0,,1,1,SXSBAGMB20,,2003,DHS,1825,1845,,,
KEN,221942,First sexual intercourse by exact age 22 [Men],88.5,1,KE,Kenya,2003,KE2003DHS,SX_SBAG_M_B22,51664130,I,12001,12001,Total 25-49,Total 25-49,0,,1,1,SXSBAGMB22,,2003,DHS,1825,1845,,,
KEN,221948,First sexual intercourse by exact age 25 [Men],93,1,KE,Kenya,2003,KE2003DHS,SX_SBAG_M_B25,51664140,I,12001,12001,Total 25-49,Total 25-49,0,,1,1,SXSBAGMB25,,2003,DHS,1825,1845,,,
KEN,221913,Never had sexual intercourse [Men],1.3,1,KE,Kenya,2003,KE2003DHS,SX_SBAG_M_NSX,51664150,I,12001,12001,Total 25-49,Total 25-49,0,,1,1,SXSBAGMNSX,,2003,DHS,1825,1845,,,
KEN,62823,Median age at first sexual intercourse [Men]: 20-24,16.6,1,KE,Kenya,2003,KE2003DHS,SX_AAFS_M_M20,51704100,I,1000,0,Total,Total,0,,1,1,SXAAFSMM20,,2003,DHS,,,,,
KEN,62824,Median age at first sexual intercourse [Men]: 25-29,17.4,1,KE,Kenya,2003,KE2003DHS,SX_AAFS_M_M25,51704110,I,1000,0,Total,Total,0,,1,1,SXAAFSMM25,,2003,DHS,,,,,
KEN,62833,Median age at first sexual intercourse [Men]: 30-34,16.9,1,KE,Kenya,2003,KE2003DHS,SX_AAFS_M_M30,51704120,I,1000,0,Total,Total,0,,1,1,SXAAFSMM30,,2003,DHS,,,,,
KEN,62834,Median age at first sexual intercourse [Men]: 35-39,17.1,1,KE,Kenya,2003,KE2003DHS,SX_AAFS_M_M35,51704130,I,1000,0,Total,Total,0,,1,1,SXAAFSMM35,,2003,DHS,,,,,
KEN,62852,Median age at first sexual intercourse [Men]: 40-44,17.2,1,KE,Kenya,2003,KE2003DHS,SX_AAFS_M_M40,51704140,I,1000,0,Total,Total,0,,1,1,SXAAFSMM40,,2003,DHS,,,,,
KEN,62835,Median age at first sexual intercourse [Men]: 45-49,17.6,1,KE,Kenya,2003,KE2003DHS,SX_AAFS_M_M45,51704150,I,1000,0,Total,Total,0,,1,1,SXAAFSMM45,,2003,DHS,,,,,
KEN,62850,Median age at first sexual intercourse [Men]: 50-54,17.8,1,KE,Kenya,2003,KE2003DHS,SX_AAFS_M_M50,51704160,I,1000,0,Total,Total,0,,1,1,SXAAFSMM50,,2003,DHS,,,,,
KEN,62849,"Median age at first sexual intercourse [Men]: 20-49(54,59)",17.1,1,KE,Kenya,2003,KE2003DHS,SX_AAFS_M_M2A,51704170,I,1000,0,Total,Total,0,,1,1,SXAAFSMM2A,,2003,DHS,,,,,
KEN,62851,"Median age at first sexual intercourse [Men]: 25-49(54,59)",17.2,1,KE,Kenya,2003,KE2003DHS,SX_AAFS_M_M2B,51704180,I,1000,0,Total,Total,0,,1,1,SXAAFSMM2B,,2003,DHS,,,,,
KEN,474739,Recent sexual activity [Men]: Active 4 Weeks,45.7,1,KE,Kenya,2003,KE2003DHS,SX_LSEX_M_4WK,51734090,I,10000,10000,Total 15-49,Total 15-49,0,,1,1,SXLSEXM4WK,,2003,DHS,3363,3348,,,
KEN,474741,Recent sexual activity [Men]: Within the last year,25,1,KE,Kenya,2003,KE2003DHS,SX_LSEX_M_1YR,51734100,I,10000,10000,Total 15-49,Total 15-49,0,,1,1,SXLSEXM1YR,,2003,DHS,3363,3348,,,
KEN,474742,Recent sexual activity [Men]: One or more years ago,13.2,1,KE,Kenya,2003,KE2003DHS,SX_LSEX_M_1PY,51734110,I,10000,10000,Total 15-49,Total 15-49,0,,1,1,SXLSEXM1PY,,2003,DHS,3363,3348,,,
KEN,474746,Recent sexual activity [Men]: Never had sex,16,1,KE,Kenya,2003,KE2003DHS,SX_LSEX_M_NSX,51734130,I,10000,10000,Total 15-49,Total 15-49,0,,1,1,SXLSEXMNSX,,2003,DHS,3363,3348,,,
KEN,646727,Men circumcised,83.7,1,KE,Kenya,2003,KE2003DHS,HA_MCRC_M_MCC,135634010,I,10000,10000,Total 15-49,Total 15-49,0,,1,1,HAMCRCMMCC,,2003,DHS,3363,3348,,,
KEN,28424,Desire for more children [Men]: Have another soon,16.4,1,KE,Kenya,2008,KE2008DHS,PR_DESC_M_ASN,22194120,I,10000,10000,Total 15-49,Total 15-49,0,,1,1,PRDESCMASN,,2008-09,DHS,1592,1632,,,
KEN,28425,Desire for more children [Men]: Have another later,30.6,1,KE,Kenya,2008,KE2008DHS,PR_DESC_M_ALT,22194130,I,10000,10000,Total 15-49,Total 15-49,0,,1,1,PRDESCMALT,,2008-09,DHS,1592,1632,,,
KEN,28435,"Desire for more children [Men]: Wants, unsure timing",2.7,1,KE,Kenya,2008,KE2008DHS,PR_DESC_M_AUN,22194140,I,10000,10000,Total 15-49,Total 15-49,0,,1,1,PRDESCMAUN,,2008-09,DHS,1592,1632,,,
KEN,28436,Desire for more children [Men]: Undecided,5.1,1,KE,Kenya,2008,KE2008DHS,PR_DESC_M_UND,22194150,I,10000,10000,Total 15-49,Total 15-49,0,,1,1,PRDESCMUND,,2008-09,DHS,1592,1632,,,
KEN,28431,Desire for more children [Men]: Wants no more,44,1,KE,Kenya,2008,KE2008DHS,PR_DESC_M_WNM,22194160,I,10000,10000,Total 15-49,Total 15-49,0,,1,1,PRDESCMWNM,,2008-09,DHS,1592,1632,,,
KEN,28433,Desire for more children [Men]: Sterilized,0.9,1,KE,Kenya,2008,KE2008DHS,PR_DESC_M_STR,22194170,I,10000,10000,Total 15-49,Total 15-49,0,,1,1,PRDESCMSTR,,2008-09,DHS,1592,1632,,,
KEN,28432,Desire for more children [Men]: Declared infecund,0,1,KE,Kenya,2008,KE2008DHS,PR_DESC_M_INF,22194180,I,10000,10000,Total 15-49,Total 15-49,0,,1,1,PRDESCMINF,,2008-09,DHS,1592,1632,,,
KEN,808461,Men who want no more children,44.9,1,KE,Kenya,2008,KE2008DHS,PR_DESL_M_WNM,22204040,I,10000,10000,Total 15-49,Total 15-49,1000,Total,1,1,PRDESLMWNM,,2008-09,DHS,,1632,,,
KEN,438515,Men who want no more children,4,1,KE,Kenya,2008,KE2008DHS,PR_DESL_M_WNM,22204040,I,10000,10000,Total 15-49,Total 15-49,189000,Living children: 0,1,0,PRDESLMWNM,,2008-09,DHS,,72,,,
KEN,28429,Men who want no more children,7.4,1,KE,Kenya,2008,KE2008DHS,PR_DESL_M_WNM,22204040,I,10000,10000,Total 15-49,Total 15-49,189001,Living children: 1,1,0,PRDESLMWNM,,2008-09,DHS,,285,,,
KEN,730980,Men who want no more children,33,1,KE,Kenya,2008,KE2008DHS,PR_DESL_M_WNM,22204040,I,10000,10000,Total 15-49,Total 15-49,189002,Living children: 2,1,0,PRDESLMWNM,,2008-09,DHS,,313,,,
KEN,466479,Men who want no more children,50.3,1,KE,Kenya,2008,KE2008DHS,PR_DESL_M_WNM,22204040,I,10000,10000,Total 15-49,Total 15-49,189003,Living children: 3,1,0,PRDESLMWNM,,2008-09,DHS,,307,,,
KEN,656555,Men who want no more children,65.3,1,KE,Kenya,2008,KE2008DHS,PR_DESL_M_WNM,22204040,I,10000,10000,Total 15-49,Total 15-49,189004,Living children: 4,1,0,PRDESLMWNM,,2008-09,DHS,,242,,,
KEN,711395,Men who want no more children,72.5,1,KE,Kenya,2008,KE2008DHS,PR_DESL_M_WNM,22204040,I,10000,10000,Total 15-49,Total 15-49,189005,Living children: 5,1,0,PRDESLMWNM,,2008-09,DHS,,145,,,
KEN,28487,Men who want no more children,66.2,1,KE,Kenya,2008,KE2008DHS,PR_DESL_M_WNM,22204040,I,10000,10000,Total 15-49,Total 15-49,189006,Living children: 6+,1,0,PRDESLMWNM,,2008-09,DHS,,268,,,
KEN,297009,Ideal number of children [Men]: 0,0.2,1,KE,Kenya,2008,KE2008DHS,PR_IDLC_M_ID0,22234180,I,1000,0,Total,Total,0,,1,1,PRIDLCMID0,,2008-09,DHS,3258,3256,,,
KEN,297010,Ideal number of children [Men]: 1,1.3,1,KE,Kenya,2008,KE2008DHS,PR_IDLC_M_ID1,22234190,I,1000,0,Total,Total,0,,1,1,PRIDLCMID1,,2008-09,DHS,3258,3256,,,
KEN,297011,Ideal number of children [Men]: 2,19.4,1,KE,Kenya,2008,KE2008DHS,PR_IDLC_M_ID2,22234200,I,1000,0,Total,Total,0,,1,1,PRIDLCMID2,,2008-09,DHS,3258,3256,,,
KEN,297005,Ideal number of children [Men]: 3,24.6,1,KE,Kenya,2008,KE2008DHS,PR_IDLC_M_ID3,22234210,I,1000,0,Total,Total,0,,1,1,PRIDLCMID3,,2008-09,DHS,3258,3256,,,
KEN,297004,Ideal number of children [Men]: 4,28.7,1,KE,Kenya,2008,KE2008DHS,PR_IDLC_M_ID4,22234220,I,1000,0,Total,Total,0,,1,1,PRIDLCMID4,,2008-09,DHS,3258,3256,,,
KEN,297006,Ideal number of children [Men]: 5,8.8,1,KE,Kenya,2008,KE2008DHS,PR_IDLC_M_ID5,22234230,I,1000,0,Total,Total,0,,1,1,PRIDLCMID5,,2008-09,DHS,3258,3256,,,
KEN,297007,Ideal number of children [Men]: 6+,12.9,1,KE,Kenya,2008,KE2008DHS,PR_IDLC_M_ID6,22234240,I,1000,0,Total,Total,0,,1,1,PRIDLCMID6,,2008-09,DHS,3258,3256,,,
KEN,297012,Ideal number of children [Men]: Non-numeric response,4.1,1,KE,Kenya,2008,KE2008DHS,PR_IDLC_M_IDN,22234250,I,1000,0,Total,Total,0,,1,1,PRIDLCMIDN,,2008-09,DHS,3258,3256,,,
KEN,654118,Mean ideal number of children for all men,4,1,KE,Kenya,2008,KE2008DHS,PR_IDLC_M_MNA,22234290,I,1000,0,Total,Total,0,,1,1,PRIDLCMMNA,,2008-09,DHS,3123,3095,,,
KEN,666010,Mean ideal number of children for currently married men,4.4,1,KE,Kenya,2008,KE2008DHS,PR_IDLC_M_MNM,22234320,I,1000,0,Total,Total,0,,1,1,PRIDLCMMNM,,2008-09,DHS,1503,1539,,,
KEN,753733,Mean ideal number of children for all men 15-54(59),4.2,1,KE,Kenya,2008,KE2008DHS,PR_IDLC_M_M5A,22234350,I,1000,0,Total,Total,0,,1,1,PRIDLCMM5A,,2008-09,DHS,3308,3278,,,
KEN,555443,Mean ideal number of children for currently married men 15-54(59),4.6,1,KE,Kenya,2008,KE2008DHS,PR_IDLC_M_M5M,22234380,I,1000,0,Total,Total,0,,1,1,PRIDLCMM5M,,2008-09,DHS,1672,1708,,,
KEN,527194,Knowledge of any method of contraception (all men),97,1,KE,Kenya,2008,KE2008DHS,FP_KMTA_M_ANY,32364010,I,1000,0,Total,Total,0,,1,1,FPKMTAMANY,,2008-09,DHS,3258,3256,,,
KEN,527198,Knowledge of any modern method of contraception (all men),96.9,1,KE,Kenya,2008,KE2008DHS,FP_KMTA_M_MOD,32364020,I,1000,0,Total,Total,0,,1,1,FPKMTAMMOD,,2008-09,DHS,3258,3256,,,
KEN,527195,Knowledge of female sterilization (all men),58.1,1,KE,Kenya,2008,KE2008DHS,FP_KMTA_M_FST,32364030,I,1000,0,Total,Total,0,,1,1,FPKMTAMFST,,2008-09,DHS,3258,3256,,,
KEN,527187,Knowledge of male sterilization (all men),48.2,1,KE,Kenya,2008,KE2008DHS,FP_KMTA_M_MST,32364040,I,1000,0,Total,Total,0,,1,1,FPKMTAMMST,,2008-09,DHS,3258,3256,,,
KEN,527188,Knowledge of pill (all men),80.6,1,KE,Kenya,2008,KE2008DHS,FP_KMTA_M_PIL,32364050,I,1000,0,Total,Total,0,,1,1,FPKMTAMPIL,,2008-09,DHS,3258,3256,,,
KEN,527189,Knowledge of IUD (all men),40.2,1,KE,Kenya,2008,KE2008DHS,FP_KMTA_M_IUD,32364060,I,1000,0,Total,Total,0,,1,1,FPKMTAMIUD,,2008-09,DHS,3258,3256,,,
KEN,527190,Knowledge of injections (all men),74,1,KE,Kenya,2008,KE2008DHS,FP_KMTA_M_INJ,32364070,I,1000,0,Total,Total,0,,1,1,FPKMTAMINJ,,2008-09,DHS,3258,3256,,,
KEN,527199,Knowledge of implants (all men),37.6,1,KE,Kenya,2008,KE2008DHS,FP_KMTA_M_IMP,32364090,I,1000,0,Total,Total,0,,1,1,FPKMTAMIMP,,2008-09,DHS,3258,3256,,,
KEN,527196,Knowledge of condom (all men),96.1,1,KE,Kenya,2008,KE2008DHS,FP_KMTA_M_MCN,32364100,I,1000,0,Total,Total,0,,1,1,FPKMTAMMCN,,2008-09,DHS,3258,3256,,,
KEN,527200,Knowledge of female condom (all men),61.6,1,KE,Kenya,2008,KE2008DHS,FP_KMTA_M_FCN,32364110,I,1000,0,Total,Total,0,,1,1,FPKMTAMFCN,,2008-09,DHS,3258,3256,,,
KEN,527202,Knowledge of lactational amenorrhea method (all men),13.7,1,KE,Kenya,2008,KE2008DHS,FP_KMTA_M_LAM,32364120,I,1000,0,Total,Total,0,,1,1,FPKMTAMLAM,,2008-09,DHS,3258,3256,,,
KEN,527203,Knowledge of emergency contraception (all men),35.7,1,KE,Kenya,2008,KE2008DHS,FP_KMTA_M_EMC,32364130,I,1000,0,Total,Total,0,,1,1,FPKMTAMEMC,,2008-09,DHS,3258,3256,,,
KEN,527197,Knowledge of any traditional method (all men),69.5,1,KE,Kenya,2008,KE2008DHS,FP_KMTA_M_TRA,32364190,I,1000,0,Total,Total,0,,1,1,FPKMTAMTRA,,2008-09,DHS,3258,3256,,,
KEN,527191,Knowledge of periodic abstinence (all men),63.4,1,KE,Kenya,2008,KE2008DHS,FP_KMTA_M_RHY,32364200,I,1000,0,Total,Total,0,,1,1,FPKMTAMRHY,,2008-09,DHS,3258,3256,,,
KEN,527192,Knowledge of withdrawal (all men),51.4,1,KE,Kenya,2008,KE2008DHS,FP_KMTA_M_WTH,32364210,I,1000,0,Total,Total,0,,1,1,FPKMTAMWTH,,2008-09,DHS,3258,3256,,,
KEN,527201,Mean number of methods known (all men),6.6,1,KE,Kenya,2008,KE2008DHS,FP_KMTA_M_MNM,32364270,I,1000,0,Total,Total,0,,1,1,FPKMTAMMNM,,2008-09,DHS,3258,3256,,,
KEN,448078,Knowledge of any method of contraception (married men),98.4,1,KE,Kenya,2008,KE2008DHS,FP_KMTM_M_ANY,32404010,I,1000,0,Total,Total,0,,1,1,FPKMTMMANY,,2008-09,DHS,1592,1632,,,
KEN,448080,Knowledge of any modern method of contraception (married men),98.1,1,KE,Kenya,2008,KE2008DHS,FP_KMTM_M_MOD,32404020,I,1000,0,Total,Total,0,,1,1,FPKMTMMMOD,,2008-09,DHS,1592,1632,,,
KEN,448079,Knowledge of female sterilization (married men),67.5,1,KE,Kenya,2008,KE2008DHS,FP_KMTM_M_FST,32404030,I,1000,0,Total,Total,0,,1,1,FPKMTMMFST,,2008-09,DHS,1592,1632,,,
KEN,448053,Knowledge of male sterilization (married men),58.6,1,KE,Kenya,2008,KE2008DHS,FP_KMTM_M_MST,32404040,I,1000,0,Total,Total,0,,1,1,FPKMTMMMST,,2008-09,DHS,1592,1632,,,
KEN,448058,Knowledge of pill (married men),88.3,1,KE,Kenya,2008,KE2008DHS,FP_KMTM_M_PIL,32404050,I,1000,0,Total,Total,0,,1,1,FPKMTMMPIL,,2008-09,DHS,1592,1632,,,
KEN,448059,Knowledge of IUD (married men),51.8,1,KE,Kenya,2008,KE2008DHS,FP_KMTM_M_IUD,32404060,I,1000,0,Total,Total,0,,1,1,FPKMTMMIUD,,2008-09,DHS,1592,1632,,,
KEN,448060,Knowledge of injections (married men),86,1,KE,Kenya,2008,KE2008DHS,FP_KMTM_M_INJ,32404070,I,1000,0,Total,Total,0,,1,1,FPKMTMMINJ,,2008-09,DHS,1592,1632,,,
KEN,448054,Knowledge of implants (married men),50.5,1,KE,Kenya,2008,KE2008DHS,FP_KMTM_M_IMP,32404090,I,1000,0,Total,Total,0,,1,1,FPKMTMMIMP,,2008-09,DHS,1592,1632,,,
KEN,448082,Knowledge of condom (married men),97.5,1,KE,Kenya,2008,KE2008DHS,FP_KMTM_M_MCN,32404100,I,1000,0,Total,Total,0,,1,1,FPKMTMMMCN,,2008-09,DHS,1592,1632,,,
KEN,448055,Knowledge of female condom (married men),68.8,1,KE,Kenya,2008,KE2008DHS,FP_KMTM_M_FCN,32404110,I,1000,0,Total,Total,0,,1,1,FPKMTMMFCN,,2008-09,DHS,1592,1632,,,
KEN,448087,Knowledge of lactational amenorrhea method (married men),19.5,1,KE,Kenya,2008,KE2008DHS,FP_KMTM_M_LAM,32404120,I,1000,0,Total,Total,0,,1,1,FPKMTMMLAM,,2008-09,DHS,1592,1632,,,
KEN,448081,Knowledge of emergency contraception (married men),41.1,1,KE,Kenya,2008,KE2008DHS,FP_KMTM_M_EMC,32404130,I,1000,0,Total,Total,0,,1,1,FPKMTMMEMC,,2008-09,DHS,1592,1632,,,
KEN,448051,Knowledge of any traditional method (married men),79.5,1,KE,Kenya,2008,KE2008DHS,FP_KMTM_M_TRA,32404190,I,1000,0,Total,Total,0,,1,1,FPKMTMMTRA,,2008-09,DHS,1592,1632,,,
KEN,448056,Knowledge of periodic abstinence (married men),74.3,1,KE,Kenya,2008,KE2008DHS,FP_KMTM_M_RHY,32404200,I,1000,0,Total,Total,0,,1,1,FPKMTMMRHY,,2008-09,DHS,1592,1632,,,
KEN,448052,Knowledge of withdrawal (married men),62.1,1,KE,Kenya,2008,KE2008DHS,FP_KMTM_M_WTH,32404210,I,1000,0,Total,Total,0,,1,1,FPKMTMMWTH,,2008-09,DHS,1592,1632,,,
KEN,448057,Mean number of contraceptive methods known (married men age 15-49),7.7,1,KE,Kenya,2008,KE2008DHS,FP_KMTM_M_MNM,32404270,I,1000,0,Total,Total,0,,1,1,FPKMTMMMNM,,2008-09,DHS,1592,1632,,,
KEN,753734,Knowledge of any method of contraception (sexually active unmmarried men),98.8,1,KE,Kenya,2008,KE2008DHS,FP_KMTU_M_ANY,32434010,I,1000,0,Total,Total,0,,1,1,FPKMTUMANY,,2008-09,DHS,294,291,,,
KEN,753737,Knowledge of any modern method of contraception (sexually active unmmarried men),98.8,1,KE,Kenya,2008,KE2008DHS,FP_KMTU_M_MOD,32434020,I,1000,0,Total,Total,0,,1,1,FPKMTUMMOD,,2008-09,DHS,294,291,,,
KEN,753735,Knowledge of female sterilization (sexually active unmmarried men),53.3,1,KE,Kenya,2008,KE2008DHS,FP_KMTU_M_FST,32434030,I,1000,0,Total,Total,0,,1,1,FPKMTUMFST,,2008-09,DHS,294,291,,,
KEN,753738,Knowledge of male sterilization (sexually active unmmarried men),43.5,1,KE,Kenya,2008,KE2008DHS,FP_KMTU_M_MST,32434040,I,1000,0,Total,Total,0,,1,1,FPKMTUMMST,,2008-09,DHS,294,291,,,
KEN,753736,Knowledge of pill (sexually active unmmarried men),81.1,1,KE,Kenya,2008,KE2008DHS,FP_KMTU_M_PIL,32434050,I,1000,0,Total,Total,0,,1,1,FPKMTUMPIL,,2008-09,DHS,294,291,,,
KEN,753739,Knowledge of IUD (sexually active unmmarried men),32.8,1,KE,Kenya,2008,KE2008DHS,FP_KMTU_M_IUD,32434060,I,1000,0,Total,Total,0,,1,1,FPKMTUMIUD,,2008-09,DHS,294,291,,,
KEN,753741,Knowledge of injections (sexually active unmmarried men),68.1,1,KE,Kenya,2008,KE2008DHS,FP_KMTU_M_INJ,32434070,I,1000,0,Total,Total,0,,1,1,FPKMTUMINJ,,2008-09,DHS,294,291,,,
KEN,753742,Knowledge of implants (sexually active unmmarried men),33.9,1,KE,Kenya,2008,KE2008DHS,FP_KMTU_M_IMP,32434090,I,1000,0,Total,Total,0,,1,1,FPKMTUMIMP,,2008-09,DHS,294,291,,,
KEN,753743,Knowledge of condom (sexually active unmmarried men),98.3,1,KE,Kenya,2008,KE2008DHS,FP_KMTU_M_MCN,32434100,I,1000,0,Total,Total,0,,1,1,FPKMTUMMCN,,2008-09,DHS,294,291,,,
KEN,753747,Knowledge of female condom (sexually active unmmarried men),60.2,1,KE,Kenya,2008,KE2008DHS,FP_KMTU_M_FCN,32434110,I,1000,0,Total,Total,0,,1,1,FPKMTUMFCN,,2008-09,DHS,294,291,,,
KEN,753740,Knowledge of lactational amenorrhea method (sexually active unmmarried men),12.1,1,KE,Kenya,2008,KE2008DHS,FP_KMTU_M_LAM,32434120,I,1000,0,Total,Total,0,,1,1,FPKMTUMLAM,,2008-09,DHS,294,291,,,
KEN,753748,Knowledge of emergency contraception (sexually active unmmarried men),38.4,1,KE,Kenya,2008,KE2008DHS,FP_KMTU_M_EMC,32434130,I,1000,0,Total,Total,0,,1,1,FPKMTUMEMC,,2008-09,DHS,294,291,,,
KEN,753745,Knowledge of any traditional method (sexually active unmmarried men),62.9,1,KE,Kenya,2008,KE2008DHS,FP_KMTU_M_TRA,32434190,I,1000,0,Total,Total,0,,1,1,FPKMTUMTRA,,2008-09,DHS,294,291,,,
KEN,753749,Knowledge of periodic abstinence (sexually active unmmarried men),56.7,1,KE,Kenya,2008,KE2008DHS,FP_KMTU_M_RHY,32434200,I,1000,0,Total,Total,0,,1,1,FPKMTUMRHY,,2008-09,DHS,294,291,,,
KEN,753746,Knowledge of withdrawal (sexually active unmmarried men),46.4,1,KE,Kenya,2008,KE2008DHS,FP_KMTU_M_WTH,32434210,I,1000,0,Total,Total,0,,1,1,FPKMTUMWTH,,2008-09,DHS,294,291,,,
KEN,753750,Mean number of methods known by sexually active unmarried men age 15-49,6.3,1,KE,Kenya,2008,KE2008DHS,FP_KMTU_M_MNM,32434270,I,1000,0,Total,Total,0,,1,1,FPKMTUMMNM,,2008-09,DHS,294,291,,,
KEN,581001,Knowledge of any method of contraception among married men,98.4,1,KE,Kenya,2008,KE2008DHS,FP_KMET_M_ANY,32464050,I,10000,10000,Total 15-49,Total 15-49,0,,1,1,FPKMETMANY,,2008-09,DHS,1592,1632,,,
KEN,581000,Knowledge of any modern method of contraception amonth married men,98.1,1,KE,Kenya,2008,KE2008DHS,FP_KMET_M_MOD,32464060,I,10000,10000,Total 15-49,Total 15-49,0,,1,1,FPKMETMMOD,,2008-09,DHS,1592,1632,,,
KEN,527204,Ever use of any method of contraception (all men),67.2,1,KE,Kenya,2008,KE2008DHS,FP_EVUA_M_ANY,32504010,I,1000,0,Total,Total,0,,1,1,FPEVUAMANY,,2008-09,DHS,3258,3256,,,
KEN,527205,Ever use of any modern method of contraception (all men),61.9,1,KE,Kenya,2008,KE2008DHS,FP_EVUA_M_MOD,32504020,I,1000,0,Total,Total,0,,1,1,FPEVUAMMOD,,2008-09,DHS,3258,3256,,,
KEN,527206,Ever use of female sterilization (all men),1.9,1,KE,Kenya,2008,KE2008DHS,FP_EVUA_M_FST,32504030,I,1000,0,Total,Total,0,,1,1,FPEVUAMFST,,2008-09,DHS,3258,3256,,,
KEN,527208,Ever use of male sterilization (all men),0,1,KE,Kenya,2008,KE2008DHS,FP_EVUA_M_MST,32504040,I,1000,0,Total,Total,0,,1,1,FPEVUAMMST,,2008-09,DHS,3258,3256,,,
KEN,527207,Ever use of pill (all men),19.3,1,KE,Kenya,2008,KE2008DHS,FP_EVUA_M_PIL,32504050,I,1000,0,Total,Total,0,,1,1,FPEVUAMPIL,,2008-09,DHS,3258,3256,,,
KEN,527209,Ever use of IUD (all men),2.2,1,KE,Kenya,2008,KE2008DHS,FP_EVUA_M_IUD,32504060,I,1000,0,Total,Total,0,,1,1,FPEVUAMIUD,,2008-09,DHS,3258,3256,,,
KEN,527215,Ever use of injections (all men),18.8,1,KE,Kenya,2008,KE2008DHS,FP_EVUA_M_INJ,32504070,I,1000,0,Total,Total,0,,1,1,FPEVUAMINJ,,2008-09,DHS,3258,3256,,,
KEN,527212,Ever use of implants (all men),1.8,1,KE,Kenya,2008,KE2008DHS,FP_EVUA_M_IMP,32504090,I,1000,0,Total,Total,0,,1,1,FPEVUAMIMP,,2008-09,DHS,3258,3256,,,
KEN,527213,Ever use of condom (all men),48.5,1,KE,Kenya,2008,KE2008DHS,FP_EVUA_M_MCN,32504100,I,1000,0,Total,Total,0,,1,1,FPEVUAMMCN,,2008-09,DHS,3258,3256,,,
KEN,527214,Ever use of female condom (all men),1.5,1,KE,Kenya,2008,KE2008DHS,FP_EVUA_M_FCN,32504110,I,1000,0,Total,Total,0,,1,1,FPEVUAMFCN,,2008-09,DHS,3258,3256,,,
KEN,527216,Ever use of lactational amenorrhea (all men),1.5,1,KE,Kenya,2008,KE2008DHS,FP_EVUA_M_LAM,32504120,I,1000,0,Total,Total,0,,1,1,FPEVUAMLAM,,2008-09,DHS,3258,3256,,,
KEN,527210,Ever use of emergency contraception (all men),2.1,1,KE,Kenya,2008,KE2008DHS,FP_EVUA_M_EMC,32504130,I,1000,0,Total,Total,0,,1,1,FPEVUAMEMC,,2008-09,DHS,3258,3256,,,
KEN,527220,Ever use of any traditional method (all men),33.8,1,KE,Kenya,2008,KE2008DHS,FP_EVUA_M_TRA,32504190,I,1000,0,Total,Total,0,,1,1,FPEVUAMTRA,,2008-09,DHS,3258,3256,,,
KEN,527211,Ever use of periodic abstinence (all men),29.8,1,KE,Kenya,2008,KE2008DHS,FP_EVUA_M_RHY,32504200,I,1000,0,Total,Total,0,,1,1,FPEVUAMRHY,,2008-09,DHS,3258,3256,,,
KEN,527218,Ever use of withdrawal (all men),12.6,1,KE,Kenya,2008,KE2008DHS,FP_EVUA_M_WTH,32504210,I,1000,0,Total,Total,0,,1,1,FPEVUAMWTH,,2008-09,DHS,3258,3256,,,
KEN,448065,Ever use of any method of contraception (married men),83.6,1,KE,Kenya,2008,KE2008DHS,FP_EVUM_M_ANY,32534010,I,1000,0,Total,Total,0,,1,1,FPEVUMMANY,,2008-09,DHS,1592,1632,,,
KEN,448063,Ever use of any modern method of contraception (married men),75.1,1,KE,Kenya,2008,KE2008DHS,FP_EVUM_M_MOD,32534020,I,1000,0,Total,Total,0,,1,1,FPEVUMMMOD,,2008-09,DHS,1592,1632,,,
KEN,448066,Ever use of female sterilization (married men),3.9,1,KE,Kenya,2008,KE2008DHS,FP_EVUM_M_FST,32534030,I,1000,0,Total,Total,0,,1,1,FPEVUMMFST,,2008-09,DHS,1592,1632,,,
KEN,448064,Ever use of male sterilization (married men),0.1,1,KE,Kenya,2008,KE2008DHS,FP_EVUM_M_MST,32534040,I,1000,0,Total,Total,0,,1,1,FPEVUMMMST,,2008-09,DHS,1592,1632,,,
KEN,448062,Ever use of pill (married men),34.5,1,KE,Kenya,2008,KE2008DHS,FP_EVUM_M_PIL,32534050,I,1000,0,Total,Total,0,,1,1,FPEVUMMPIL,,2008-09,DHS,1592,1632,,,
KEN,448067,Ever use of IUD (married men),4,1,KE,Kenya,2008,KE2008DHS,FP_EVUM_M_IUD,32534060,I,1000,0,Total,Total,0,,1,1,FPEVUMMIUD,,2008-09,DHS,1592,1632,,,
KEN,448076,Ever use of injections (married men),35.9,1,KE,Kenya,2008,KE2008DHS,FP_EVUM_M_INJ,32534070,I,1000,0,Total,Total,0,,1,1,FPEVUMMINJ,,2008-09,DHS,1592,1632,,,
KEN,448068,Ever use of implants (married men),3.6,1,KE,Kenya,2008,KE2008DHS,FP_EVUM_M_IMP,32534090,I,1000,0,Total,Total,0,,1,1,FPEVUMMIMP,,2008-09,DHS,1592,1632,,,
KEN,448071,Ever use of condom (married men),49.3,1,KE,Kenya,2008,KE2008DHS,FP_EVUM_M_MCN,32534100,I,1000,0,Total,Total,0,,1,1,FPEVUMMMCN,,2008-09,DHS,1592,1632,,,
KEN,448069,Ever use of female condom (married men),1.3,1,KE,Kenya,2008,KE2008DHS,FP_EVUM_M_FCN,32534110,I,1000,0,Total,Total,0,,1,1,FPEVUMMFCN,,2008-09,DHS,1592,1632,,,
KEN,448072,Ever use of lactational amenorrhea (married men),2.9,1,KE,Kenya,2008,KE2008DHS,FP_EVUM_M_LAM,32534120,I,1000,0,Total,Total,0,,1,1,FPEVUMMLAM,,2008-09,DHS,1592,1632,,,
KEN,448075,Ever use of emergency contraception (married men),2.7,1,KE,Kenya,2008,KE2008DHS,FP_EVUM_M_EMC,32534130,I,1000,0,Total,Total,0,,1,1,FPEVUMMEMC,,2008-09,DHS,1592,1632,,,
KEN,448073,Ever use of any traditional method (married men),49.4,1,KE,Kenya,2008,KE2008DHS,FP_EVUM_M_TRA,32534190,I,1000,0,Total,Total,0,,1,1,FPEVUMMTRA,,2008-09,DHS,1592,1632,,,
KEN,448070,Ever use of periodic abstinence (married men),44.4,1,KE,Kenya,2008,KE2008DHS,FP_EVUM_M_RHY,32534200,I,1000,0,Total,Total,0,,1,1,FPEVUMMRHY,,2008-09,DHS,1592,1632,,,
KEN,448074,Ever use of withdrawal (married men),18.8,1,KE,Kenya,2008,KE2008DHS,FP_EVUM_M_WTH,32534210,I,1000,0,Total,Total,0,,1,1,FPEVUMMWTH,,2008-09,DHS,1592,1632,,,
KEN,753757,Ever use of any method of contraception (sexually active unmarried men),90.3,1,KE,Kenya,2008,KE2008DHS,FP_EVUU_M_ANY,32564010,I,1000,0,Total,Total,0,,1,1,FPEVUUMANY,,2008-09,DHS,294,291,,,
KEN,753768,Ever use of any modern method of contraception (sexually active unmarried men),88.6,1,KE,Kenya,2008,KE2008DHS,FP_EVUU_M_MOD,32564020,I,1000,0,Total,Total,0,,1,1,FPEVUUMMOD,,2008-09,DHS,294,291,,,
KEN,753769,Ever use of female sterilization (sexually active unmarried men),0.1,1,KE,Kenya,2008,KE2008DHS,FP_EVUU_M_FST,32564030,I,1000,0,Total,Total,0,,1,1,FPEVUUMFST,,2008-09,DHS,294,291,,,
KEN,753770,Ever use of pill (sexually active unmarried men),8.7,1,KE,Kenya,2008,KE2008DHS,FP_EVUU_M_PIL,32564050,I,1000,0,Total,Total,0,,1,1,FPEVUUMPIL,,2008-09,DHS,294,291,,,
KEN,753758,Ever use of IUD (sexually active unmarried men),0,1,KE,Kenya,2008,KE2008DHS,FP_EVUU_M_IUD,32564060,I,1000,0,Total,Total,0,,1,1,FPEVUUMIUD,,2008-09,DHS,294,291,,,
KEN,753751,Ever use of injections (sexually active unmarried men),4.6,1,KE,Kenya,2008,KE2008DHS,FP_EVUU_M_INJ,32564070,I,1000,0,Total,Total,0,,1,1,FPEVUUMINJ,,2008-09,DHS,294,291,,,
KEN,753752,Ever use of implants (sexually active unmarried men),0.2,1,KE,Kenya,2008,KE2008DHS,FP_EVUU_M_IMP,32564090,I,1000,0,Total,Total,0,,1,1,FPEVUUMIMP,,2008-09,DHS,294,291,,,
KEN,753753,Ever use of condom (sexually active unmarried men),86,1,KE,Kenya,2008,KE2008DHS,FP_EVUU_M_MCN,32564100,I,1000,0,Total,Total,0,,1,1,FPEVUUMMCN,,2008-09,DHS,294,291,,,
KEN,753754,Ever use of female condom (sexually active unmarried men),2.9,1,KE,Kenya,2008,KE2008DHS,FP_EVUU_M_FCN,32564110,I,1000,0,Total,Total,0,,1,1,FPEVUUMFCN,,2008-09,DHS,294,291,,,
KEN,753755,Ever use of lactational amenorrhea (sexually active unmarried men),0.8,1,KE,Kenya,2008,KE2008DHS,FP_EVUU_M_LAM,32564120,I,1000,0,Total,Total,0,,1,1,FPEVUUMLAM,,2008-09,DHS,294,291,,,
KEN,753756,Ever use of emergency contraception (sexually active unmarried men),5.2,1,KE,Kenya,2008,KE2008DHS,FP_EVUU_M_EMC,32564130,I,1000,0,Total,Total,0,,1,1,FPEVUUMEMC,,2008-09,DHS,294,291,,,
KEN,753771,Ever use of any traditional method (sexually active unmarried men),27.2,1,KE,Kenya,2008,KE2008DHS,FP_EVUU_M_TRA,32564190,I,1000,0,Total,Total,0,,1,1,FPEVUUMTRA,,2008-09,DHS,294,291,,,
KEN,753772,Ever use of periodic abstinence (sexually active unmarried men),22.4,1,KE,Kenya,2008,KE2008DHS,FP_EVUU_M_RHY,32564200,I,1000,0,Total,Total,0,,1,1,FPEVUUMRHY,,2008-09,DHS,294,291,,,
KEN,753773,Ever use of withdrawal (sexually active unmarried men),12.1,1,KE,Kenya,2008,KE2008DHS,FP_EVUU_M_WTH,32564210,I,1000,0,Total,Total,0,,1,1,FPEVUUMWTH,,2008-09,DHS,294,291,,,
KEN,471451,Family planning messages on the radio [Men],71.3,1,KE,Kenya,2008,KE2008DHS,FP_EFPM_M_RDO,33104070,I,10000,10000,Total 15-49,Total 15-49,0,,1,1,FPEFPMMRDO,,2008-09,DHS,3258,3256,,,
KEN,471452,Family planning messages on television [Men],39,1,KE,Kenya,2008,KE2008DHS,FP_EFPM_M_TLV,33104080,I,10000,10000,Total 15-49,Total 15-49,0,,1,1,FPEFPMMTLV,,2008-09,DHS,3258,3256,,,
KEN,471454,Family planning messages in newspapers or magazines [Men],40.2,1,KE,Kenya,2008,KE2008DHS,FP_EFPM_M_NWS,33104090,I,10000,10000,Total 15-49,Total 15-49,0,,1,1,FPEFPMMNWS,,2008-09,DHS,3258,3256,,,
KEN,471455,Family planning messages in none of these three media [Men],22.9,1,KE,Kenya,2008,KE2008DHS,FP_EFPM_M_NON,33104100,I,10000,10000,Total 15-49,Total 15-49,0,,1,1,FPEFPMMNON,,2008-09,DHS,3258,3256,,,
KEN,273883,Current marital status [Men]: Never married,46.8,1,KE,Kenya,2008,KE2008DHS,MA_MSTA_M_NMA,41504120,I,10000,10000,Total 15-49,Total 15-49,0,,1,1,MAMSTAMNMA,,2008-09,DHS,3258,3256,,,
KEN,273884,Current marital status [Men]: Married,46.9,1,KE,Kenya,2008,KE2008DHS,MA_MSTA_M_MAR,41504130,I,10000,10000,Total 15-49,Total 15-49,0,,1,1,MAMSTAMMAR,,2008-09,DHS,3258,3256,,,
KEN,273885,Current marital status [Men]: Living together,2,1,KE,Kenya,2008,KE2008DHS,MA_MSTA_M_LTG,41504140,I,10000,10000,Total 15-49,Total 15-49,0,,1,1,MAMSTAMLTG,,2008-09,DHS,3258,3256,,,
KEN,273887,Current marital status [Men]: Divorced,0.7,1,KE,Kenya,2008,KE2008DHS,MA_MSTA_M_DIV,41504150,I,10000,10000,Total 15-49,Total 15-49,0,,1,1,MAMSTAMDIV,,2008-09,DHS,3258,3256,,,
KEN,273886,Current marital status [Men]: Not living together,3,1,KE,Kenya,2008,KE2008DHS,MA_MSTA_M_SEP,41504160,I,10000,10000,Total 15-49,Total 15-49,0,,1,1,MAMSTAMSEP,,2008-09,DHS,3258,3256,,,
KEN,273888,Current marital status [Men]: Widowed,0.6,1,KE,Kenya,2008,KE2008DHS,MA_MSTA_M_WID,41504170,I,10000,10000,Total 15-49,Total 15-49,0,,1,1,MAMSTAMWID,,2008-09,DHS,3258,3256,,,
KEN,273870,Current marital status [Men]: Married or living in union,48.9,1,KE,Kenya,2008,KE2008DHS,MA_MSTA_M_UNI,41504200,I,10000,10000,Total 15-49,Total 15-49,0,,1,1,MAMSTAMUNI,,2008-09,DHS,3258,3256,,,
KEN,394906,Number of wives: One wife,93.1,1,KE,Kenya,2008,KE2008DHS,MA_WIVE_M_1WV,41564010,I,10000,10000,Total 15-49,Total 15-49,0,,1,1,MAWIVEM1WV,,2008-09,DHS,1592,1632,,,
KEN,394907,Number of wives: Two or more wives,6.8,1,KE,Kenya,2008,KE2008DHS,MA_WIVE_M_2PW,41564020,I,10000,10000,Total 15-49,Total 15-49,0,,1,1,MAWIVEM2PW,,2008-09,DHS,1592,1632,,,
KEN,601921,Men first married by exact age 15,0.5,1,KE,Kenya,2008,KE2008DHS,MA_MBAG_M_B15,41604100,I,12001,12001,Total 25-49,Total 25-49,0,,1,1,MAMBAGMB15,,2008-09,DHS,1852,1873,,,
KEN,601922,Men first married by exact age 18,4.3,1,KE,Kenya,2008,KE2008DHS,MA_MBAG_M_B18,41604110,I,12001,12001,Total 25-49,Total 25-49,0,,1,1,MAMBAGMB18,,2008-09,DHS,1852,1873,,,
KEN,601923,Men first married by exact age 20,11.6,1,KE,Kenya,2008,KE2008DHS,MA_MBAG_M_B20,41604120,I,12001,12001,Total 25-49,Total 25-49,0,,1,1,MAMBAGMB20,,2008-09,DHS,1852,1873,,,
KEN,601919,Men first married by exact age 22,23.4,1,KE,Kenya,2008,KE2008DHS,MA_MBAG_M_B22,41604130,I,12001,12001,Total 25-49,Total 25-49,0,,1,1,MAMBAGMB22,,2008-09,DHS,1852,1873,,,
KEN,601924,Men first married by exact age 25,47.8,1,KE,Kenya,2008,KE2008DHS,MA_MBAG_M_B25,41604140,I,12001,12001,Total 25-49,Total 25-49,0,,1,1,MAMBAGMB25,,2008-09,DHS,1852,1873,,,
KEN,601920,Men never married,12.4,1,KE,Kenya,2008,KE2008DHS,MA_MBAG_M_NMA,41604170,I,12001,12001,Total 25-49,Total 25-49,0,,1,1,MAMBAGMNMA,,2008-09,DHS,1852,1873,,,
KEN,63049,Median age at first marriage [Men]: 30-34,24.8,1,KE,Kenya,2008,KE2008DHS,MA_AAFM_M_M30,41634120,I,1000,0,Total,Total,0,,1,1,MAAAFMMM30,,2008-09,DHS,,,,,
KEN,63048,Median age at first marriage [Men]: 35-39,25.8,1,KE,Kenya,2008,KE2008DHS,MA_AAFM_M_M35,41634130,I,1000,0,Total,Total,0,,1,1,MAAAFMMM35,,2008-09,DHS,,,,,
KEN,63050,Median age at first marriage [Men]: 40-44,25.4,1,KE,Kenya,2008,KE2008DHS,MA_AAFM_M_M40,41634140,I,1000,0,Total,Total,0,,1,1,MAAAFMMM40,,2008-09,DHS,,,,,
KEN,63051,Median age at first marriage [Men]: 45-49,25.2,1,KE,Kenya,2008,KE2008DHS,MA_AAFM_M_M45,41634150,I,1000,0,Total,Total,0,,1,1,MAAAFMMM45,,2008-09,DHS,,,,,
KEN,63052,Median age at first marriage [Men]: 50-54,24.3,1,KE,Kenya,2008,KE2008DHS,MA_AAFM_M_M50,41634160,I,1000,0,Total,Total,0,,1,1,MAAAFMMM50,,2008-09,DHS,,,,,
KEN,593546,First sexual intercourse by exact age 15 [Men],17.5,1,KE,Kenya,2008,KE2008DHS,SX_SBAG_M_B15,51664100,I,12001,12001,Total 25-49,Total 25-49,0,,1,1,SXSBAGMB15,,2008-09,DHS,1852,1873,,,
KEN,593545,First sexual intercourse by exact age 18 [Men],54.5,1,KE,Kenya,2008,KE2008DHS,SX_SBAG_M_B18,51664110,I,12001,12001,Total 25-49,Total 25-49,0,,1,1,SXSBAGMB18,,2008-09,DHS,1852,1873,,,
KEN,593547,First sexual intercourse by exact age 20 [Men],74.4,1,KE,Kenya,2008,KE2008DHS,SX_SBAG_M_B20,51664120,I,12001,12001,Total 25-49,Total 25-49,0,,1,1,SXSBAGMB20,,2008-09,DHS,1852,1873,,,
KEN,593548,First sexual intercourse by exact age 22 [Men],86,1,KE,Kenya,2008,KE2008DHS,SX_SBAG_M_B22,51664130,I,12001,12001,Total 25-49,Total 25-49,0,,1,1,SXSBAGMB22,,2008-09,DHS,1852,1873,,,
KEN,593552,First sexual intercourse by exact age 25 [Men],92.1,1,KE,Kenya,2008,KE2008DHS,SX_SBAG_M_B25,51664140,I,12001,12001,Total 25-49,Total 25-49,0,,1,1,SXSBAGMB25,,2008-09,DHS,1852,1873,,,
KEN,593553,Never had sexual intercourse [Men],0.8,1,KE,Kenya,2008,KE2008DHS,SX_SBAG_M_NSX,51664150,I,12001,12001,Total 25-49,Total 25-49,0,,1,1,SXSBAGMNSX,,2008-09,DHS,1852,1873,,,
KEN,63068,Median age at first sexual intercourse [Men]: 20-24,17.1,1,KE,Kenya,2008,KE2008DHS,SX_AAFS_M_M20,51704100,I,1000,0,Total,Total,0,,1,1,SXAAFSMM20,,2008-09,DHS,,,,,
KEN,63076,Median age at first sexual intercourse [Men]: 25-29,17.8,1,KE,Kenya,2008,KE2008DHS,SX_AAFS_M_M25,51704110,I,1000,0,Total,Total,0,,1,1,SXAAFSMM25,,2008-09,DHS,,,,,
KEN,63077,Median age at first sexual intercourse [Men]: 30-34,17.4,1,KE,Kenya,2008,KE2008DHS,SX_AAFS_M_M30,51704120,I,1000,0,Total,Total,0,,1,1,SXAAFSMM30,,2008-09,DHS,,,,,
KEN,63078,Median age at first sexual intercourse [Men]: 35-39,17.7,1,KE,Kenya,2008,KE2008DHS,SX_AAFS_M_M35,51704130,I,1000,0,Total,Total,0,,1,1,SXAAFSMM35,,2008-09,DHS,,,,,
KEN,63079,Median age at first sexual intercourse [Men]: 40-44,17.7,1,KE,Kenya,2008,KE2008DHS,SX_AAFS_M_M40,51704140,I,1000,0,Total,Total,0,,1,1,SXAAFSMM40,,2008-09,DHS,,,,,
KEN,63069,Median age at first sexual intercourse [Men]: 45-49,17.8,1,KE,Kenya,2008,KE2008DHS,SX_AAFS_M_M45,51704150,I,1000,0,Total,Total,0,,1,1,SXAAFSMM45,,2008-09,DHS,,,,,
KEN,63065,Median age at first sexual intercourse [Men]: 50-54,18.1,1,KE,Kenya,2008,KE2008DHS,SX_AAFS_M_M50,51704160,I,1000,0,Total,Total,0,,1,1,SXAAFSMM50,,2008-09,DHS,,,,,
KEN,63070,"Median age at first sexual intercourse [Men]: 20-49(54,59)",17.6,1,KE,Kenya,2008,KE2008DHS,SX_AAFS_M_M2A,51704170,I,1000,0,Total,Total,0,,1,1,SXAAFSMM2A,,2008-09,DHS,,,,,
KEN,63066,"Median age at first sexual intercourse [Men]: 25-49(54,59)",17.7,1,KE,Kenya,2008,KE2008DHS,SX_AAFS_M_M2B,51704180,I,1000,0,Total,Total,0,,1,1,SXAAFSMM2B,,2008-09,DHS,,,,,
KEN,689767,Recent sexual activity [Men]: Active 4 Weeks,47.8,1,KE,Kenya,2008,KE2008DHS,SX_LSEX_M_4WK,51734090,I,10000,10000,Total 15-49,Total 15-49,0,,1,1,SXLSEXM4WK,,2008-09,DHS,3258,3256,,,
KEN,689764,Recent sexual activity [Men]: Within the last year,23.5,1,KE,Kenya,2008,KE2008DHS,SX_LSEX_M_1YR,51734100,I,10000,10000,Total 15-49,Total 15-49,0,,1,1,SXLSEXM1YR,,2008-09,DHS,3258,3256,,,
KEN,689765,Recent sexual activity [Men]: One or more years ago,12.3,1,KE,Kenya,2008,KE2008DHS,SX_LSEX_M_1PY,51734110,I,10000,10000,Total 15-49,Total 15-49,0,,1,1,SXLSEXM1PY,,2008-09,DHS,3258,3256,,,
KEN,689772,Recent sexual activity [Men]: Never had sex,16.2,1,KE,Kenya,2008,KE2008DHS,SX_LSEX_M_NSX,51734130,I,10000,10000,Total 15-49,Total 15-49,0,,1,1,SXLSEXMNSX,,2008-09,DHS,3258,3256,,,
KEN,477065,Men circumcised,85.8,1,KE,Kenya,2008,KE2008DHS,HA_MCRC_M_MCC,135634010,I,10000,10000,Total 15-49,Total 15-49,0,,1,1,HAMCRCMMCC,,2008-09,DHS,3258,3256,,,
KEN,28475,Desire for more children [Men]: Have another soon,16.2,1,KE,Kenya,2014,KE2014DHS,PR_DESC_M_ASN,22194120,I,10000,10000,Total 15-49,Total 15-49,0,,1,1,PRDESCMASN,,2014,DHS,6095,5989,,,
KEN,28476,Desire for more children [Men]: Have another later,36.8,1,KE,Kenya,2014,KE2014DHS,PR_DESC_M_ALT,22194130,I,10000,10000,Total 15-49,Total 15-49,0,,1,1,PRDESCMALT,,2014,DHS,6095,5989,,,
KEN,28481,"Desire for more children [Men]: Wants, unsure timing",1.3,1,KE,Kenya,2014,KE2014DHS,PR_DESC_M_AUN,22194140,I,10000,10000,Total 15-49,Total 15-49,0,,1,1,PRDESCMAUN,,2014,DHS,6095,5989,,,
KEN,28500,Desire for more children [Men]: Undecided,3.1,1,KE,Kenya,2014,KE2014DHS,PR_DESC_M_UND,22194150,I,10000,10000,Total 15-49,Total 15-49,0,,1,1,PRDESCMUND,,2014,DHS,6095,5989,,,
KEN,28503,Desire for more children [Men]: Wants no more,41.4,1,KE,Kenya,2014,KE2014DHS,PR_DESC_M_WNM,22194160,I,10000,10000,Total 15-49,Total 15-49,0,,1,1,PRDESCMWNM,,2014,DHS,6095,5989,,,
KEN,28494,Desire for more children [Men]: Sterilized,0.7,1,KE,Kenya,2014,KE2014DHS,PR_DESC_M_STR,22194170,I,10000,10000,Total 15-49,Total 15-49,0,,1,1,PRDESCMSTR,,2014,DHS,6095,5989,,,
KEN,28504,Desire for more children [Men]: Declared infecund,0.1,1,KE,Kenya,2014,KE2014DHS,PR_DESC_M_INF,22194180,I,10000,10000,Total 15-49,Total 15-49,0,,1,1,PRDESCMINF,,2014,DHS,6095,5989,,,
KEN,28498,Men who want no more children,42,1,KE,Kenya,2014,KE2014DHS,PR_DESL_M_WNM,22204040,I,10000,10000,Total 15-49,Total 15-49,1000,Total,1,1,PRDESLMWNM,,2014,DHS,,5989,,,
KEN,455162,Men who want no more children,0.8,1,KE,Kenya,2014,KE2014DHS,PR_DESL_M_WNM,22204040,I,10000,10000,Total 15-49,Total 15-49,189000,Living children: 0,1,0,PRDESLMWNM,,2014,DHS,,198,,,
KEN,656524,Men who want no more children,5.6,1,KE,Kenya,2014,KE2014DHS,PR_DESL_M_WNM,22204040,I,10000,10000,Total 15-49,Total 15-49,189001,Living children: 1,1,0,PRDESLMWNM,,2014,DHS,,970,,,
KEN,708879,Men who want no more children,31,1,KE,Kenya,2014,KE2014DHS,PR_DESL_M_WNM,22204040,I,10000,10000,Total 15-49,Total 15-49,189002,Living children: 2,1,0,PRDESLMWNM,,2014,DHS,,1327,,,
KEN,28535,Men who want no more children,50.3,1,KE,Kenya,2014,KE2014DHS,PR_DESL_M_WNM,22204040,I,10000,10000,Total 15-49,Total 15-49,189003,Living children: 3,1,0,PRDESLMWNM,,2014,DHS,,1149,,,
KEN,687311,Men who want no more children,66.7,1,KE,Kenya,2014,KE2014DHS,PR_DESL_M_WNM,22204040,I,10000,10000,Total 15-49,Total 15-49,189004,Living children: 4,1,0,PRDESLMWNM,,2014,DHS,,843,,,
KEN,28514,Men who want no more children,68.4,1,KE,Kenya,2014,KE2014DHS,PR_DESL_M_WNM,22204040,I,10000,10000,Total 15-49,Total 15-49,189005,Living children: 5,1,0,PRDESLMWNM,,2014,DHS,,565,,,
KEN,785239,Men who want no more children,71.3,1,KE,Kenya,2014,KE2014DHS,PR_DESL_M_WNM,22204040,I,10000,10000,Total 15-49,Total 15-49,189006,Living children: 6+,1,0,PRDESLMWNM,,2014,DHS,,937,,,
KEN,590787,Ideal number of children [Men]: 0,0.4,1,KE,Kenya,2014,KE2014DHS,PR_IDLC_M_ID0,22234180,I,1000,0,Total,Total,0,,1,1,PRIDLCMID0,,2014,DHS,12063,12014,,,
KEN,590788,Ideal number of children [Men]: 1,1,1,KE,Kenya,2014,KE2014DHS,PR_IDLC_M_ID1,22234190,I,1000,0,Total,Total,0,,1,1,PRIDLCMID1,,2014,DHS,12063,12014,,,
KEN,590789,Ideal number of children [Men]: 2,19.8,1,KE,Kenya,2014,KE2014DHS,PR_IDLC_M_ID2,22234200,I,1000,0,Total,Total,0,,1,1,PRIDLCMID2,,2014,DHS,12063,12014,,,
KEN,590783,Ideal number of children [Men]: 3,30.2,1,KE,Kenya,2014,KE2014DHS,PR_IDLC_M_ID3,22234210,I,1000,0,Total,Total,0,,1,1,PRIDLCMID3,,2014,DHS,12063,12014,,,
KEN,590781,Ideal number of children [Men]: 4,27.1,1,KE,Kenya,2014,KE2014DHS,PR_IDLC_M_ID4,22234220,I,1000,0,Total,Total,0,,1,1,PRIDLCMID4,,2014,DHS,12063,12014,,,
KEN,590784,Ideal number of children [Men]: 5,8.5,1,KE,Kenya,2014,KE2014DHS,PR_IDLC_M_ID5,22234230,I,1000,0,Total,Total,0,,1,1,PRIDLCMID5,,2014,DHS,12063,12014,,,
KEN,590782,Ideal number of children [Men]: 6+,11.1,1,KE,Kenya,2014,KE2014DHS,PR_IDLC_M_ID6,22234240,I,1000,0,Total,Total,0,,1,1,PRIDLCMID6,,2014,DHS,12063,12014,,,
KEN,590785,Ideal number of children [Men]: Non-numeric response,2,1,KE,Kenya,2014,KE2014DHS,PR_IDLC_M_IDN,22234250,I,1000,0,Total,Total,0,,1,1,PRIDLCMIDN,,2014,DHS,12063,12014,,,
KEN,428538,Mean ideal number of children for all men,3.9,1,KE,Kenya,2014,KE2014DHS,PR_IDLC_M_MNA,22234290,I,1000,0,Total,Total,0,,1,1,PRIDLCMMNA,,2014,DHS,11825,11704,,,
KEN,203922,Mean ideal number of children for currently married men,4.2,1,KE,Kenya,2014,KE2014DHS,PR_IDLC_M_MNM,22234320,I,1000,0,Total,Total,0,,1,1,PRIDLCMMNM,,2014,DHS,5938,5784,,,
KEN,225102,Mean ideal number of children for all men 15-54(59),4,1,KE,Kenya,2014,KE2014DHS,PR_IDLC_M_M5A,22234350,I,1000,0,Total,Total,0,,1,1,PRIDLCMM5A,,2014,DHS,12544,12466,,,
KEN,215685,Mean ideal number of children for currently married men 15-54(59),4.3,1,KE,Kenya,2014,KE2014DHS,PR_IDLC_M_M5M,22234380,I,1000,0,Total,Total,0,,1,1,PRIDLCMM5M,,2014,DHS,6573,6448,,,
KEN,637295,Knowledge of any method of contraception (all men),99.3,1,KE,Kenya,2014,KE2014DHS,FP_KMTA_M_ANY,32364010,I,1000,0,Total,Total,0,,1,1,FPKMTAMANY,,2014,DHS,12063,12014,,,
KEN,637313,Knowledge of any modern method of contraception (all men),99.3,1,KE,Kenya,2014,KE2014DHS,FP_KMTA_M_MOD,32364020,I,1000,0,Total,Total,0,,1,1,FPKMTAMMOD,,2014,DHS,12063,12014,,,
KEN,637296,Knowledge of female sterilization (all men),76.2,1,KE,Kenya,2014,KE2014DHS,FP_KMTA_M_FST,32364030,I,1000,0,Total,Total,0,,1,1,FPKMTAMFST,,2014,DHS,12063,12014,,,
KEN,637292,Knowledge of male sterilization (all men),55.6,1,KE,Kenya,2014,KE2014DHS,FP_KMTA_M_MST,32364040,I,1000,0,Total,Total,0,,1,1,FPKMTAMMST,,2014,DHS,12063,12014,,,
KEN,637293,Knowledge of pill (all men),91.7,1,KE,Kenya,2014,KE2014DHS,FP_KMTA_M_PIL,32364050,I,1000,0,Total,Total,0,,1,1,FPKMTAMPIL,,2014,DHS,12063,12014,,,
KEN,637294,Knowledge of IUD (all men),63,1,KE,Kenya,2014,KE2014DHS,FP_KMTA_M_IUD,32364060,I,1000,0,Total,Total,0,,1,1,FPKMTAMIUD,,2014,DHS,12063,12014,,,
KEN,637297,Knowledge of injections (all men),92.4,1,KE,Kenya,2014,KE2014DHS,FP_KMTA_M_INJ,32364070,I,1000,0,Total,Total,0,,1,1,FPKMTAMINJ,,2014,DHS,12063,12014,,,
KEN,637314,Knowledge of implants (all men),65.3,1,KE,Kenya,2014,KE2014DHS,FP_KMTA_M_IMP,32364090,I,1000,0,Total,Total,0,,1,1,FPKMTAMIMP,,2014,DHS,12063,12014,,,
KEN,637305,Knowledge of condom (all men),98.8,1,KE,Kenya,2014,KE2014DHS,FP_KMTA_M_MCN,32364100,I,1000,0,Total,Total,0,,1,1,FPKMTAMMCN,,2014,DHS,12063,12014,,,
KEN,637315,Knowledge of female condom (all men),79,1,KE,Kenya,2014,KE2014DHS,FP_KMTA_M_FCN,32364110,I,1000,0,Total,Total,0,,1,1,FPKMTAMFCN,,2014,DHS,12063,12014,,,
KEN,637311,Knowledge of lactational amenorrhea method (all men),8.7,1,KE,Kenya,2014,KE2014DHS,FP_KMTA_M_LAM,32364120,I,1000,0,Total,Total,0,,1,1,FPKMTAMLAM,,2014,DHS,12063,12014,,,
KEN,637312,Knowledge of emergency contraception (all men),62.5,1,KE,Kenya,2014,KE2014DHS,FP_KMTA_M_EMC,32364130,I,1000,0,Total,Total,0,,1,1,FPKMTAMEMC,,2014,DHS,12063,12014,,,
KEN,637306,Knowledge of any traditional method (all men),85.9,1,KE,Kenya,2014,KE2014DHS,FP_KMTA_M_TRA,32364190,I,1000,0,Total,Total,0,,1,1,FPKMTAMTRA,,2014,DHS,12063,12014,,,
KEN,637298,Knowledge of periodic abstinence (all men),80.8,1,KE,Kenya,2014,KE2014DHS,FP_KMTA_M_RHY,32364200,I,1000,0,Total,Total,0,,1,1,FPKMTAMRHY,,2014,DHS,12063,12014,,,
KEN,637299,Knowledge of withdrawal (all men),71.9,1,KE,Kenya,2014,KE2014DHS,FP_KMTA_M_WTH,32364210,I,1000,0,Total,Total,0,,1,1,FPKMTAMWTH,,2014,DHS,12063,12014,,,
KEN,637317,Mean number of methods known (all men),8.5,1,KE,Kenya,2014,KE2014DHS,FP_KMTA_M_MNM,32364270,I,1000,0,Total,Total,0,,1,1,FPKMTAMMNM,,2014,DHS,12063,12014,,,
KEN,478525,Knowledge of any method of contraception (married men),99.7,1,KE,Kenya,2014,KE2014DHS,FP_KMTM_M_ANY,32404010,I,1000,0,Total,Total,0,,1,1,FPKMTMMANY,,2014,DHS,6095,5989,,,
KEN,478520,Knowledge of any modern method of contraception (married men),99.7,1,KE,Kenya,2014,KE2014DHS,FP_KMTM_M_MOD,32404020,I,1000,0,Total,Total,0,,1,1,FPKMTMMMOD,,2014,DHS,6095,5989,,,
KEN,478526,Knowledge of female sterilization (married men),87,1,KE,Kenya,2014,KE2014DHS,FP_KMTM_M_FST,32404030,I,1000,0,Total,Total,0,,1,1,FPKMTMMFST,,2014,DHS,6095,5989,,,
KEN,478521,Knowledge of male sterilization (married men),65.4,1,KE,Kenya,2014,KE2014DHS,FP_KMTM_M_MST,32404040,I,1000,0,Total,Total,0,,1,1,FPKMTMMMST,,2014,DHS,6095,5989,,,
KEN,478530,Knowledge of pill (married men),96.8,1,KE,Kenya,2014,KE2014DHS,FP_KMTM_M_PIL,32404050,I,1000,0,Total,Total,0,,1,1,FPKMTMMPIL,,2014,DHS,6095,5989,,,
KEN,478531,Knowledge of IUD (married men),77.3,1,KE,Kenya,2014,KE2014DHS,FP_KMTM_M_IUD,32404060,I,1000,0,Total,Total,0,,1,1,FPKMTMMIUD,,2014,DHS,6095,5989,,,
KEN,478532,Knowledge of injections (married men),97.9,1,KE,Kenya,2014,KE2014DHS,FP_KMTM_M_INJ,32404070,I,1000,0,Total,Total,0,,1,1,FPKMTMMINJ,,2014,DHS,6095,5989,,,
KEN,478522,Knowledge of implants (married men),80.7,1,KE,Kenya,2014,KE2014DHS,FP_KMTM_M_IMP,32404090,I,1000,0,Total,Total,0,,1,1,FPKMTMMIMP,,2014,DHS,6095,5989,,,
KEN,478527,Knowledge of condom (married men),99.3,1,KE,Kenya,2014,KE2014DHS,FP_KMTM_M_MCN,32404100,I,1000,0,Total,Total,0,,1,1,FPKMTMMMCN,,2014,DHS,6095,5989,,,
KEN,478523,Knowledge of female condom (married men),87.1,1,KE,Kenya,2014,KE2014DHS,FP_KMTM_M_FCN,32404110,I,1000,0,Total,Total,0,,1,1,FPKMTMMFCN,,2014,DHS,6095,5989,,,
KEN,478528,Knowledge of lactational amenorrhea method (married men),11.2,1,KE,Kenya,2014,KE2014DHS,FP_KMTM_M_LAM,32404120,I,1000,0,Total,Total,0,,1,1,FPKMTMMLAM,,2014,DHS,6095,5989,,,
KEN,478519,Knowledge of emergency contraception (married men),70.6,1,KE,Kenya,2014,KE2014DHS,FP_KMTM_M_EMC,32404130,I,1000,0,Total,Total,0,,1,1,FPKMTMMEMC,,2014,DHS,6095,5989,,,
KEN,478529,Knowledge of any traditional method (married men),94.9,1,KE,Kenya,2014,KE2014DHS,FP_KMTM_M_TRA,32404190,I,1000,0,Total,Total,0,,1,1,FPKMTMMTRA,,2014,DHS,6095,5989,,,
KEN,478524,Knowledge of periodic abstinence (married men),90.8,1,KE,Kenya,2014,KE2014DHS,FP_KMTM_M_RHY,32404200,I,1000,0,Total,Total,0,,1,1,FPKMTMMRHY,,2014,DHS,6095,5989,,,
KEN,478534,Knowledge of withdrawal (married men),82.8,1,KE,Kenya,2014,KE2014DHS,FP_KMTM_M_WTH,32404210,I,1000,0,Total,Total,0,,1,1,FPKMTMMWTH,,2014,DHS,6095,5989,,,
KEN,478535,Mean number of contraceptive methods known (married men age 15-49),9.5,1,KE,Kenya,2014,KE2014DHS,FP_KMTM_M_MNM,32404270,I,1000,0,Total,Total,0,,1,1,FPKMTMMMNM,,2014,DHS,6095,5989,,,
KEN,227154,Knowledge of any method of contraception (sexually active unmmarried men),100,1,KE,Kenya,2014,KE2014DHS,FP_KMTU_M_ANY,32434010,I,1000,0,Total,Total,0,,1,1,FPKMTUMANY,,2014,DHS,1308,1254,,,
KEN,227155,Knowledge of any modern method of contraception (sexually active unmmarried men),100,1,KE,Kenya,2014,KE2014DHS,FP_KMTU_M_MOD,32434020,I,1000,0,Total,Total,0,,1,1,FPKMTUMMOD,,2014,DHS,1308,1254,,,
KEN,227149,Knowledge of female sterilization (sexually active unmmarried men),78.2,1,KE,Kenya,2014,KE2014DHS,FP_KMTU_M_FST,32434030,I,1000,0,Total,Total,0,,1,1,FPKMTUMFST,,2014,DHS,1308,1254,,,
KEN,227156,Knowledge of male sterilization (sexually active unmmarried men),56.3,1,KE,Kenya,2014,KE2014DHS,FP_KMTU_M_MST,32434040,I,1000,0,Total,Total,0,,1,1,FPKMTUMMST,,2014,DHS,1308,1254,,,
KEN,227150,Knowledge of pill (sexually active unmmarried men),93.6,1,KE,Kenya,2014,KE2014DHS,FP_KMTU_M_PIL,32434050,I,1000,0,Total,Total,0,,1,1,FPKMTUMPIL,,2014,DHS,1308,1254,,,
KEN,227144,Knowledge of IUD (sexually active unmmarried men),61.6,1,KE,Kenya,2014,KE2014DHS,FP_KMTU_M_IUD,32434060,I,1000,0,Total,Total,0,,1,1,FPKMTUMIUD,,2014,DHS,1308,1254,,,
KEN,227145,Knowledge of injections (sexually active unmmarried men),96.2,1,KE,Kenya,2014,KE2014DHS,FP_KMTU_M_INJ,32434070,I,1000,0,Total,Total,0,,1,1,FPKMTUMINJ,,2014,DHS,1308,1254,,,
KEN,227146,Knowledge of implants (sexually active unmmarried men),64.7,1,KE,Kenya,2014,KE2014DHS,FP_KMTU_M_IMP,32434090,I,1000,0,Total,Total,0,,1,1,FPKMTUMIMP,,2014,DHS,1308,1254,,,
KEN,227147,Knowledge of condom (sexually active unmmarried men),100,1,KE,Kenya,2014,KE2014DHS,FP_KMTU_M_MCN,32434100,I,1000,0,Total,Total,0,,1,1,FPKMTUMMCN,,2014,DHS,1308,1254,,,
KEN,227207,Knowledge of female condom (sexually active unmmarried men),84.8,1,KE,Kenya,2014,KE2014DHS,FP_KMTU_M_FCN,32434110,I,1000,0,Total,Total,0,,1,1,FPKMTUMFCN,,2014,DHS,1308,1254,,,
KEN,227151,Knowledge of lactational amenorrhea method (sexually active unmmarried men),7.8,1,KE,Kenya,2014,KE2014DHS,FP_KMTU_M_LAM,32434120,I,1000,0,Total,Total,0,,1,1,FPKMTUMLAM,,2014,DHS,1308,1254,,,
KEN,227208,Knowledge of emergency contraception (sexually active unmmarried men),70.3,1,KE,Kenya,2014,KE2014DHS,FP_KMTU_M_EMC,32434130,I,1000,0,Total,Total,0,,1,1,FPKMTUMEMC,,2014,DHS,1308,1254,,,
KEN,227152,Knowledge of any traditional method (sexually active unmmarried men),90.8,1,KE,Kenya,2014,KE2014DHS,FP_KMTU_M_TRA,32434190,I,1000,0,Total,Total,0,,1,1,FPKMTUMTRA,,2014,DHS,1308,1254,,,
KEN,227209,Knowledge of periodic abstinence (sexually active unmmarried men),84.7,1,KE,Kenya,2014,KE2014DHS,FP_KMTU_M_RHY,32434200,I,1000,0,Total,Total,0,,1,1,FPKMTUMRHY,,2014,DHS,1308,1254,,,
KEN,227153,Knowledge of withdrawal (sexually active unmmarried men),79.2,1,KE,Kenya,2014,KE2014DHS,FP_KMTU_M_WTH,32434210,I,1000,0,Total,Total,0,,1,1,FPKMTUMWTH,,2014,DHS,1308,1254,,,
KEN,227210,Mean number of methods known by sexually active unmarried men age 15-49,8.8,1,KE,Kenya,2014,KE2014DHS,FP_KMTU_M_MNM,32434270,I,1000,0,Total,Total,0,,1,1,FPKMTUMMNM,,2014,DHS,1308,1254,,,
KEN,322992,Knowledge of any method of contraception among married men,99.7,1,KE,Kenya,2014,KE2014DHS,FP_KMET_M_ANY,32464050,I,10000,10000,Total 15-49,Total 15-49,0,,1,1,FPKMETMANY,,2014,DHS,6095,5989,,,
KEN,322993,Knowledge of any modern method of contraception amonth married men,99.7,1,KE,Kenya,2014,KE2014DHS,FP_KMET_M_MOD,32464060,I,10000,10000,Total 15-49,Total 15-49,0,,1,1,FPKMETMMOD,,2014,DHS,6095,5989,,,
KEN,74642,Family planning messages on the radio [Men],82.3,1,KE,Kenya,2014,KE2014DHS,FP_EFPM_M_RDO,33104070,I,10000,10000,Total 15-49,Total 15-49,0,,1,1,FPEFPMMRDO,,2014,DHS,12063,12014,,,
KEN,74643,Family planning messages on television [Men],58,1,KE,Kenya,2014,KE2014DHS,FP_EFPM_M_TLV,33104080,I,10000,10000,Total 15-49,Total 15-49,0,,1,1,FPEFPMMTLV,,2014,DHS,12063,12014,,,
KEN,74644,Family planning messages in newspapers or magazines [Men],43.1,1,KE,Kenya,2014,KE2014DHS,FP_EFPM_M_NWS,33104090,I,10000,10000,Total 15-49,Total 15-49,0,,1,1,FPEFPMMNWS,,2014,DHS,12063,12014,,,
KEN,74645,Family planning messages in none of these three media [Men],12.8,1,KE,Kenya,2014,KE2014DHS,FP_EFPM_M_NON,33104100,I,10000,10000,Total 15-49,Total 15-49,0,,1,1,FPEFPMMNON,,2014,DHS,12063,12014,,,
KEN,712697,Current marital status [Men]: Never married,44.4,1,KE,Kenya,2014,KE2014DHS,MA_MSTA_M_NMA,41504120,I,10000,10000,Total 15-49,Total 15-49,0,,1,1,MAMSTAMNMA,,2014,DHS,12063,12014,,,
KEN,712698,Current marital status [Men]: Married,48.4,1,KE,Kenya,2014,KE2014DHS,MA_MSTA_M_MAR,41504130,I,10000,10000,Total 15-49,Total 15-49,0,,1,1,MAMSTAMMAR,,2014,DHS,12063,12014,,,
KEN,712695,Current marital status [Men]: Living together,2.1,1,KE,Kenya,2014,KE2014DHS,MA_MSTA_M_LTG,41504140,I,10000,10000,Total 15-49,Total 15-49,0,,1,1,MAMSTAMLTG,,2014,DHS,12063,12014,,,
KEN,712691,Current marital status [Men]: Divorced,1.3,1,KE,Kenya,2014,KE2014DHS,MA_MSTA_M_DIV,41504150,I,10000,10000,Total 15-49,Total 15-49,0,,1,1,MAMSTAMDIV,,2014,DHS,12063,12014,,,
KEN,712696,Current marital status [Men]: Not living together,3.4,1,KE,Kenya,2014,KE2014DHS,MA_MSTA_M_SEP,41504160,I,10000,10000,Total 15-49,Total 15-49,0,,1,1,MAMSTAMSEP,,2014,DHS,12063,12014,,,
KEN,712692,Current marital status [Men]: Widowed,0.4,1,KE,Kenya,2014,KE2014DHS,MA_MSTA_M_WID,41504170,I,10000,10000,Total 15-49,Total 15-49,0,,1,1,MAMSTAMWID,,2014,DHS,12063,12014,,,
KEN,712694,Current marital status [Men]: Married or living in union,50.5,1,KE,Kenya,2014,KE2014DHS,MA_MSTA_M_UNI,41504200,I,10000,10000,Total 15-49,Total 15-49,0,,1,1,MAMSTAMUNI,,2014,DHS,12063,12014,,,
KEN,403757,Number of wives: One wife,94.5,1,KE,Kenya,2014,KE2014DHS,MA_WIVE_M_1WV,41564010,I,10000,10000,Total 15-49,Total 15-49,0,,1,1,MAWIVEM1WV,,2014,DHS,6095,5989,,,
KEN,403758,Number of wives: Two or more wives,5.5,1,KE,Kenya,2014,KE2014DHS,MA_WIVE_M_2PW,41564020,I,10000,10000,Total 15-49,Total 15-49,0,,1,1,MAWIVEM2PW,,2014,DHS,6095,5989,,,
KEN,532113,Men first married by exact age 15,0.2,1,KE,Kenya,2014,KE2014DHS,MA_MBAG_M_B15,41604100,I,12001,12001,Total 25-49,Total 25-49,0,,1,1,MAMBAGMB15,,2014,DHS,7397,7222,,,
KEN,532114,Men first married by exact age 18,3.6,1,KE,Kenya,2014,KE2014DHS,MA_MBAG_M_B18,41604110,I,12001,12001,Total 25-49,Total 25-49,0,,1,1,MAMBAGMB18,,2014,DHS,7397,7222,,,
KEN,532097,Men first married by exact age 20,10.7,1,KE,Kenya,2014,KE2014DHS,MA_MBAG_M_B20,41604120,I,12001,12001,Total 25-49,Total 25-49,0,,1,1,MAMBAGMB20,,2014,DHS,7397,7222,,,
KEN,532112,Men first married by exact age 22,23.4,1,KE,Kenya,2014,KE2014DHS,MA_MBAG_M_B22,41604130,I,12001,12001,Total 25-49,Total 25-49,0,,1,1,MAMBAGMB22,,2014,DHS,7397,7222,,,
KEN,532098,Men first married by exact age 25,47.8,1,KE,Kenya,2014,KE2014DHS,MA_MBAG_M_B25,41604140,I,12001,12001,Total 25-49,Total 25-49,0,,1,1,MAMBAGMB25,,2014,DHS,7397,7222,,,
KEN,532111,Men never married,15.4,1,KE,Kenya,2014,KE2014DHS,MA_MBAG_M_NMA,41604170,I,12001,12001,Total 25-49,Total 25-49,0,,1,1,MAMBAGMNMA,,2014,DHS,7397,7222,,,
KEN,95255,Median age at first marriage [Men]: 30-34,25.1,1,KE,Kenya,2014,KE2014DHS,MA_AAFM_M_M30,41634120,I,1000,0,Total,Total,0,,1,1,MAAAFMMM30,,2014,DHS,,,,,
KEN,95258,Median age at first marriage [Men]: 35-39,24.9,1,KE,Kenya,2014,KE2014DHS,MA_AAFM_M_M35,41634130,I,1000,0,Total,Total,0,,1,1,MAAAFMMM35,,2014,DHS,,,,,
KEN,95259,Median age at first marriage [Men]: 40-44,25.6,1,KE,Kenya,2014,KE2014DHS,MA_AAFM_M_M40,41634140,I,1000,0,Total,Total,0,,1,1,MAAAFMMM40,,2014,DHS,,,,,
KEN,95260,Median age at first marriage [Men]: 45-49,25.8,1,KE,Kenya,2014,KE2014DHS,MA_AAFM_M_M45,41634150,I,1000,0,Total,Total,0,,1,1,MAAAFMMM45,,2014,DHS,,,,,
KEN,95261,Median age at first marriage [Men]: 50-54,25.4,1,KE,Kenya,2014,KE2014DHS,MA_AAFM_M_M50,41634160,I,1000,0,Total,Total,0,,1,1,MAAAFMMM50,,2014,DHS,,,,,
KEN,641292,First sexual intercourse by exact age 15 [Men],21.3,1,KE,Kenya,2014,KE2014DHS,SX_SBAG_M_B15,51664100,I,12001,12001,Total 25-49,Total 25-49,0,,1,1,SXSBAGMB15,,2014,DHS,7397,7222,,,
KEN,641261,First sexual intercourse by exact age 18 [Men],56.1,1,KE,Kenya,2014,KE2014DHS,SX_SBAG_M_B18,51664110,I,12001,12001,Total 25-49,Total 25-49,0,,1,1,SXSBAGMB18,,2014,DHS,7397,7222,,,
KEN,641288,First sexual intercourse by exact age 20 [Men],75.8,1,KE,Kenya,2014,KE2014DHS,SX_SBAG_M_B20,51664120,I,12001,12001,Total 25-49,Total 25-49,0,,1,1,SXSBAGMB20,,2014,DHS,7397,7222,,,
KEN,641289,First sexual intercourse by exact age 22 [Men],87.2,1,KE,Kenya,2014,KE2014DHS,SX_SBAG_M_B22,51664130,I,12001,12001,Total 25-49,Total 25-49,0,,1,1,SXSBAGMB22,,2014,DHS,7397,7222,,,
KEN,641290,First sexual intercourse by exact age 25 [Men],92.8,1,KE,Kenya,2014,KE2014DHS,SX_SBAG_M_B25,51664140,I,12001,12001,Total 25-49,Total 25-49,0,,1,1,SXSBAGMB25,,2014,DHS,7397,7222,,,
KEN,641291,Never had sexual intercourse [Men],1.1,1,KE,Kenya,2014,KE2014DHS,SX_SBAG_M_NSX,51664150,I,12001,12001,Total 25-49,Total 25-49,0,,1,1,SXSBAGMNSX,,2014,DHS,7397,7222,,,
KEN,96503,Median age at first sexual intercourse [Men]: 20-24,17.3,1,KE,Kenya,2014,KE2014DHS,SX_AAFS_M_M20,51704100,I,1000,0,Total,Total,0,,1,1,SXAAFSMM20,,2014,DHS,,,,,
KEN,96458,Median age at first sexual intercourse [Men]: 25-29,17,1,KE,Kenya,2014,KE2014DHS,SX_AAFS_M_M25,51704110,I,1000,0,Total,Total,0,,1,1,SXAAFSMM25,,2014,DHS,,,,,
KEN,96474,Median age at first sexual intercourse [Men]: 30-34,17.4,1,KE,Kenya,2014,KE2014DHS,SX_AAFS_M_M30,51704120,I,1000,0,Total,Total,0,,1,1,SXAAFSMM30,,2014,DHS,,,,,
KEN,96475,Median age at first sexual intercourse [Men]: 35-39,17.6,1,KE,Kenya,2014,KE2014DHS,SX_AAFS_M_M35,51704130,I,1000,0,Total,Total,0,,1,1,SXAAFSMM35,,2014,DHS,,,,,
KEN,96476,Median age at first sexual intercourse [Men]: 40-44,17.7,1,KE,Kenya,2014,KE2014DHS,SX_AAFS_M_M40,51704140,I,1000,0,Total,Total,0,,1,1,SXAAFSMM40,,2014,DHS,,,,,
KEN,96504,Median age at first sexual intercourse [Men]: 45-49,17.6,1,KE,Kenya,2014,KE2014DHS,SX_AAFS_M_M45,51704150,I,1000,0,Total,Total,0,,1,1,SXAAFSMM45,,2014,DHS,,,,,
KEN,96453,Median age at first sexual intercourse [Men]: 50-54,17.8,1,KE,Kenya,2014,KE2014DHS,SX_AAFS_M_M50,51704160,I,1000,0,Total,Total,0,,1,1,SXAAFSMM50,,2014,DHS,,,,,
KEN,96505,"Median age at first sexual intercourse [Men]: 20-49(54,59)",17.4,1,KE,Kenya,2014,KE2014DHS,SX_AAFS_M_M2A,51704170,I,1000,0,Total,Total,0,,1,1,SXAAFSMM2A,,2014,DHS,,,,,
KEN,96454,"Median age at first sexual intercourse [Men]: 25-49(54,59)",17.4,1,KE,Kenya,2014,KE2014DHS,SX_AAFS_M_M2B,51704180,I,1000,0,Total,Total,0,,1,1,SXAAFSMM2B,,2014,DHS,,,,,
KEN,704380,Recent sexual activity [Men]: Active 4 Weeks,53.5,1,KE,Kenya,2014,KE2014DHS,SX_LSEX_M_4WK,51734090,I,10000,10000,Total 15-49,Total 15-49,0,,1,1,SXLSEXM4WK,,2014,DHS,12063,12014,,,
KEN,704381,Recent sexual activity [Men]: Within the last year,21.6,1,KE,Kenya,2014,KE2014DHS,SX_LSEX_M_1YR,51734100,I,10000,10000,Total 15-49,Total 15-49,0,,1,1,SXLSEXM1YR,,2014,DHS,12063,12014,,,
KEN,704382,Recent sexual activity [Men]: One or more years ago,9.5,1,KE,Kenya,2014,KE2014DHS,SX_LSEX_M_1PY,51734110,I,10000,10000,Total 15-49,Total 15-49,0,,1,1,SXLSEXM1PY,,2014,DHS,12063,12014,,,
KEN,704384,Recent sexual activity [Men]: Never had sex,15.2,1,KE,Kenya,2014,KE2014DHS,SX_LSEX_M_NSX,51734130,I,10000,10000,Total 15-49,Total 15-49,0,,1,1,SXLSEXMNSX,,2014,DHS,12063,12014,,,
KEN,571191,Men circumcised,92.6,1,KE,Kenya,2014,KE2014DHS,HA_MCRC_M_MCC,135634010,I,10000,10000,Total 15-49,Total 15-49,0,,1,1,HAMCRCMMCC,,2014,DHS,12063,12014,,,
KEN,463347,Desire for more children [Men]: Have another soon,20.4,1,KE,Kenya,2022,KE2022DHS,PR_DESC_M_ASN,22194120,I,10000,10000,Total 15-49,Total 15-49,0,,1,1,PRDESCMASN,,2022,DHS,6257,6387,,,
KEN,463352,Desire for more children [Men]: Have another later,37,1,KE,Kenya,2022,KE2022DHS,PR_DESC_M_ALT,22194130,I,10000,10000,Total 15-49,Total 15-49,0,,1,1,PRDESCMALT,,2022,DHS,6257,6387,,,
KEN,463353,"Desire for more children [Men]: Wants, unsure timing",0.5,1,KE,Kenya,2022,KE2022DHS,PR_DESC_M_AUN,22194140,I,10000,10000,Total 15-49,Total 15-49,0,,1,1,PRDESCMAUN,,2022,DHS,6257,6387,,,
KEN,463354,Desire for more children [Men]: Undecided,6.1,1,KE,Kenya,2022,KE2022DHS,PR_DESC_M_UND,22194150,I,10000,10000,Total 15-49,Total 15-49,0,,1,1,PRDESCMUND,,2022,DHS,6257,6387,,,
KEN,463350,Desire for more children [Men]: Wants no more,35.7,1,KE,Kenya,2022,KE2022DHS,PR_DESC_M_WNM,22194160,I,10000,10000,Total 15-49,Total 15-49,0,,1,1,PRDESCMWNM,,2022,DHS,6257,6387,,,
KEN,463348,Desire for more children [Men]: Sterilized,0.1,1,KE,Kenya,2022,KE2022DHS,PR_DESC_M_STR,22194170,I,10000,10000,Total 15-49,Total 15-49,0,,1,1,PRDESCMSTR,,2022,DHS,6257,6387,,,
KEN,463351,Desire for more children [Men]: Declared infecund,0.1,1,KE,Kenya,2022,KE2022DHS,PR_DESC_M_INF,22194180,I,10000,10000,Total 15-49,Total 15-49,0,,1,1,PRDESCMINF,,2022,DHS,6257,6387,,,
KEN,143510,Men who want no more children,35.9,1,KE,Kenya,2022,KE2022DHS,PR_DESL_M_WNM,22204040,I,10000,10000,Total 15-49,Total 15-49,1000,Total,1,1,PRDESLMWNM,,2022,DHS,,6387,,,
KEN,143504,Men who want no more children,5.3,1,KE,Kenya,2022,KE2022DHS,PR_DESL_M_WNM,22204040,I,10000,10000,Total 15-49,Total 15-49,189000,Living children: 0,1,0,PRDESLMWNM,,2022,DHS,,251,,,
KEN,573799,Men who want no more children,5.5,1,KE,Kenya,2022,KE2022DHS,PR_DESL_M_WNM,22204040,I,10000,10000,Total 15-49,Total 15-49,189001,Living children: 1,1,0,PRDESLMWNM,,2022,DHS,,1054,,,
KEN,622993,Men who want no more children,24.8,1,KE,Kenya,2022,KE2022DHS,PR_DESL_M_WNM,22204040,I,10000,10000,Total 15-49,Total 15-49,189002,Living children: 2,1,0,PRDESLMWNM,,2022,DHS,,1472,,,
KEN,494945,Men who want no more children,45.4,1,KE,Kenya,2022,KE2022DHS,PR_DESL_M_WNM,22204040,I,10000,10000,Total 15-49,Total 15-49,189003,Living children: 3,1,0,PRDESLMWNM,,2022,DHS,,1235,,,
KEN,144034,Men who want no more children,56.4,1,KE,Kenya,2022,KE2022DHS,PR_DESL_M_WNM,22204040,I,10000,10000,Total 15-49,Total 15-49,189004,Living children: 4,1,0,PRDESLMWNM,,2022,DHS,,882,,,
KEN,608278,Men who want no more children,60.7,1,KE,Kenya,2022,KE2022DHS,PR_DESL_M_WNM,22204040,I,10000,10000,Total 15-49,Total 15-49,189005,Living children: 5,1,0,PRDESLMWNM,,2022,DHS,,568,,,
KEN,688043,Men who want no more children,60.5,1,KE,Kenya,2022,KE2022DHS,PR_DESL_M_WNM,22204040,I,10000,10000,Total 15-49,Total 15-49,189006,Living children: 6+,1,0,PRDESLMWNM,,2022,DHS,,925,,,
KEN,602425,Ideal number of children [Men]: 0,1,1,KE,Kenya,2022,KE2022DHS,PR_IDLC_M_ID0,22234180,I,1000,0,Total,Total,0,,1,1,PRIDLCMID0,,2022,DHS,13652,13669,,,
KEN,602426,Ideal number of children [Men]: 1,0.9,1,KE,Kenya,2022,KE2022DHS,PR_IDLC_M_ID1,22234190,I,1000,0,Total,Total,0,,1,1,PRIDLCMID1,,2022,DHS,13652,13669,,,
KEN,602427,Ideal number of children [Men]: 2,13.3,1,KE,Kenya,2022,KE2022DHS,PR_IDLC_M_ID2,22234200,I,1000,0,Total,Total,0,,1,1,PRIDLCMID2,,2022,DHS,13652,13669,,,
KEN,602429,Ideal number of children [Men]: 3,27.4,1,KE,Kenya,2022,KE2022DHS,PR_IDLC_M_ID3,22234210,I,1000,0,Total,Total,0,,1,1,PRIDLCMID3,,2022,DHS,13652,13669,,,
KEN,602422,Ideal number of children [Men]: 4,28.9,1,KE,Kenya,2022,KE2022DHS,PR_IDLC_M_ID4,22234220,I,1000,0,Total,Total,0,,1,1,PRIDLCMID4,,2022,DHS,13652,13669,,,
KEN,602430,Ideal number of children [Men]: 5,13,1,KE,Kenya,2022,KE2022DHS,PR_IDLC_M_ID5,22234230,I,1000,0,Total,Total,0,,1,1,PRIDLCMID5,,2022,DHS,13652,13669,,,
KEN,602432,Ideal number of children [Men]: 6+,14.2,1,KE,Kenya,2022,KE2022DHS,PR_IDLC_M_ID6,22234240,I,1000,0,Total,Total,0,,1,1,PRIDLCMID6,,2022,DHS,13652,13669,,,
KEN,602431,Ideal number of children [Men]: Non-numeric response,1.2,1,KE,Kenya,2022,KE2022DHS,PR_IDLC_M_IDN,22234250,I,1000,0,Total,Total,0,,1,1,PRIDLCMIDN,,2022,DHS,13652,13669,,,
KEN,141977,Mean ideal number of children for all men,4.2,1,KE,Kenya,2022,KE2022DHS,PR_IDLC_M_MNA,22234290,I,1000,0,Total,Total,0,,1,1,PRIDLCMMNA,,2022,DHS,13493,13464,,,
KEN,233995,Mean ideal number of children for currently married men,4.6,1,KE,Kenya,2022,KE2022DHS,PR_IDLC_M_MNM,22234320,I,1000,0,Total,Total,0,,1,1,PRIDLCMMNM,,2022,DHS,6157,6270,,,
KEN,141975,Mean ideal number of children for all men 15-54(59),4.2,1,KE,Kenya,2022,KE2022DHS,PR_IDLC_M_M5A,22234350,I,1000,0,Total,Total,0,,1,1,PRIDLCMM5A,,2022,DHS,14252,14215,,,
KEN,228334,Mean ideal number of children for currently married men 15-54(59),4.7,1,KE,Kenya,2022,KE2022DHS,PR_IDLC_M_M5M,22234380,I,1000,0,Total,Total,0,,1,1,PRIDLCMM5M,,2022,DHS,6817,6920,,,
KEN,724438,Knowledge of any method of contraception (all men),99.1,1,KE,Kenya,2022,KE2022DHS,FP_KMTA_M_ANY,32364010,I,1000,0,Total,Total,0,,1,1,FPKMTAMANY,,2022,DHS,13652,13669,,,
KEN,724448,Knowledge of any modern method of contraception (all men),99.1,1,KE,Kenya,2022,KE2022DHS,FP_KMTA_M_MOD,32364020,I,1000,0,Total,Total,0,,1,1,FPKMTAMMOD,,2022,DHS,13652,13669,,,
KEN,724439,Knowledge of female sterilization (all men),61.5,1,KE,Kenya,2022,KE2022DHS,FP_KMTA_M_FST,32364030,I,1000,0,Total,Total,0,,1,1,FPKMTAMFST,,2022,DHS,13652,13669,,,
KEN,724443,Knowledge of male sterilization (all men),52,1,KE,Kenya,2022,KE2022DHS,FP_KMTA_M_MST,32364040,I,1000,0,Total,Total,0,,1,1,FPKMTAMMST,,2022,DHS,13652,13669,,,
KEN,724444,Knowledge of pill (all men),84.2,1,KE,Kenya,2022,KE2022DHS,FP_KMTA_M_PIL,32364050,I,1000,0,Total,Total,0,,1,1,FPKMTAMPIL,,2022,DHS,13652,13669,,,
KEN,724445,Knowledge of IUD (all men),57.9,1,KE,Kenya,2022,KE2022DHS,FP_KMTA_M_IUD,32364060,I,1000,0,Total,Total,0,,1,1,FPKMTAMIUD,,2022,DHS,13652,13669,,,
KEN,724446,Knowledge of injections (all men),87.5,1,KE,Kenya,2022,KE2022DHS,FP_KMTA_M_INJ,32364070,I,1000,0,Total,Total,0,,1,1,FPKMTAMINJ,,2022,DHS,13652,13669,,,
KEN,724449,Knowledge of implants (all men),79.7,1,KE,Kenya,2022,KE2022DHS,FP_KMTA_M_IMP,32364090,I,1000,0,Total,Total,0,,1,1,FPKMTAMIMP,,2022,DHS,13652,13669,,,
KEN,724440,Knowledge of condom (all men),98.5,1,KE,Kenya,2022,KE2022DHS,FP_KMTA_M_MCN,32364100,I,1000,0,Total,Total,0,,1,1,FPKMTAMMCN,,2022,DHS,13652,13669,,,
KEN,724450,Knowledge of female condom (all men),77.1,1,KE,Kenya,2022,KE2022DHS,FP_KMTA_M_FCN,32364110,I,1000,0,Total,Total,0,,1,1,FPKMTAMFCN,,2022,DHS,13652,13669,,,
KEN,724453,Knowledge of lactational amenorrhea method (all men),34.8,1,KE,Kenya,2022,KE2022DHS,FP_KMTA_M_LAM,32364120,I,1000,0,Total,Total,0,,1,1,FPKMTAMLAM,,2022,DHS,13652,13669,,,
KEN,724454,Knowledge of emergency contraception (all men),72.1,1,KE,Kenya,2022,KE2022DHS,FP_KMTA_M_EMC,32364130,I,1000,0,Total,Total,0,,1,1,FPKMTAMEMC,,2022,DHS,13652,13669,,,
KEN,724441,Knowledge of standard days method (all men),39.6,1,KE,Kenya,2022,KE2022DHS,FP_KMTA_M_STD,32364170,I,1000,0,Total,Total,0,,1,1,FPKMTAMSTD,,2022,DHS,13652,13669,,,
KEN,724451,Knowledge of other modern methods (all men),0.2,1,KE,Kenya,2022,KE2022DHS,FP_KMTA_M_OMD,32364180,I,1000,0,Total,Total,0,,1,1,FPKMTAMOMD,,2022,DHS,13652,13669,,,
KEN,724442,Knowledge of any traditional method (all men),86,1,KE,Kenya,2022,KE2022DHS,FP_KMTA_M_TRA,32364190,I,1000,0,Total,Total,0,,1,1,FPKMTAMTRA,,2022,DHS,13652,13669,,,
KEN,724447,Knowledge of periodic abstinence (all men),72.9,1,KE,Kenya,2022,KE2022DHS,FP_KMTA_M_RHY,32364200,I,1000,0,Total,Total,0,,1,1,FPKMTAMRHY,,2022,DHS,13652,13669,,,
KEN,724455,Knowledge of withdrawal (all men),79.1,1,KE,Kenya,2022,KE2022DHS,FP_KMTA_M_WTH,32364210,I,1000,0,Total,Total,0,,1,1,FPKMTAMWTH,,2022,DHS,13652,13669,,,
KEN,724452,Mean number of methods known (all men),9,1,KE,Kenya,2022,KE2022DHS,FP_KMTA_M_MNM,32364270,I,1000,0,Total,Total,0,,1,1,FPKMTAMMNM,,2022,DHS,13652,13669,,,
KEN,376863,Knowledge of any method of contraception (married men),99.8,1,KE,Kenya,2022,KE2022DHS,FP_KMTM_M_ANY,32404010,I,1000,0,Total,Total,0,,1,1,FPKMTMMANY,,2022,DHS,6257,6387,,,
KEN,376871,Knowledge of any modern method of contraception (married men),99.8,1,KE,Kenya,2022,KE2022DHS,FP_KMTM_M_MOD,32404020,I,1000,0,Total,Total,0,,1,1,FPKMTMMMOD,,2022,DHS,6257,6387,,,
KEN,376864,Knowledge of female sterilization (married men),72.3,1,KE,Kenya,2022,KE2022DHS,FP_KMTM_M_FST,32404030,I,1000,0,Total,Total,0,,1,1,FPKMTMMFST,,2022,DHS,6257,6387,,,
KEN,376872,Knowledge of male sterilization (married men),62.4,1,KE,Kenya,2022,KE2022DHS,FP_KMTM_M_MST,32404040,I,1000,0,Total,Total,0,,1,1,FPKMTMMMST,,2022,DHS,6257,6387,,,
KEN,376867,Knowledge of pill (married men),93.6,1,KE,Kenya,2022,KE2022DHS,FP_KMTM_M_PIL,32404050,I,1000,0,Total,Total,0,,1,1,FPKMTMMPIL,,2022,DHS,6257,6387,,,
KEN,376868,Knowledge of IUD (married men),74,1,KE,Kenya,2022,KE2022DHS,FP_KMTM_M_IUD,32404060,I,1000,0,Total,Total,0,,1,1,FPKMTMMIUD,,2022,DHS,6257,6387,,,
KEN,376869,Knowledge of injections (married men),97.3,1,KE,Kenya,2022,KE2022DHS,FP_KMTM_M_INJ,32404070,I,1000,0,Total,Total,0,,1,1,FPKMTMMINJ,,2022,DHS,6257,6387,,,
KEN,376873,Knowledge of implants (married men),93.3,1,KE,Kenya,2022,KE2022DHS,FP_KMTM_M_IMP,32404090,I,1000,0,Total,Total,0,,1,1,FPKMTMMIMP,,2022,DHS,6257,6387,,,
KEN,376865,Knowledge of condom (married men),99.3,1,KE,Kenya,2022,KE2022DHS,FP_KMTM_M_MCN,32404100,I,1000,0,Total,Total,0,,1,1,FPKMTMMMCN,,2022,DHS,6257,6387,,,
KEN,376874,Knowledge of female condom (married men),87.9,1,KE,Kenya,2022,KE2022DHS,FP_KMTM_M_FCN,32404110,I,1000,0,Total,Total,0,,1,1,FPKMTMMFCN,,2022,DHS,6257,6387,,,
KEN,376866,Knowledge of lactational amenorrhea method (married men),45.5,1,KE,Kenya,2022,KE2022DHS,FP_KMTM_M_LAM,32404120,I,1000,0,Total,Total,0,,1,1,FPKMTMMLAM,,2022,DHS,6257,6387,,,
KEN,376880,Knowledge of emergency contraception (married men),80.8,1,KE,Kenya,2022,KE2022DHS,FP_KMTM_M_EMC,32404130,I,1000,0,Total,Total,0,,1,1,FPKMTMMEMC,,2022,DHS,6257,6387,,,
KEN,376881,Knowledge of standard days method (married men),48.3,1,KE,Kenya,2022,KE2022DHS,FP_KMTM_M_STD,32404170,I,1000,0,Total,Total,0,,1,1,FPKMTMMSTD,,2022,DHS,6257,6387,,,
KEN,376875,Knowledge of other modern methods (married men),0.2,1,KE,Kenya,2022,KE2022DHS,FP_KMTM_M_OMD,32404180,I,1000,0,Total,Total,0,,1,1,FPKMTMMOMD,,2022,DHS,6257,6387,,,
KEN,376878,Knowledge of any traditional method (married men),94.1,1,KE,Kenya,2022,KE2022DHS,FP_KMTM_M_TRA,32404190,I,1000,0,Total,Total,0,,1,1,FPKMTMMTRA,,2022,DHS,6257,6387,,,
KEN,376876,Knowledge of periodic abstinence (married men),83.3,1,KE,Kenya,2022,KE2022DHS,FP_KMTM_M_RHY,32404200,I,1000,0,Total,Total,0,,1,1,FPKMTMMRHY,,2022,DHS,6257,6387,,,
KEN,376879,Knowledge of withdrawal (married men),88.1,1,KE,Kenya,2022,KE2022DHS,FP_KMTM_M_WTH,32404210,I,1000,0,Total,Total,0,,1,1,FPKMTMMWTH,,2022,DHS,6257,6387,,,
KEN,376877,Mean number of contraceptive methods known (married men age 15-49),10.3,1,KE,Kenya,2022,KE2022DHS,FP_KMTM_M_MNM,32404270,I,1000,0,Total,Total,0,,1,1,FPKMTMMMNM,,2022,DHS,6257,6387,,,
KEN,230159,Knowledge of any method of contraception (sexually active unmmarried men),99.8,1,KE,Kenya,2022,KE2022DHS,FP_KMTU_M_ANY,32434010,I,1000,0,Total,Total,0,,1,1,FPKMTUMANY,,2022,DHS,1717,1525,,,
KEN,230157,Knowledge of any modern method of contraception (sexually active unmmarried men),99.8,1,KE,Kenya,2022,KE2022DHS,FP_KMTU_M_MOD,32434020,I,1000,0,Total,Total,0,,1,1,FPKMTUMMOD,,2022,DHS,1717,1525,,,
KEN,230152,Knowledge of female sterilization (sexually active unmmarried men),67.4,1,KE,Kenya,2022,KE2022DHS,FP_KMTU_M_FST,32434030,I,1000,0,Total,Total,0,,1,1,FPKMTUMFST,,2022,DHS,1717,1525,,,
KEN,230158,Knowledge of male sterilization (sexually active unmmarried men),58.8,1,KE,Kenya,2022,KE2022DHS,FP_KMTU_M_MST,32434040,I,1000,0,Total,Total,0,,1,1,FPKMTUMMST,,2022,DHS,1717,1525,,,
KEN,230153,Knowledge of pill (sexually active unmmarried men),90.3,1,KE,Kenya,2022,KE2022DHS,FP_KMTU_M_PIL,32434050,I,1000,0,Total,Total,0,,1,1,FPKMTUMPIL,,2022,DHS,1717,1525,,,
KEN,230166,Knowledge of IUD (sexually active unmmarried men),64.4,1,KE,Kenya,2022,KE2022DHS,FP_KMTU_M_IUD,32434060,I,1000,0,Total,Total,0,,1,1,FPKMTUMIUD,,2022,DHS,1717,1525,,,
KEN,230167,Knowledge of injections (sexually active unmmarried men),92.8,1,KE,Kenya,2022,KE2022DHS,FP_KMTU_M_INJ,32434070,I,1000,0,Total,Total,0,,1,1,FPKMTUMINJ,,2022,DHS,1717,1525,,,
KEN,230187,Knowledge of implants (sexually active unmmarried men),86.5,1,KE,Kenya,2022,KE2022DHS,FP_KMTU_M_IMP,32434090,I,1000,0,Total,Total,0,,1,1,FPKMTUMIMP,,2022,DHS,1717,1525,,,
KEN,230188,Knowledge of condom (sexually active unmmarried men),99.5,1,KE,Kenya,2022,KE2022DHS,FP_KMTU_M_MCN,32434100,I,1000,0,Total,Total,0,,1,1,FPKMTUMMCN,,2022,DHS,1717,1525,,,
KEN,230162,Knowledge of female condom (sexually active unmmarried men),84.6,1,KE,Kenya,2022,KE2022DHS,FP_KMTU_M_FCN,32434110,I,1000,0,Total,Total,0,,1,1,FPKMTUMFCN,,2022,DHS,1717,1525,,,
KEN,230154,Knowledge of lactational amenorrhea method (sexually active unmmarried men),36.6,1,KE,Kenya,2022,KE2022DHS,FP_KMTU_M_LAM,32434120,I,1000,0,Total,Total,0,,1,1,FPKMTUMLAM,,2022,DHS,1717,1525,,,
KEN,230163,Knowledge of emergency contraception (sexually active unmmarried men),81.7,1,KE,Kenya,2022,KE2022DHS,FP_KMTU_M_EMC,32434130,I,1000,0,Total,Total,0,,1,1,FPKMTUMEMC,,2022,DHS,1717,1525,,,
KEN,230160,Knowledge of standard days method (sexually active unmmarried men),44.5,1,KE,Kenya,2022,KE2022DHS,FP_KMTU_M_STD,32434170,I,1000,0,Total,Total,0,,1,1,FPKMTUMSTD,,2022,DHS,1717,1525,,,
KEN,230161,Knowledge of other modern methods (sexually active unmmarried men),0.3,1,KE,Kenya,2022,KE2022DHS,FP_KMTU_M_OMD,32434180,I,1000,0,Total,Total,0,,1,1,FPKMTUMOMD,,2022,DHS,1717,1525,,,
KEN,230155,Knowledge of any traditional method (sexually active unmmarried men),93.8,1,KE,Kenya,2022,KE2022DHS,FP_KMTU_M_TRA,32434190,I,1000,0,Total,Total,0,,1,1,FPKMTUMTRA,,2022,DHS,1717,1525,,,
KEN,230164,Knowledge of periodic abstinence (sexually active unmmarried men),81,1,KE,Kenya,2022,KE2022DHS,FP_KMTU_M_RHY,32434200,I,1000,0,Total,Total,0,,1,1,FPKMTUMRHY,,2022,DHS,1717,1525,,,
KEN,230156,Knowledge of withdrawal (sexually active unmmarried men),87.9,1,KE,Kenya,2022,KE2022DHS,FP_KMTU_M_WTH,32434210,I,1000,0,Total,Total,0,,1,1,FPKMTUMWTH,,2022,DHS,1717,1525,,,
KEN,230165,Mean number of methods known by sexually active unmarried men age 15-49,9.8,1,KE,Kenya,2022,KE2022DHS,FP_KMTU_M_MNM,32434270,I,1000,0,Total,Total,0,,1,1,FPKMTUMMNM,,2022,DHS,1717,1525,,,
KEN,752036,Knowledge of any method of contraception among married men,99.8,1,KE,Kenya,2022,KE2022DHS,FP_KMET_M_ANY,32464050,I,10000,10000,Total 15-49,Total 15-49,0,,1,1,FPKMETMANY,,2022,DHS,6257,6387,,,
KEN,752037,Knowledge of any modern method of contraception amonth married men,99.8,1,KE,Kenya,2022,KE2022DHS,FP_KMET_M_MOD,32464060,I,10000,10000,Total 15-49,Total 15-49,0,,1,1,FPKMETMMOD,,2022,DHS,6257,6387,,,
KEN,392070,Family planning messages on the radio [Men],68.5,1,KE,Kenya,2022,KE2022DHS,FP_EFPM_M_RDO,33104070,I,10000,10000,Total 15-49,Total 15-49,0,,1,1,FPEFPMMRDO,,2022,DHS,13652,13669,,,
KEN,392071,Family planning messages on television [Men],54.9,1,KE,Kenya,2022,KE2022DHS,FP_EFPM_M_TLV,33104080,I,10000,10000,Total 15-49,Total 15-49,0,,1,1,FPEFPMMTLV,,2022,DHS,13652,13669,,,
KEN,392072,Family planning messages in newspapers or magazines [Men],28.3,1,KE,Kenya,2022,KE2022DHS,FP_EFPM_M_NWS,33104090,I,10000,10000,Total 15-49,Total 15-49,0,,1,1,FPEFPMMNWS,,2022,DHS,13652,13669,,,
KEN,392073,Family planning messages in none of these three media [Men],21.7,1,KE,Kenya,2022,KE2022DHS,FP_EFPM_M_NON,33104100,I,10000,10000,Total 15-49,Total 15-49,0,,1,1,FPEFPMMNON,,2022,DHS,13652,13669,,,
KEN,141849,Current marital status [Men]: Never married,48.2,1,KE,Kenya,2022,KE2022DHS,MA_MSTA_M_NMA,41504120,I,10000,10000,Total 15-49,Total 15-49,0,,1,1,MAMSTAMNMA,,2022,DHS,13652,13669,,,
KEN,141850,Current marital status [Men]: Married,43.3,1,KE,Kenya,2022,KE2022DHS,MA_MSTA_M_MAR,41504130,I,10000,10000,Total 15-49,Total 15-49,0,,1,1,MAMSTAMMAR,,2022,DHS,13652,13669,,,
KEN,141820,Current marital status [Men]: Living together,2.6,1,KE,Kenya,2022,KE2022DHS,MA_MSTA_M_LTG,41504140,I,10000,10000,Total 15-49,Total 15-49,0,,1,1,MAMSTAMLTG,,2022,DHS,13652,13669,,,
KEN,141824,Current marital status [Men]: Divorced,1,1,KE,Kenya,2022,KE2022DHS,MA_MSTA_M_DIV,41504150,I,10000,10000,Total 15-49,Total 15-49,0,,1,1,MAMSTAMDIV,,2022,DHS,13652,13669,,,
KEN,141821,Current marital status [Men]: Not living together,4.6,1,KE,Kenya,2022,KE2022DHS,MA_MSTA_M_SEP,41504160,I,10000,10000,Total 15-49,Total 15-49,0,,1,1,MAMSTAMSEP,,2022,DHS,13652,13669,,,
KEN,141825,Current marital status [Men]: Widowed,0.4,1,KE,Kenya,2022,KE2022DHS,MA_MSTA_M_WID,41504170,I,10000,10000,Total 15-49,Total 15-49,0,,1,1,MAMSTAMWID,,2022,DHS,13652,13669,,,
KEN,141823,Current marital status [Men]: Married or living in union,45.8,1,KE,Kenya,2022,KE2022DHS,MA_MSTA_M_UNI,41504200,I,10000,10000,Total 15-49,Total 15-49,0,,1,1,MAMSTAMUNI,,2022,DHS,13652,13669,,,
KEN,333867,Number of wives: One wife,95.5,1,KE,Kenya,2022,KE2022DHS,MA_WIVE_M_1WV,41564010,I,10000,10000,Total 15-49,Total 15-49,0,,1,1,MAWIVEM1WV,,2022,DHS,6257,6387,,,
KEN,333865,Number of wives: Two or more wives,4.5,1,KE,Kenya,2022,KE2022DHS,MA_WIVE_M_2PW,41564020,I,10000,10000,Total 15-49,Total 15-49,0,,1,1,MAWIVEM2PW,,2022,DHS,6257,6387,,,
KEN,615914,Men first married by exact age 15,0.5,1,KE,Kenya,2022,KE2022DHS,MA_MBAG_M_B15,41604100,I,12001,12001,Total 25-49,Total 25-49,0,,1,1,MAMBAGMB15,,2022,DHS,8073,7988,,,
KEN,615915,Men first married by exact age 18,3.9,1,KE,Kenya,2022,KE2022DHS,MA_MBAG_M_B18,41604110,I,12001,12001,Total 25-49,Total 25-49,0,,1,1,MAMBAGMB18,,2022,DHS,8073,7988,,,
KEN,615916,Men first married by exact age 20,9.7,1,KE,Kenya,2022,KE2022DHS,MA_MBAG_M_B20,41604120,I,12001,12001,Total 25-49,Total 25-49,0,,1,1,MAMBAGMB20,,2022,DHS,8073,7988,,,
KEN,615913,Men first married by exact age 22,19.7,1,KE,Kenya,2022,KE2022DHS,MA_MBAG_M_B22,41604130,I,12001,12001,Total 25-49,Total 25-49,0,,1,1,MAMBAGMB22,,2022,DHS,8073,7988,,,
KEN,615917,Men first married by exact age 25,42.3,1,KE,Kenya,2022,KE2022DHS,MA_MBAG_M_B25,41604140,I,12001,12001,Total 25-49,Total 25-49,0,,1,1,MAMBAGMB25,,2022,DHS,8073,7988,,,
KEN,615912,Men never married,17.8,1,KE,Kenya,2022,KE2022DHS,MA_MBAG_M_NMA,41604170,I,12001,12001,Total 25-49,Total 25-49,0,,1,1,MAMBAGMNMA,,2022,DHS,8073,7988,,,
KEN,142854,Median age at first marriage [Men]: 30-34,26,1,KE,Kenya,2022,KE2022DHS,MA_AAFM_M_M30,41634120,I,1000,0,Total,Total,0,,1,1,MAAAFMMM30,,2022,DHS,,,,,
KEN,142851,Median age at first marriage [Men]: 35-39,25.5,1,KE,Kenya,2022,KE2022DHS,MA_AAFM_M_M35,41634130,I,1000,0,Total,Total,0,,1,1,MAAAFMMM35,,2022,DHS,,,,,
KEN,142852,Median age at first marriage [Men]: 40-44,26.1,1,KE,Kenya,2022,KE2022DHS,MA_AAFM_M_M40,41634140,I,1000,0,Total,Total,0,,1,1,MAAAFMMM40,,2022,DHS,,,,,
KEN,142853,Median age at first marriage [Men]: 45-49,25.7,1,KE,Kenya,2022,KE2022DHS,MA_AAFM_M_M45,41634150,I,1000,0,Total,Total,0,,1,1,MAAAFMMM45,,2022,DHS,,,,,
KEN,142860,Median age at first marriage [Men]: 50-54,25.8,1,KE,Kenya,2022,KE2022DHS,MA_AAFM_M_M50,41634160,I,1000,0,Total,Total,0,,1,1,MAAAFMMM50,,2022,DHS,,,,,
KEN,511124,First sexual intercourse by exact age 15 [Men],19.8,1,KE,Kenya,2022,KE2022DHS,SX_SBAG_M_B15,51664100,I,12001,12001,Total 25-49,Total 25-49,0,,1,1,SXSBAGMB15,,2022,DHS,8073,7988,,,
KEN,511123,First sexual intercourse by exact age 18 [Men],54.1,1,KE,Kenya,2022,KE2022DHS,SX_SBAG_M_B18,51664110,I,12001,12001,Total 25-49,Total 25-49,0,,1,1,SXSBAGMB18,,2022,DHS,8073,7988,,,
KEN,511122,First sexual intercourse by exact age 20 [Men],72.1,1,KE,Kenya,2022,KE2022DHS,SX_SBAG_M_B20,51664120,I,12001,12001,Total 25-49,Total 25-49,0,,1,1,SXSBAGMB20,,2022,DHS,8073,7988,,,
KEN,511129,First sexual intercourse by exact age 22 [Men],84.9,1,KE,Kenya,2022,KE2022DHS,SX_SBAG_M_B22,51664130,I,12001,12001,Total 25-49,Total 25-49,0,,1,1,SXSBAGMB22,,2022,DHS,8073,7988,,,
KEN,511130,First sexual intercourse by exact age 25 [Men],92.7,1,KE,Kenya,2022,KE2022DHS,SX_SBAG_M_B25,51664140,I,12001,12001,Total 25-49,Total 25-49,0,,1,1,SXSBAGMB25,,2022,DHS,8073,7988,,,
KEN,511131,Never had sexual intercourse [Men],0.8,1,KE,Kenya,2022,KE2022DHS,SX_SBAG_M_NSX,51664150,I,12001,12001,Total 25-49,Total 25-49,0,,1,1,SXSBAGMNSX,,2022,DHS,8073,7988,,,
KEN,143564,Median age at first sexual intercourse [Men]: 20-24,17.8,1,KE,Kenya,2022,KE2022DHS,SX_AAFS_M_M20,51704100,I,1000,0,Total,Total,0,,1,1,SXAAFSMM20,,2022,DHS,,,,,
KEN,143547,Median age at first sexual intercourse [Men]: 25-29,17.2,1,KE,Kenya,2022,KE2022DHS,SX_AAFS_M_M25,51704110,I,1000,0,Total,Total,0,,1,1,SXAAFSMM25,,2022,DHS,,,,,
KEN,143548,Median age at first sexual intercourse [Men]: 30-34,17.7,1,KE,Kenya,2022,KE2022DHS,SX_AAFS_M_M30,51704120,I,1000,0,Total,Total,0,,1,1,SXAAFSMM30,,2022,DHS,,,,,
KEN,143565,Median age at first sexual intercourse [Men]: 35-39,17.8,1,KE,Kenya,2022,KE2022DHS,SX_AAFS_M_M35,51704130,I,1000,0,Total,Total,0,,1,1,SXAAFSMM35,,2022,DHS,,,,,
KEN,143566,Median age at first sexual intercourse [Men]: 40-44,18.1,1,KE,Kenya,2022,KE2022DHS,SX_AAFS_M_M40,51704140,I,1000,0,Total,Total,0,,1,1,SXAAFSMM40,,2022,DHS,,,,,
KEN,143571,Median age at first sexual intercourse [Men]: 45-49,17.6,1,KE,Kenya,2022,KE2022DHS,SX_AAFS_M_M45,51704150,I,1000,0,Total,Total,0,,1,1,SXAAFSMM45,,2022,DHS,,,,,
KEN,143569,Median age at first sexual intercourse [Men]: 50-54,17.8,1,KE,Kenya,2022,KE2022DHS,SX_AAFS_M_M50,51704160,I,1000,0,Total,Total,0,,1,1,SXAAFSMM50,,2022,DHS,,,,,
KEN,143572,"Median age at first sexual intercourse [Men]: 20-49(54,59)",17.7,1,KE,Kenya,2022,KE2022DHS,SX_AAFS_M_M2A,51704170,I,1000,0,Total,Total,0,,1,1,SXAAFSMM2A,,2022,DHS,,,,,
KEN,143570,"Median age at first sexual intercourse [Men]: 25-49(54,59)",17.6,1,KE,Kenya,2022,KE2022DHS,SX_AAFS_M_M2B,51704180,I,1000,0,Total,Total,0,,1,1,SXAAFSMM2B,,2022,DHS,,,,,
KEN,645038,Recent sexual activity [Men]: Active 4 Weeks,50,1,KE,Kenya,2022,KE2022DHS,SX_LSEX_M_4WK,51734090,I,10000,10000,Total 15-49,Total 15-49,0,,1,1,SXLSEXM4WK,,2022,DHS,13652,13669,,,
KEN,645039,Recent sexual activity [Men]: Within the last year,23.5,1,KE,Kenya,2022,KE2022DHS,SX_LSEX_M_1YR,51734100,I,10000,10000,Total 15-49,Total 15-49,0,,1,1,SXLSEXM1YR,,2022,DHS,13652,13669,,,
KEN,645040,Recent sexual activity [Men]: One or more years ago,9.8,1,KE,Kenya,2022,KE2022DHS,SX_LSEX_M_1PY,51734110,I,10000,10000,Total 15-49,Total 15-49,0,,1,1,SXLSEXM1PY,,2022,DHS,13652,13669,,,
KEN,645043,Recent sexual activity [Men]: Never had sex,16.7,1,KE,Kenya,2022,KE2022DHS,SX_LSEX_M_NSX,51734130,I,10000,10000,Total 15-49,Total 15-49,0,,1,1,SXLSEXMNSX,,2022,DHS,13652,13669,,,
KEN,737654,Men circumcised,94.2,1,KE,Kenya,2022,KE2022DHS,HA_MCRC_M_MCC,135634010,I,10000,10000,Total 15-49,Total 15-49,0,,1,1,HAMCRCMMCC,,2022,DHS,13652,13669,,,
