ISO3,DataId,Indicator,Value,Precision,DHS_CountryCode,CountryName,SurveyYear,SurveyId,IndicatorId,IndicatorOrder,IndicatorType,CharacteristicId,CharacteristicOrder,CharacteristicCategory,CharacteristicLabel,ByVariableId,ByVariableLabel,IsTotal,IsPreferred,SDRID,RegionId,SurveyYearLabel,SurveyType,DenominatorWeighted,DenominatorUnweighted,CILow,CIHigh,LevelRank
KEN,130878,Age specific fertility rate: 15-19,153,0,KE,Kenya,1989,KE1989DHS,FE_FRTR_W_A15,11763010,I,1000,0,Total,Total,0,,1,1,FEFRTRWA15,,1989,DHS,,,,,
KEN,505140,Women giving birth by age 18,41.5,1,KE,Kenya,1989,KE1989DHS,FE_BBAG_W_A18,12063020,I,12001,12001,Total 25-49,Total 25-49,0,,1,1,FEBBAGWA18,,1989,DHS,4332,4267,,,
KEN,74107,Married women currently using any method of contraception,26.9,1,KE,Kenya,1989,KE1989DHS,FP_CUSM_W_ANY,32633010,I,1000,0,Total,Total,0,,1,1,FPCUSMWANY,,1989,DHS,4765,4778,,,
KEN,507487,Current marital status [Women]: Married or living in union,66.6,1,KE,Kenya,1989,KE1989DHS,MA_MSTA_W_UNI,41503090,I,10000,10000,Total 15-49,Total 15-49,0,,1,1,MAMSTAWUNI,,1989,DHS,7150,7150,,,
KEN,415195,Women first married by exact age 15,19.7,1,KE,Kenya,1989,KE1989DHS,MA_MBAG_W_B15,41603010,I,12001,12001,Total 25-49,Total 25-49,0,,1,1,MAMBAGWB15,,1989,DHS,4332,4267,,,
KEN,415196,Women first married by exact age 18,48.7,1,KE,Kenya,1989,KE1989DHS,MA_MBAG_W_B18,41603020,I,12001,12001,Total 25-49,Total 25-49,0,,1,1,MAMBAGWB18,,1989,DHS,4332,4267,,,
KEN,782066,Neonatal mortality rate,28,0,KE,Kenya,1989,KE1989DHS,CM_ECMR_C_NNR,63206010,I,1000,0,Total,Total,14001,Five years preceding the survey,1,1,CMECMRCNNR,,1989,DHS,,,23,32,
KEN,771903,Neonatal mortality rate,25,0,KE,Kenya,1989,KE1989DHS,CM_ECMR_C_NNR,63206010,I,1000,0,Total,Total,14003,Ten years preceding the survey,1,0,CMECMRCNNR,,1989,DHS,,,21,29,
KEN,800445,Postneonatal mortality rate,33,0,KE,Kenya,1989,KE1989DHS,CM_ECMR_C_PNR,63206020,I,1000,0,Total,Total,14001,Five years preceding the survey,1,1,CMECMRCPNR,,1989,DHS,,,26,40,
KEN,770114,Postneonatal mortality rate,34,0,KE,Kenya,1989,KE1989DHS,CM_ECMR_C_PNR,63206020,I,1000,0,Total,Total,14003,Ten years preceding the survey,1,0,CMECMRCPNR,,1989,DHS,,,29,39,
KEN,814575,Infant mortality rate,61,0,KE,Kenya,1989,KE1989DHS,CM_ECMR_C_IMR,63206030,I,1000,0,Total,Total,14001,Five years preceding the survey,1,1,CMECMRCIMR,,1989,DHS,,,52,69,
KEN,806038,Infant mortality rate,59,0,KE,Kenya,1989,KE1989DHS,CM_ECMR_C_IMR,63206030,I,1000,0,Total,Total,14003,Ten years preceding the survey,1,0,CMECMRCIMR,,1989,DHS,,,52,66,
KEN,784973,Child mortality rate,31,0,KE,Kenya,1989,KE1989DHS,CM_ECMR_C_CMR,63206040,I,1000,0,Total,Total,14001,Five years preceding the survey,1,1,CMECMRCCMR,,1989,DHS,,,24,38,
KEN,814374,Child mortality rate,34,0,KE,Kenya,1989,KE1989DHS,CM_ECMR_C_CMR,63206040,I,1000,0,Total,Total,14003,Ten years preceding the survey,1,0,CMECMRCCMR,,1989,DHS,,,27,42,
KEN,773372,Under-five mortality rate,90,0,KE,Kenya,1989,KE1989DHS,CM_ECMR_C_U5M,63206050,I,1000,0,Total,Total,14001,Five years preceding the survey,1,1,CMECMRCU5M,,1989,DHS,,,77,102,
KEN,117650,Under-five mortality rate,91,0,KE,Kenya,1989,KE1989DHS,CM_ECMR_C_U5M,63206050,I,1000,0,Total,Total,14003,Ten years preceding the survey,1,0,CMECMRCU5M,,1989,DHS,,,79,103,
KEN,348819,Antenatal care from a skilled provider,78,1,KE,Kenya,1989,KE1989DHS,RH_ANCP_W_SKP,83363120,I,1000,0,Total,Total,14000,Three years preceding the survey,1,0,RHANCPWSKP,,1989,DHS,3559,3492,,,
KEN,760414,Antenatal care from a skilled provider,78,1,KE,Kenya,1989,KE1989DHS,RH_ANCP_W_SKP,83363120,I,1000,0,Total,Total,14001,Five years preceding the survey,1,0,RHANCPWSKP,,1989,DHS,4237,4201,,,
KEN,814764,Antenatal care from a skilled provider,77.6,1,KE,Kenya,1989,KE1989DHS,RH_ANCP_W_SKP,83363120,I,1000,0,Total,Total,14002,Two years preceding the survey,1,1,RHANCPWSKP,,1989,DHS,2701,2658,,,
KEN,388777,Assistance during delivery from a skilled provider,50.6,1,KE,Kenya,1989,KE1989DHS,RH_DELA_C_SKP,83606110,I,1000,0,Total,Total,14000,Three years preceding the survey,1,0,RHDELACSKP,,1989,DHS,4388,4298,,,
KEN,435106,Assistance during delivery from a skilled provider,50.1,1,KE,Kenya,1989,KE1989DHS,RH_DELA_C_SKP,83606110,I,1000,0,Total,Total,14001,Five years preceding the survey,1,0,RHDELACSKP,,1989,DHS,7127,6980,,,
KEN,813856,Assistance during delivery from a skilled provider,51.9,1,KE,Kenya,1989,KE1989DHS,RH_DELA_C_SKP,83606110,I,1000,0,Total,Total,14002,Two years preceding the survey,1,1,RHDELACSKP,,1989,DHS,2875,2836,,,
KEN,760422,Children ever breastfed,97.8,1,KE,Kenya,1989,KE1989DHS,CN_BRFI_C_EVR,104266010,I,1000,0,Total,Total,0,,1,1,CNBRFICEVR,,1989,DHS,2701,2658,,,
KEN,516014,Children exclusively breastfed,23,1,KE,Kenya,1989,KE1989DHS,CN_BRFS_C_EXB,104306020,I,295001,21001,Age in months (other groupings),0-5,0,,1,1,CNBRFSCEXB,,1989,DHS,672,671,,,
KEN,516008,Children breastfeeding and consuming plain water only,17.1,1,KE,Kenya,1989,KE1989DHS,CN_BRFS_C_WAT,104306030,I,295001,21001,Age in months (other groupings),0-5,0,,1,1,CNBRFSCWAT,,1989,DHS,672,671,,,
KEN,516010,Children breastfeeding and consuming non-milk liquids,5.6,1,KE,Kenya,1989,KE1989DHS,CN_BRFS_C_LIQ,104306040,I,295001,21001,Age in months (other groupings),0-5,0,,1,1,CNBRFSCLIQ,,1989,DHS,672,671,,,
KEN,516011,Children breastfeeding and consuming complementary foods,23.7,1,KE,Kenya,1989,KE1989DHS,CN_BRFS_C_CMP,104306060,I,295001,21001,Age in months (other groupings),0-5,0,,1,1,CNBRFSCCMP,,1989,DHS,672,671,,,
KEN,516013,Children currently breastfeeding,98.3,1,KE,Kenya,1989,KE1989DHS,CN_BRFS_C_BRF,104306080,I,295001,21001,Age in months (other groupings),0-5,0,,1,1,CNBRFSCBRF,,1989,DHS,672,671,,,
KEN,676913,Children using a bottle with a nipple,23.1,1,KE,Kenya,1989,KE1989DHS,CN_BRFS_C_BNP,104306110,I,295001,21001,Age in months (other groupings),0-5,0,,1,1,CNBRFSCBNP,,1989,DHS,678,680,,,
KEN,53281,Median duration of any breastfeeding,19.9,1,KE,Kenya,1989,KE1989DHS,CN_BFDR_C_MDA,104336010,I,1000,0,Total,Total,0,,1,1,CNBFDRCMDA,,1989,DHS,,,,,
KEN,130954,Age specific fertility rate: 15-19,110,0,KE,Kenya,1993,KE1993DHS,FE_FRTR_W_A15,11763010,I,1000,0,Total,Total,0,,1,1,FEFRTRWA15,,1993,DHS,,,,,
KEN,713747,Women giving birth by age 18,36,1,KE,Kenya,1993,KE1993DHS,FE_BBAG_W_A18,12063020,I,12001,12001,Total 25-49,Total 25-49,0,,1,1,FEBBAGWA18,,1993,DHS,4148,4147,,,
KEN,471445,Married women currently using any method of contraception,32.7,1,KE,Kenya,1993,KE1993DHS,FP_CUSM_W_ANY,32633010,I,1000,0,Total,Total,0,,1,1,FPCUSMWANY,,1993,DHS,4629,4583,,,
KEN,516299,Unmet need for family planning,35.3,1,KE,Kenya,1993,KE1993DHS,FP_NADM_W_UNT,32933030,I,1000,0,Total,Total,0,,1,1,FPNADMWUNT,,1993,DHS,4629,4583,,,
KEN,62162,Current marital status [Women]: Married or living in union,61.4,1,KE,Kenya,1993,KE1993DHS,MA_MSTA_W_UNI,41503090,I,10000,10000,Total 15-49,Total 15-49,0,,1,1,MAMSTAWUNI,,1993,DHS,7540,7540,,,
KEN,204538,Women first married by exact age 15,12.9,1,KE,Kenya,1993,KE1993DHS,MA_MBAG_W_B15,41603010,I,12001,12001,Total 25-49,Total 25-49,0,,1,1,MAMBAGWB15,,1993,DHS,4148,4147,,,
KEN,204539,Women first married by exact age 18,41.7,1,KE,Kenya,1993,KE1993DHS,MA_MBAG_W_B18,41603020,I,12001,12001,Total 25-49,Total 25-49,0,,1,1,MAMBAGWB18,,1993,DHS,4148,4147,,,
KEN,630659,First sexual intercourse by exact age 15 [Women],22.4,1,KE,Kenya,1993,KE1993DHS,SX_SBAG_W_B15,51663010,I,12001,12001,Total 25-49,Total 25-49,0,,1,1,SXSBAGWB15,,1993,DHS,4148,4147,,,
KEN,821603,Neonatal mortality rate,26,0,KE,Kenya,1993,KE1993DHS,CM_ECMR_C_NNR,63206010,I,1000,0,Total,Total,14001,Five years preceding the survey,1,1,CMECMRCNNR,,1993,DHS,,,21,31,
KEN,796817,Neonatal mortality rate,27,0,KE,Kenya,1993,KE1993DHS,CM_ECMR_C_NNR,63206010,I,1000,0,Total,Total,14003,Ten years preceding the survey,1,0,CMECMRCNNR,,1993,DHS,,,23,31,
KEN,802981,Postneonatal mortality rate,36,0,KE,Kenya,1993,KE1993DHS,CM_ECMR_C_PNR,63206020,I,1000,0,Total,Total,14001,Five years preceding the survey,1,1,CMECMRCPNR,,1993,DHS,,,29,43,
KEN,818833,Postneonatal mortality rate,36,0,KE,Kenya,1993,KE1993DHS,CM_ECMR_C_PNR,63206020,I,1000,0,Total,Total,14003,Ten years preceding the survey,1,0,CMECMRCPNR,,1993,DHS,,,31,41,
KEN,812467,Infant mortality rate,62,0,KE,Kenya,1993,KE1993DHS,CM_ECMR_C_IMR,63206030,I,1000,0,Total,Total,14001,Five years preceding the survey,1,1,CMECMRCIMR,,1993,DHS,,,53,70,
KEN,812054,Infant mortality rate,63,0,KE,Kenya,1993,KE1993DHS,CM_ECMR_C_IMR,63206030,I,1000,0,Total,Total,14003,Ten years preceding the survey,1,0,CMECMRCIMR,,1993,DHS,,,55,70,
KEN,832176,Child mortality rate,37,0,KE,Kenya,1993,KE1993DHS,CM_ECMR_C_CMR,63206040,I,1000,0,Total,Total,14001,Five years preceding the survey,1,1,CMECMRCCMR,,1993,DHS,,,31,42,
KEN,812157,Child mortality rate,33,0,KE,Kenya,1993,KE1993DHS,CM_ECMR_C_CMR,63206040,I,1000,0,Total,Total,14003,Ten years preceding the survey,1,0,CMECMRCCMR,,1993,DHS,,,28,37,
KEN,772275,Under-five mortality rate,96,0,KE,Kenya,1993,KE1993DHS,CM_ECMR_C_U5M,63206050,I,1000,0,Total,Total,14001,Five years preceding the survey,1,1,CMECMRCU5M,,1993,DHS,,,86,107,
KEN,776829,Under-five mortality rate,93,0,KE,Kenya,1993,KE1993DHS,CM_ECMR_C_U5M,63206050,I,1000,0,Total,Total,14003,Ten years preceding the survey,1,0,CMECMRCU5M,,1993,DHS,,,84,102,
KEN,758581,Antenatal care from a skilled provider,94.6,1,KE,Kenya,1993,KE1993DHS,RH_ANCP_W_SKP,83363120,I,1000,0,Total,Total,14000,Three years preceding the survey,1,0,RHANCPWSKP,,1993,DHS,3103,3080,,,
KEN,571918,Antenatal care from a skilled provider,94.8,1,KE,Kenya,1993,KE1993DHS,RH_ANCP_W_SKP,83363120,I,1000,0,Total,Total,14001,Five years preceding the survey,1,0,RHANCPWSKP,,1993,DHS,3936,3904,,,
KEN,454225,Antenatal care from a skilled provider,94.3,1,KE,Kenya,1993,KE1993DHS,RH_ANCP_W_SKP,83363120,I,1000,0,Total,Total,14002,Two years preceding the survey,1,1,RHANCPWSKP,,1993,DHS,2307,2305,,,
KEN,417546,Antenatal visits for pregnancy: 4+ visits,63.2,1,KE,Kenya,1993,KE1993DHS,RH_ANCN_W_N4P,83403040,I,1000,0,Total,Total,14000,Three years preceding the survey,1,0,RHANCNWN4P,,1993,DHS,3103,3080,,,
KEN,536377,Antenatal visits for pregnancy: 4+ visits,64.1,1,KE,Kenya,1993,KE1993DHS,RH_ANCN_W_N4P,83403040,I,1000,0,Total,Total,14001,Five years preceding the survey,1,0,RHANCNWN4P,,1993,DHS,3936,3904,,,
KEN,46836,Antenatal visits for pregnancy: 4+ visits,62.3,1,KE,Kenya,1993,KE1993DHS,RH_ANCN_W_N4P,83403040,I,1000,0,Total,Total,14002,Two years preceding the survey,1,1,RHANCNWN4P,,1993,DHS,2307,2305,,,
KEN,12024,Place of delivery: Health facility,42.4,1,KE,Kenya,1993,KE1993DHS,RH_DELP_C_DHF,83566070,I,1000,0,Total,Total,14000,Three years preceding the survey,1,0,RHDELPCDHF,,1993,DHS,3645,3655,,,
KEN,353179,Place of delivery: Health facility,43.8,1,KE,Kenya,1993,KE1993DHS,RH_DELP_C_DHF,83566070,I,1000,0,Total,Total,14001,Five years preceding the survey,1,0,RHDELPCDHF,,1993,DHS,6128,6115,,,
KEN,572824,Place of delivery: Health facility,41.7,1,KE,Kenya,1993,KE1993DHS,RH_DELP_C_DHF,83566070,I,1000,0,Total,Total,14002,Two years preceding the survey,1,1,RHDELPCDHF,,1993,DHS,2408,2415,,,
KEN,323830,Assistance during delivery from a skilled provider,43.8,1,KE,Kenya,1993,KE1993DHS,RH_DELA_C_SKP,83606110,I,1000,0,Total,Total,14000,Three years preceding the survey,1,0,RHDELACSKP,,1993,DHS,3645,3655,,,
KEN,324406,Assistance during delivery from a skilled provider,45.1,1,KE,Kenya,1993,KE1993DHS,RH_DELA_C_SKP,83606110,I,1000,0,Total,Total,14001,Five years preceding the survey,1,0,RHDELACSKP,,1993,DHS,6128,6115,,,
KEN,564845,Assistance during delivery from a skilled provider,43.1,1,KE,Kenya,1993,KE1993DHS,RH_DELA_C_SKP,83606110,I,1000,0,Total,Total,14002,Two years preceding the survey,1,1,RHDELACSKP,,1993,DHS,2408,2415,,,
KEN,323831,Delivery by cesarean section,5.4,1,KE,Kenya,1993,KE1993DHS,RH_DELA_C_CSC,83606120,I,1000,0,Total,Total,14000,Three years preceding the survey,1,0,RHDELACCSC,,1993,DHS,3645,3655,,,
KEN,324407,Delivery by cesarean section,5.2,1,KE,Kenya,1993,KE1993DHS,RH_DELA_C_CSC,83606120,I,1000,0,Total,Total,14001,Five years preceding the survey,1,0,RHDELACCSC,,1993,DHS,6128,6115,,,
KEN,564846,Delivery by cesarean section,5.8,1,KE,Kenya,1993,KE1993DHS,RH_DELA_C_CSC,83606120,I,1000,0,Total,Total,14002,Two years preceding the survey,1,1,RHDELACCSC,,1993,DHS,2408,2415,,,
KEN,390362,Birth weight of child reported,42.9,1,KE,Kenya,1993,KE1993DHS,CH_SZWT_C_REP,93856060,I,1000,0,Total,Total,14000,Three years preceding the survey,1,0,CHSZWTCREP,,1993,DHS,3645,3655,,,
KEN,386656,Birth weight of child reported,43.7,1,KE,Kenya,1993,KE1993DHS,CH_SZWT_C_REP,93856060,I,1000,0,Total,Total,14001,Five years preceding the survey,1,1,CHSZWTCREP,,1993,DHS,6128,6115,,,
KEN,511419,Birth weight of child reported,42.4,1,KE,Kenya,1993,KE1993DHS,CH_SZWT_C_REP,93856060,I,1000,0,Total,Total,14002,Two years preceding the survey,1,0,CHSZWTCREP,,1993,DHS,2408,2415,,,
KEN,742995,BCG vaccination received in first year,94.3,1,KE,Kenya,1993,KE1993DHS,CH_VAC1_C_BCG,93936010,I,1000,0,Total,Total,0,,1,1,CHVAC1CBCG,,1993,DHS,4536,4511,,,
KEN,742998,DPT 3 vaccination received in first year,83.7,1,KE,Kenya,1993,KE1993DHS,CH_VAC1_C_DP3,93936040,I,1000,0,Total,Total,0,,1,1,CHVAC1CDP3,,1993,DHS,4536,4511,,,
KEN,743005,Polio 3 vaccination received in first year,82.5,1,KE,Kenya,1993,KE1993DHS,CH_VAC1_C_OP3,93936080,I,1000,0,Total,Total,0,,1,1,CHVAC1COP3,,1993,DHS,4536,4511,,,
KEN,743002,Measles vaccination received in first year,39.6,1,KE,Kenya,1993,KE1993DHS,CH_VAC1_C_MSL,93936090,I,1000,0,Total,Total,0,,1,1,CHVAC1CMSL,,1993,DHS,4536,4511,,,
KEN,742999,Fully vaccinated (8 basic antigens),36.3,1,KE,Kenya,1993,KE1993DHS,CH_VAC1_C_BAS,93936230,I,1000,0,Total,Total,0,,1,1,CHVAC1CBAS,,1993,DHS,4536,4511,,,
KEN,743828,Children with ARI for whom advice or treatment was sought,72.3,1,KE,Kenya,1993,KE1993DHS,CH_ARIS_C_ADV,93966040,I,1000,0,Total,Total,14000,Three years preceding the survey,1,0,CHARISCADV,,1993,DHS,705,687,,,
KEN,366332,Children with ARI for whom advice or treatment was sought,71.2,1,KE,Kenya,1993,KE1993DHS,CH_ARIS_C_ADV,93966040,I,1000,0,Total,Total,14001,Five years preceding the survey,1,1,CHARISCADV,,1993,DHS,1027,1007,,,
KEN,678329,Treatment of diarrhea: Advice or treatment was sought,55.9,1,KE,Kenya,1993,KE1993DHS,CH_DIAT_C_ADV,94096010,I,1000,0,Total,Total,14000,Three years preceding the survey,1,0,CHDIATCADV,,1993,DHS,632,617,,,
KEN,540330,Treatment of diarrhea: Advice or treatment was sought,55.9,1,KE,Kenya,1993,KE1993DHS,CH_DIAT_C_ADV,94096010,I,1000,0,Total,Total,14001,Five years preceding the survey,1,1,CHDIATCADV,,1993,DHS,779,756,,,
KEN,678319,Treatment of diarrhea: ORT or increased fluids,56,1,KE,Kenya,1993,KE1993DHS,CH_DIAT_C_ORI,94096060,I,1000,0,Total,Total,14000,Three years preceding the survey,1,0,CHDIATCORI,,1993,DHS,632,617,,,
KEN,540329,Treatment of diarrhea: ORT or increased fluids,57.4,1,KE,Kenya,1993,KE1993DHS,CH_DIAT_C_ORI,94096060,I,1000,0,Total,Total,14001,Five years preceding the survey,1,1,CHDIATCORI,,1993,DHS,779,756,,,
KEN,622315,Children stunted,39.9,1,KE,Kenya,1993,KE1993DHS,CN_NUTS_C_HA2,104236020,I,1000,0,Total,Total,0,,1,1,CNNUTSCHA2,,1993,DHS,4757,4829,,,
KEN,720922,Children wasted,6.7,1,KE,Kenya,1993,KE1993DHS,CN_NUTS_C_WH2,104236050,I,1000,0,Total,Total,0,,1,1,CNNUTSCWH2,,1993,DHS,4757,4829,,,
KEN,272670,Children underweight,18.7,1,KE,Kenya,1993,KE1993DHS,CN_NUTS_C_WA2,104236090,I,1000,0,Total,Total,0,,1,1,CNNUTSCWA2,,1993,DHS,4757,4829,,,
KEN,272672,Children overweight for their age,1.3,1,KE,Kenya,1993,KE1993DHS,CN_NUTS_C_WAP,104236100,I,1000,0,Total,Total,0,,1,1,CNNUTSCWAP,,1993,DHS,4757,4829,,,
KEN,580815,Children ever breastfed,97.3,1,KE,Kenya,1993,KE1993DHS,CN_BRFI_C_EVR,104266010,I,1000,0,Total,Total,0,,1,1,CNBRFICEVR,,1993,DHS,2307,2305,,,
KEN,662750,Children exclusively breastfed,17,1,KE,Kenya,1993,KE1993DHS,CN_BRFS_C_EXB,104306020,I,295001,21001,Age in months (other groupings),0-5,0,,1,1,CNBRFSCEXB,,1993,DHS,514,518,,,
KEN,662757,Children breastfeeding and consuming plain water only,17.1,1,KE,Kenya,1993,KE1993DHS,CN_BRFS_C_WAT,104306030,I,295001,21001,Age in months (other groupings),0-5,0,,1,1,CNBRFSCWAT,,1993,DHS,514,518,,,
KEN,662743,Children breastfeeding and consuming complementary foods,48,1,KE,Kenya,1993,KE1993DHS,CN_BRFS_C_CMP,104306060,I,295001,21001,Age in months (other groupings),0-5,0,,1,1,CNBRFSCCMP,,1993,DHS,514,518,,,
KEN,662756,Children currently breastfeeding,98.4,1,KE,Kenya,1993,KE1993DHS,CN_BRFS_C_BRF,104306080,I,295001,21001,Age in months (other groupings),0-5,0,,1,1,CNBRFSCBRF,,1993,DHS,514,518,,,
KEN,580178,Children using a bottle with a nipple,15.8,1,KE,Kenya,1993,KE1993DHS,CN_BRFS_C_BNP,104306110,I,295001,21001,Age in months (other groupings),0-5,0,,1,1,CNBRFSCBNP,,1993,DHS,521,524,,,
KEN,53331,Median duration of any breastfeeding,21.1,1,KE,Kenya,1993,KE1993DHS,CN_BFDR_C_MDA,104336010,I,1000,0,Total,Total,0,,1,1,CNBFDRCMDA,,1993,DHS,,,,,
KEN,215267,Population using an improved water source,38.6,1,KE,Kenya,1993,KE1993DHS,WS_SRCE_P_IMP,250162010,I,1000,0,Total,Total,0,,1,1,WSSRCEPIMP,,1993,DHS,38096,37934,,,
KEN,625480,Population with an improved sanitation facility,13.6,1,KE,Kenya,1993,KE1993DHS,WS_TLET_P_IMP,250262010,I,1000,0,Total,Total,0,,1,1,WSTLETPIMP,,1993,DHS,38096,37934,,,
KEN,131067,Age specific fertility rate: 15-19,111,0,KE,Kenya,1998,KE1998DHS,FE_FRTR_W_A15,11763010,I,1000,0,Total,Total,0,,1,1,FEFRTRWA15,,1998,DHS,,,,,
KEN,406095,Women giving birth by age 18,33.6,1,KE,Kenya,1998,KE1998DHS,FE_BBAG_W_A18,12063020,I,12001,12001,Total 25-49,Total 25-49,0,,1,1,FEBBAGWA18,,1998,DHS,4482,4487,,,
KEN,737702,Married women currently using any method of contraception,39,1,KE,Kenya,1998,KE1998DHS,FP_CUSM_W_ANY,32633010,I,1000,0,Total,Total,0,,1,1,FPCUSMWANY,,1998,DHS,4834,4847,,,
KEN,73449,Unmet need for family planning,28,1,KE,Kenya,1998,KE1998DHS,FP_NADM_W_UNT,32933030,I,1000,0,Total,Total,0,,1,1,FPNADMWUNT,,1998,DHS,4834,4847,,,
KEN,655721,Current marital status [Women]: Married or living in union,61.3,1,KE,Kenya,1998,KE1998DHS,MA_MSTA_W_UNI,41503090,I,10000,10000,Total 15-49,Total 15-49,0,,1,1,MAMSTAWUNI,,1998,DHS,7881,7881,,,
KEN,504380,Women first married by exact age 15,13.2,1,KE,Kenya,1998,KE1998DHS,MA_MBAG_W_B15,41603010,I,12001,12001,Total 25-49,Total 25-49,0,,1,1,MAMBAGWB15,,1998,DHS,4482,4487,,,
KEN,504381,Women first married by exact age 18,38.7,1,KE,Kenya,1998,KE1998DHS,MA_MBAG_W_B18,41603020,I,12001,12001,Total 25-49,Total 25-49,0,,1,1,MAMBAGWB18,,1998,DHS,4482,4487,,,
KEN,62604,First sexual intercourse by exact age 15 [Women],25.8,1,KE,Kenya,1998,KE1998DHS,SX_SBAG_W_B15,51663010,I,12001,12001,Total 25-49,Total 25-49,0,,1,1,SXSBAGWB15,,1998,DHS,4482,4487,,,
KEN,117842,Neonatal mortality rate,28,0,KE,Kenya,1998,KE1998DHS,CM_ECMR_C_NNR,63206010,I,1000,0,Total,Total,14001,Five years preceding the survey,1,1,CMECMRCNNR,,1998,DHS,,,22,34,
KEN,798943,Neonatal mortality rate,27,0,KE,Kenya,1998,KE1998DHS,CM_ECMR_C_NNR,63206010,I,1000,0,Total,Total,14003,Ten years preceding the survey,1,0,CMECMRCNNR,,1998,DHS,,,23,31,
KEN,117742,Postneonatal mortality rate,45,0,KE,Kenya,1998,KE1998DHS,CM_ECMR_C_PNR,63206020,I,1000,0,Total,Total,14001,Five years preceding the survey,1,1,CMECMRCPNR,,1998,DHS,,,37,54,
KEN,801277,Postneonatal mortality rate,44,0,KE,Kenya,1998,KE1998DHS,CM_ECMR_C_PNR,63206020,I,1000,0,Total,Total,14003,Ten years preceding the survey,1,0,CMECMRCPNR,,1998,DHS,,,37,51,
KEN,770117,Infant mortality rate,74,0,KE,Kenya,1998,KE1998DHS,CM_ECMR_C_IMR,63206030,I,1000,0,Total,Total,14001,Five years preceding the survey,1,1,CMECMRCIMR,,1998,DHS,,,63,85,
KEN,117784,Infant mortality rate,71,0,KE,Kenya,1998,KE1998DHS,CM_ECMR_C_IMR,63206030,I,1000,0,Total,Total,14003,Ten years preceding the survey,1,0,CMECMRCIMR,,1998,DHS,,,62,79,
KEN,117790,Child mortality rate,41,0,KE,Kenya,1998,KE1998DHS,CM_ECMR_C_CMR,63206040,I,1000,0,Total,Total,14001,Five years preceding the survey,1,1,CMECMRCCMR,,1998,DHS,,,33,48,
KEN,787213,Child mortality rate,37,0,KE,Kenya,1998,KE1998DHS,CM_ECMR_C_CMR,63206040,I,1000,0,Total,Total,14003,Ten years preceding the survey,1,0,CMECMRCCMR,,1998,DHS,,,31,43,
KEN,808462,Under-five mortality rate,111,0,KE,Kenya,1998,KE1998DHS,CM_ECMR_C_U5M,63206050,I,1000,0,Total,Total,14001,Five years preceding the survey,1,1,CMECMRCU5M,,1998,DHS,,,97,126,
KEN,811157,Under-five mortality rate,105,0,KE,Kenya,1998,KE1998DHS,CM_ECMR_C_U5M,63206050,I,1000,0,Total,Total,14003,Ten years preceding the survey,1,0,CMECMRCU5M,,1998,DHS,,,94,117,
KEN,801306,Pregnancy-related mortality ratio,743,0,KE,Kenya,1998,KE1998DHS,MM_MMRO_W_PMR,77033020,I,1000,0,Total,Total,0,,1,1,MMMMROWPMR,,1998,DHS,,,591,895,
KEN,595286,Antenatal care from a skilled provider,92.3,1,KE,Kenya,1998,KE1998DHS,RH_ANCP_W_SKP,83363120,I,1000,0,Total,Total,14000,Three years preceding the survey,1,0,RHANCPWSKP,,1998,DHS,3007,3058,,,
KEN,709948,Antenatal care from a skilled provider,92.4,1,KE,Kenya,1998,KE1998DHS,RH_ANCP_W_SKP,83363120,I,1000,0,Total,Total,14002,Two years preceding the survey,1,1,RHANCPWSKP,,1998,DHS,2255,2300,,,
KEN,614889,Antenatal visits for pregnancy: 4+ visits,60.4,1,KE,Kenya,1998,KE1998DHS,RH_ANCN_W_N4P,83403040,I,1000,0,Total,Total,14000,Three years preceding the survey,1,0,RHANCNWN4P,,1998,DHS,3007,3058,,,
KEN,533446,Antenatal visits for pregnancy: 4+ visits,58.1,1,KE,Kenya,1998,KE1998DHS,RH_ANCN_W_N4P,83403040,I,1000,0,Total,Total,14002,Two years preceding the survey,1,1,RHANCNWN4P,,1998,DHS,2255,2300,,,
KEN,279097,Place of delivery: Health facility,42.1,1,KE,Kenya,1998,KE1998DHS,RH_DELP_C_DHF,83566070,I,1000,0,Total,Total,14000,Three years preceding the survey,1,0,RHDELPCDHF,,1998,DHS,3464,3531,,,
KEN,474265,Place of delivery: Health facility,40.8,1,KE,Kenya,1998,KE1998DHS,RH_DELP_C_DHF,83566070,I,1000,0,Total,Total,14002,Two years preceding the survey,1,1,RHDELPCDHF,,1998,DHS,2359,2409,,,
KEN,222544,Assistance during delivery from a skilled provider,44.4,1,KE,Kenya,1998,KE1998DHS,RH_DELA_C_SKP,83606110,I,1000,0,Total,Total,14000,Three years preceding the survey,1,0,RHDELACSKP,,1998,DHS,3464,3531,,,
KEN,358312,Assistance during delivery from a skilled provider,42.6,1,KE,Kenya,1998,KE1998DHS,RH_DELA_C_SKP,83606110,I,1000,0,Total,Total,14002,Two years preceding the survey,1,1,RHDELACSKP,,1998,DHS,2359,2409,,,
KEN,222545,Delivery by cesarean section,6.8,1,KE,Kenya,1998,KE1998DHS,RH_DELA_C_CSC,83606120,I,1000,0,Total,Total,14000,Three years preceding the survey,1,0,RHDELACCSC,,1998,DHS,3464,3531,,,
KEN,358313,Delivery by cesarean section,7.2,1,KE,Kenya,1998,KE1998DHS,RH_DELA_C_CSC,83606120,I,1000,0,Total,Total,14002,Two years preceding the survey,1,1,RHDELACCSC,,1998,DHS,2359,2409,,,
KEN,356978,Birth weight of child reported,45.1,1,KE,Kenya,1998,KE1998DHS,CH_SZWT_C_REP,93856060,I,1000,0,Total,Total,14000,Three years preceding the survey,1,0,CHSZWTCREP,,1998,DHS,3464,3531,,,
KEN,150019,Birth weight of child reported,43.7,1,KE,Kenya,1998,KE1998DHS,CH_SZWT_C_REP,93856060,I,1000,0,Total,Total,14002,Two years preceding the survey,1,0,CHSZWTCREP,,1998,DHS,2359,2409,,,
KEN,150034,BCG vaccination received in first year,95.2,1,KE,Kenya,1998,KE1998DHS,CH_VAC1_C_BCG,93936010,I,1000,0,Total,Total,0,,1,1,CHVAC1CBCG,,1998,DHS,2118,2167,,,
KEN,150037,DPT 3 vaccination received in first year,78.9,1,KE,Kenya,1998,KE1998DHS,CH_VAC1_C_DP3,93936040,I,1000,0,Total,Total,0,,1,1,CHVAC1CDP3,,1998,DHS,2118,2167,,,
KEN,150054,Polio 3 vaccination received in first year,71.6,1,KE,Kenya,1998,KE1998DHS,CH_VAC1_C_OP3,93936080,I,1000,0,Total,Total,0,,1,1,CHVAC1COP3,,1998,DHS,2118,2167,,,
KEN,150049,Measles vaccination received in first year,76.5,1,KE,Kenya,1998,KE1998DHS,CH_VAC1_C_MSL,93936090,I,1000,0,Total,Total,0,,1,1,CHVAC1CMSL,,1998,DHS,2118,2167,,,
KEN,150038,Fully vaccinated (8 basic antigens),56.5,1,KE,Kenya,1998,KE1998DHS,CH_VAC1_C_BAS,93936230,I,1000,0,Total,Total,0,,1,1,CHVAC1CBAS,,1998,DHS,2118,2167,,,
KEN,421303,Children with ARI for whom advice or treatment was sought,71.7,1,KE,Kenya,1998,KE1998DHS,CH_ARIS_C_ADV,93966040,I,1000,0,Total,Total,14000,Three years preceding the survey,1,0,CHARISCADV,,1998,DHS,644,632,,,
KEN,412398,Treatment of diarrhea: Advice or treatment was sought,54,1,KE,Kenya,1998,KE1998DHS,CH_DIAT_C_ADV,94096010,I,1000,0,Total,Total,14000,Three years preceding the survey,1,0,CHDIATCADV,,1998,DHS,549,538,,,
KEN,412405,Treatment of diarrhea: ORT or increased fluids,82,1,KE,Kenya,1998,KE1998DHS,CH_DIAT_C_ORI,94096060,I,1000,0,Total,Total,14000,Three years preceding the survey,1,0,CHDIATCORI,,1998,DHS,549,538,,,
KEN,620256,Children stunted,37.7,1,KE,Kenya,1998,KE1998DHS,CN_NUTS_C_HA2,104236020,I,1000,0,Total,Total,0,,1,1,CNNUTSCHA2,,1998,DHS,4433,4539,,,
KEN,53403,Children wasted,6.9,1,KE,Kenya,1998,KE1998DHS,CN_NUTS_C_WH2,104236050,I,1000,0,Total,Total,0,,1,1,CNNUTSCWH2,,1998,DHS,4433,4539,,,
KEN,478979,Children underweight,18,1,KE,Kenya,1998,KE1998DHS,CN_NUTS_C_WA2,104236090,I,1000,0,Total,Total,0,,1,1,CNNUTSCWA2,,1998,DHS,4433,4539,,,
KEN,478978,Children overweight for their age,1.4,1,KE,Kenya,1998,KE1998DHS,CN_NUTS_C_WAP,104236100,I,1000,0,Total,Total,0,,1,1,CNNUTSCWAP,,1998,DHS,4433,4539,,,
KEN,482368,Children ever breastfed,97.8,1,KE,Kenya,1998,KE1998DHS,CN_BRFI_C_EVR,104266010,I,1000,0,Total,Total,0,,1,1,CNBRFICEVR,,1998,DHS,2255,2300,,,
KEN,482370,Children who started breastfeeding within 1 hour of birth,56.4,1,KE,Kenya,1998,KE1998DHS,CN_BRFI_C_1HR,104266020,I,1000,0,Total,Total,0,,1,1,CNBRFIC1HR,,1998,DHS,2255,2300,,,
KEN,432254,Children exclusively breastfed,12.6,1,KE,Kenya,1998,KE1998DHS,CN_BRFS_C_EXB,104306020,I,295001,21001,Age in months (other groupings),0-5,0,,1,1,CNBRFSCEXB,,1998,DHS,517,518,,,
KEN,432225,Children breastfeeding and consuming plain water only,9.5,1,KE,Kenya,1998,KE1998DHS,CN_BRFS_C_WAT,104306030,I,295001,21001,Age in months (other groupings),0-5,0,,1,1,CNBRFSCWAT,,1998,DHS,517,518,,,
KEN,432230,Children breastfeeding and consuming non-milk liquids,15.1,1,KE,Kenya,1998,KE1998DHS,CN_BRFS_C_LIQ,104306040,I,295001,21001,Age in months (other groupings),0-5,0,,1,1,CNBRFSCLIQ,,1998,DHS,517,518,,,
KEN,432231,Children breastfeeding and consuming complementary foods,42.2,1,KE,Kenya,1998,KE1998DHS,CN_BRFS_C_CMP,104306060,I,295001,21001,Age in months (other groupings),0-5,0,,1,1,CNBRFSCCMP,,1998,DHS,517,518,,,
KEN,432228,Children currently breastfeeding,99.4,1,KE,Kenya,1998,KE1998DHS,CN_BRFS_C_BRF,104306080,I,295001,21001,Age in months (other groupings),0-5,0,,1,1,CNBRFSCBRF,,1998,DHS,517,518,,,
KEN,53423,Children using a bottle with a nipple,24.8,1,KE,Kenya,1998,KE1998DHS,CN_BRFS_C_BNP,104306110,I,295001,21001,Age in months (other groupings),0-5,0,,1,1,CNBRFSCBNP,,1998,DHS,523,525,,,
KEN,53431,Median duration of any breastfeeding,20.9,1,KE,Kenya,1998,KE1998DHS,CN_BFDR_C_MDA,104336010,I,1000,0,Total,Total,0,,1,1,CNBFDRCMDA,,1998,DHS,,,,,
KEN,386668,Women circumcised (FGC),37.6,1,KE,Kenya,1998,KE1998DHS,FG_PFCC_W_WCC,207503010,I,1000,0,Total,Total,0,,1,1,FGPFCCWWCC,,1998,DHS,7881,7881,,,
KEN,642993,Women who believe that female circumcision should be continued,19.8,1,KE,Kenya,1998,KE1998DHS,FG_OFCC_W_CNT,207863010,I,1000,0,Total,Total,0,,1,1,FGOFCCWCNT,,1998,DHS,7881,7881,,,
KEN,502799,Population using an improved water source,30.2,1,KE,Kenya,1998,KE1998DHS,WS_SRCE_P_IMP,250162010,I,1000,0,Total,Total,0,,1,1,WSSRCEPIMP,,1998,DHS,35916,36861,,,
KEN,325635,Population with an improved sanitation facility,15.9,1,KE,Kenya,1998,KE1998DHS,WS_TLET_P_IMP,250262010,I,1000,0,Total,Total,0,,1,1,WSTLETPIMP,,1998,DHS,35916,36861,,,
KEN,131141,Age specific fertility rate: 15-19,114,0,KE,Kenya,2003,KE2003DHS,FE_FRTR_W_A15,11763010,I,1000,0,Total,Total,0,,1,1,FEFRTRWA15,,2003,DHS,,,,,
KEN,467830,Women giving birth by age 18,28.8,1,KE,Kenya,2003,KE2003DHS,FE_BBAG_W_A18,12063020,I,12001,12001,Total 25-49,Total 25-49,0,,1,1,FEBBAGWA18,,2003,DHS,4648,4665,,,
KEN,363219,Married women currently using any method of contraception,39.3,1,KE,Kenya,2003,KE2003DHS,FP_CUSM_W_ANY,32633010,I,1000,0,Total,Total,0,,1,1,FPCUSMWANY,,2003,DHS,4919,4876,,,
KEN,414726,Unmet need for family planning,27.4,1,KE,Kenya,2003,KE2003DHS,FP_NADM_W_UNT,32933030,I,1000,0,Total,Total,0,,1,1,FPNADMWUNT,,2003,DHS,4919,4876,,,
KEN,533698,Current marital status [Women]: Married or living in union,60,1,KE,Kenya,2003,KE2003DHS,MA_MSTA_W_UNI,41503090,I,10000,10000,Total 15-49,Total 15-49,0,,1,1,MAMSTAWUNI,,2003,DHS,8195,8195,,,
KEN,670159,Women first married by exact age 15,8.8,1,KE,Kenya,2003,KE2003DHS,MA_MBAG_W_B15,41603010,I,12001,12001,Total 25-49,Total 25-49,0,,1,1,MAMBAGWB15,,2003,DHS,4648,4665,,,
KEN,670160,Women first married by exact age 18,32.6,1,KE,Kenya,2003,KE2003DHS,MA_MBAG_W_B18,41603020,I,12001,12001,Total 25-49,Total 25-49,0,,1,1,MAMBAGWB18,,2003,DHS,4648,4665,,,
KEN,592059,First sexual intercourse by exact age 15 [Women],17.8,1,KE,Kenya,2003,KE2003DHS,SX_SBAG_W_B15,51663010,I,12001,12001,Total 25-49,Total 25-49,0,,1,1,SXSBAGWB15,,2003,DHS,4648,4665,,,
KEN,813066,Neonatal mortality rate,33,0,KE,Kenya,2003,KE2003DHS,CM_ECMR_C_NNR,63206010,I,1000,0,Total,Total,14001,Five years preceding the survey,1,1,CMECMRCNNR,,2003,DHS,,,27,40,
KEN,803062,Neonatal mortality rate,33,0,KE,Kenya,2003,KE2003DHS,CM_ECMR_C_NNR,63206010,I,1000,0,Total,Total,14003,Ten years preceding the survey,1,0,CMECMRCNNR,,2003,DHS,,,28,37,
KEN,117900,Postneonatal mortality rate,44,0,KE,Kenya,2003,KE2003DHS,CM_ECMR_C_PNR,63206020,I,1000,0,Total,Total,14001,Five years preceding the survey,1,1,CMECMRCPNR,,2003,DHS,,,34,54,
KEN,813067,Postneonatal mortality rate,43,0,KE,Kenya,2003,KE2003DHS,CM_ECMR_C_PNR,63206020,I,1000,0,Total,Total,14003,Ten years preceding the survey,1,0,CMECMRCPNR,,2003,DHS,,,35,51,
KEN,117948,Infant mortality rate,77,0,KE,Kenya,2003,KE2003DHS,CM_ECMR_C_IMR,63206030,I,1000,0,Total,Total,14001,Five years preceding the survey,1,1,CMECMRCIMR,,2003,DHS,,,66,88,
KEN,117947,Infant mortality rate,75,0,KE,Kenya,2003,KE2003DHS,CM_ECMR_C_IMR,63206030,I,1000,0,Total,Total,14003,Ten years preceding the survey,1,0,CMECMRCIMR,,2003,DHS,,,66,85,
KEN,803042,Child mortality rate,41,0,KE,Kenya,2003,KE2003DHS,CM_ECMR_C_CMR,63206040,I,1000,0,Total,Total,14001,Five years preceding the survey,1,1,CMECMRCCMR,,2003,DHS,,,32,49,
KEN,781589,Child mortality rate,40,0,KE,Kenya,2003,KE2003DHS,CM_ECMR_C_CMR,63206040,I,1000,0,Total,Total,14003,Ten years preceding the survey,1,0,CMECMRCCMR,,2003,DHS,,,34,47,
KEN,780409,Under-five mortality rate,115,0,KE,Kenya,2003,KE2003DHS,CM_ECMR_C_U5M,63206050,I,1000,0,Total,Total,14001,Five years preceding the survey,1,1,CMECMRCU5M,,2003,DHS,,,100,129,
KEN,815486,Under-five mortality rate,113,0,KE,Kenya,2003,KE2003DHS,CM_ECMR_C_U5M,63206050,I,1000,0,Total,Total,14003,Ten years preceding the survey,1,0,CMECMRCU5M,,2003,DHS,,,101,125,
KEN,813706,Pregnancy-related mortality ratio,506,0,KE,Kenya,2003,KE2003DHS,MM_MMRO_W_PMR,77033020,I,1000,0,Total,Total,0,,1,1,MMMMROWPMR,,2003,DHS,,,398,614,
KEN,544052,Antenatal care from a skilled provider,87.4,1,KE,Kenya,2003,KE2003DHS,RH_ANCP_W_SKP,83363120,I,1000,0,Total,Total,14000,Three years preceding the survey,1,0,RHANCPWSKP,,2003,DHS,3151,3101,,,
KEN,46948,Antenatal care from a skilled provider,88.1,1,KE,Kenya,2003,KE2003DHS,RH_ANCP_W_SKP,83363120,I,1000,0,Total,Total,14001,Five years preceding the survey,1,0,RHANCPWSKP,,2003,DHS,4052,3972,,,
KEN,675035,Antenatal care from a skilled provider,86.7,1,KE,Kenya,2003,KE2003DHS,RH_ANCP_W_SKP,83363120,I,1000,0,Total,Total,14002,Two years preceding the survey,1,1,RHANCPWSKP,,2003,DHS,2416,2357,,,
KEN,707609,Antenatal visits for pregnancy: 4+ visits,50.9,1,KE,Kenya,2003,KE2003DHS,RH_ANCN_W_N4P,83403040,I,1000,0,Total,Total,14000,Three years preceding the survey,1,0,RHANCNWN4P,,2003,DHS,3151,3101,,,
KEN,464173,Antenatal visits for pregnancy: 4+ visits,52.3,1,KE,Kenya,2003,KE2003DHS,RH_ANCN_W_N4P,83403040,I,1000,0,Total,Total,14001,Five years preceding the survey,1,0,RHANCNWN4P,,2003,DHS,4052,3972,,,
KEN,627922,Antenatal visits for pregnancy: 4+ visits,48.6,1,KE,Kenya,2003,KE2003DHS,RH_ANCN_W_N4P,83403040,I,1000,0,Total,Total,14002,Two years preceding the survey,1,1,RHANCNWN4P,,2003,DHS,2416,2357,,,
KEN,736274,Place of delivery: Health facility,39.8,1,KE,Kenya,2003,KE2003DHS,RH_DELP_C_DHF,83566070,I,1000,0,Total,Total,14000,Three years preceding the survey,1,0,RHDELPCDHF,,2003,DHS,3702,3633,,,
KEN,576999,Place of delivery: Health facility,40.1,1,KE,Kenya,2003,KE2003DHS,RH_DELP_C_DHF,83566070,I,1000,0,Total,Total,14001,Five years preceding the survey,1,0,RHDELPCDHF,,2003,DHS,6102,5949,,,
KEN,205390,Place of delivery: Health facility,39.1,1,KE,Kenya,2003,KE2003DHS,RH_DELP_C_DHF,83566070,I,1000,0,Total,Total,14002,Two years preceding the survey,1,1,RHDELPCDHF,,2003,DHS,2562,2494,,,
KEN,636415,Assistance during delivery from a skilled provider,41.6,1,KE,Kenya,2003,KE2003DHS,RH_DELA_C_SKP,83606110,I,1000,0,Total,Total,14000,Three years preceding the survey,1,0,RHDELACSKP,,2003,DHS,3702,3633,,,
KEN,589791,Assistance during delivery from a skilled provider,41.6,1,KE,Kenya,2003,KE2003DHS,RH_DELA_C_SKP,83606110,I,1000,0,Total,Total,14001,Five years preceding the survey,1,0,RHDELACSKP,,2003,DHS,6102,5949,,,
KEN,279094,Assistance during delivery from a skilled provider,40.9,1,KE,Kenya,2003,KE2003DHS,RH_DELA_C_SKP,83606110,I,1000,0,Total,Total,14002,Two years preceding the survey,1,1,RHDELACSKP,,2003,DHS,2562,2494,,,
KEN,636416,Delivery by cesarean section,4.3,1,KE,Kenya,2003,KE2003DHS,RH_DELA_C_CSC,83606120,I,1000,0,Total,Total,14000,Three years preceding the survey,1,0,RHDELACCSC,,2003,DHS,3702,3633,,,
KEN,589775,Delivery by cesarean section,4,1,KE,Kenya,2003,KE2003DHS,RH_DELA_C_CSC,83606120,I,1000,0,Total,Total,14001,Five years preceding the survey,1,0,RHDELACCSC,,2003,DHS,6102,5949,,,
KEN,279095,Delivery by cesarean section,4,1,KE,Kenya,2003,KE2003DHS,RH_DELA_C_CSC,83606120,I,1000,0,Total,Total,14002,Two years preceding the survey,1,1,RHDELACCSC,,2003,DHS,2562,2494,,,
KEN,373379,Birth weight of child reported,43.5,1,KE,Kenya,2003,KE2003DHS,CH_SZWT_C_REP,93856060,I,1000,0,Total,Total,14000,Three years preceding the survey,1,0,CHSZWTCREP,,2003,DHS,3702,3633,,,
KEN,214162,Birth weight of child reported,43.9,1,KE,Kenya,2003,KE2003DHS,CH_SZWT_C_REP,93856060,I,1000,0,Total,Total,14001,Five years preceding the survey,1,1,CHSZWTCREP,,2003,DHS,6102,5949,,,
KEN,208728,Birth weight of child reported,42.2,1,KE,Kenya,2003,KE2003DHS,CH_SZWT_C_REP,93856060,I,1000,0,Total,Total,14002,Two years preceding the survey,1,0,CHSZWTCREP,,2003,DHS,2562,2494,,,
KEN,440132,BCG vaccination received in first year,87,1,KE,Kenya,2003,KE2003DHS,CH_VAC1_C_BCG,93936010,I,1000,0,Total,Total,0,,1,1,CHVAC1CBCG,,2003,DHS,4310,4225,,,
KEN,440135,DPT 3 vaccination received in first year,71.1,1,KE,Kenya,2003,KE2003DHS,CH_VAC1_C_DP3,93936040,I,1000,0,Total,Total,0,,1,1,CHVAC1CDP3,,2003,DHS,4310,4225,,,
KEN,440140,Polio 3 vaccination received in first year,71.3,1,KE,Kenya,2003,KE2003DHS,CH_VAC1_C_OP3,93936080,I,1000,0,Total,Total,0,,1,1,CHVAC1COP3,,2003,DHS,4310,4225,,,
KEN,440141,Measles vaccination received in first year,35.2,1,KE,Kenya,2003,KE2003DHS,CH_VAC1_C_MSL,93936090,I,1000,0,Total,Total,0,,1,1,CHVAC1CMSL,,2003,DHS,4310,4225,,,
KEN,440136,Fully vaccinated (8 basic antigens),27.1,1,KE,Kenya,2003,KE2003DHS,CH_VAC1_C_BAS,93936230,I,1000,0,Total,Total,0,,1,1,CHVAC1CBAS,,2003,DHS,4310,4225,,,
KEN,305740,Children with ARI for whom advice or treatment was sought,70.1,1,KE,Kenya,2003,KE2003DHS,CH_ARIS_C_ADV,93966040,I,1000,0,Total,Total,14000,Three years preceding the survey,1,0,CHARISCADV,,2003,DHS,677,675,,,
KEN,313643,Children with ARI for whom advice or treatment was sought,68.5,1,KE,Kenya,2003,KE2003DHS,CH_ARIS_C_ADV,93966040,I,1000,0,Total,Total,14001,Five years preceding the survey,1,1,CHARISCADV,,2003,DHS,1023,1009,,,
KEN,582022,Treatment of diarrhea: Advice or treatment was sought,36,1,KE,Kenya,2003,KE2003DHS,CH_DIAT_C_ADV,94096010,I,1000,0,Total,Total,14000,Three years preceding the survey,1,0,CHDIATCADV,,2003,DHS,730,703,,,
KEN,154576,Treatment of diarrhea: Advice or treatment was sought,36.4,1,KE,Kenya,2003,KE2003DHS,CH_DIAT_C_ADV,94096010,I,1000,0,Total,Total,14001,Five years preceding the survey,1,1,CHDIATCADV,,2003,DHS,888,866,,,
KEN,582016,Treatment of diarrhea: ORT or increased fluids,49.9,1,KE,Kenya,2003,KE2003DHS,CH_DIAT_C_ORI,94096060,I,1000,0,Total,Total,14000,Three years preceding the survey,1,0,CHDIATCORI,,2003,DHS,730,703,,,
KEN,154583,Treatment of diarrhea: ORT or increased fluids,50.6,1,KE,Kenya,2003,KE2003DHS,CH_DIAT_C_ORI,94096060,I,1000,0,Total,Total,14001,Five years preceding the survey,1,1,CHDIATCORI,,2003,DHS,888,866,,,
KEN,250214,Appropriate disposal of stools,50.3,1,KE,Kenya,2003,KE2003DHS,CH_DSTL_C_SAF,94206150,I,1000,0,Total,Total,14000,Three years preceding the survey,1,0,CHDSTLCSAF,,2003,DHS,2943,2898,,,
KEN,154676,Appropriate disposal of stools,58.4,1,KE,Kenya,2003,KE2003DHS,CH_DSTL_C_SAF,94206150,I,1000,0,Total,Total,14001,Five years preceding the survey,1,1,CHDSTLCSAF,,2003,DHS,3759,3674,,,
KEN,494272,Appropriate disposal of stools,42.8,1,KE,Kenya,2003,KE2003DHS,CH_DSTL_C_SAF,94206150,I,1000,0,Total,Total,14002,Two years preceding the survey,1,0,CHDSTLCSAF,,2003,DHS,2267,2209,,,
KEN,551358,Children stunted,35.7,1,KE,Kenya,2003,KE2003DHS,CN_NUTS_C_HA2,104236020,I,1000,0,Total,Total,0,,1,1,CNNUTSCHA2,,2003,DHS,5312,5070,,,
KEN,432886,Children wasted,6,1,KE,Kenya,2003,KE2003DHS,CN_NUTS_C_WH2,104236050,I,1000,0,Total,Total,0,,1,1,CNNUTSCWH2,,2003,DHS,5312,5070,,,
KEN,43939,Children underweight,15.8,1,KE,Kenya,2003,KE2003DHS,CN_NUTS_C_WA2,104236090,I,1000,0,Total,Total,0,,1,1,CNNUTSCWA2,,2003,DHS,5312,5070,,,
KEN,43934,Children overweight for their age,1.3,1,KE,Kenya,2003,KE2003DHS,CN_NUTS_C_WAP,104236100,I,1000,0,Total,Total,0,,1,1,CNNUTSCWAP,,2003,DHS,5312,5070,,,
KEN,457681,Children ever breastfed,97.5,1,KE,Kenya,2003,KE2003DHS,CN_BRFI_C_EVR,104266010,I,1000,0,Total,Total,0,,1,1,CNBRFICEVR,,2003,DHS,2416,2357,,,
KEN,457678,Children who started breastfeeding within 1 hour of birth,49.6,1,KE,Kenya,2003,KE2003DHS,CN_BRFI_C_1HR,104266020,I,1000,0,Total,Total,0,,1,1,CNBRFIC1HR,,2003,DHS,2416,2357,,,
KEN,478781,Children exclusively breastfed,12.7,1,KE,Kenya,2003,KE2003DHS,CN_BRFS_C_EXB,104306020,I,295001,21001,Age in months (other groupings),0-5,0,,1,1,CNBRFSCEXB,,2003,DHS,607,599,,,
KEN,478778,Children breastfeeding and consuming plain water only,13.4,1,KE,Kenya,2003,KE2003DHS,CN_BRFS_C_WAT,104306030,I,295001,21001,Age in months (other groupings),0-5,0,,1,1,CNBRFSCWAT,,2003,DHS,607,599,,,
KEN,478784,Children breastfeeding and consuming non-milk liquids,8.8,1,KE,Kenya,2003,KE2003DHS,CN_BRFS_C_LIQ,104306040,I,295001,21001,Age in months (other groupings),0-5,0,,1,1,CNBRFSCLIQ,,2003,DHS,607,599,,,
KEN,478785,Children breastfeeding and consuming complementary foods,46.1,1,KE,Kenya,2003,KE2003DHS,CN_BRFS_C_CMP,104306060,I,295001,21001,Age in months (other groupings),0-5,0,,1,1,CNBRFSCCMP,,2003,DHS,607,599,,,
KEN,478783,Children currently breastfeeding,99.8,1,KE,Kenya,2003,KE2003DHS,CN_BRFS_C_BRF,104306080,I,295001,21001,Age in months (other groupings),0-5,0,,1,1,CNBRFSCBRF,,2003,DHS,607,599,,,
KEN,43958,Children using a bottle with a nipple,26.9,1,KE,Kenya,2003,KE2003DHS,CN_BRFS_C_BNP,104306110,I,295001,21001,Age in months (other groupings),0-5,0,,1,1,CNBRFSCBNP,,2003,DHS,619,609,,,
KEN,43973,Median duration of any breastfeeding,20.2,1,KE,Kenya,2003,KE2003DHS,CN_BFDR_C_MDA,104336010,I,1000,0,Total,Total,0,,1,1,CNBFDRCMDA,,2003,DHS,,,,,
KEN,367735,Households with at least one insecticide-treated mosquito net (ITN),7.7,1,KE,Kenya,2003,KE2003DHS,ML_NETP_H_ITN,124661020,I,1000,0,Total,Total,0,,1,1,MLNETPHITN,,2003,DHS,8561,8561,,,
KEN,648828,Households with at least one insecticide-treated mosquito net (ITN) for every two persons who stayed in the household the previous night,3.6,1,KE,Kenya,2003,KE2003DHS,ML_NETP_H_IT2,124661100,I,1000,0,Total,Total,0,,1,1,MLNETPHIT2,,2003,DHS,8504,8498,,,
KEN,735980,Households with at least one insecticide-treated mosquito net (ITN) and/or indoor residual spraying (IRS) in the past 12 months,7.7,1,KE,Kenya,2003,KE2003DHS,ML_IRSM_H_IIR,124701020,I,1000,0,Total,Total,0,,1,1,MLIRSMHIIR,,2003,DHS,8561,8561,,,
KEN,735981,Households with at least one insecticide-treated mosquito net (ITN) for every two persons and/or indoor residual spraying (IRS) in the past 12 months,3.6,1,KE,Kenya,2003,KE2003DHS,ML_IRSM_H_I2I,124701030,I,1000,0,Total,Total,0,,1,1,MLIRSMHI2I,,2003,DHS,8561,8561,,,
KEN,611384,Population who slept under an insecticide-treated mosquito net (ITN) last night,4.7,1,KE,Kenya,2003,KE2003DHS,ML_NETU_P_ITN,124762020,I,1000,0,Total,Total,0,,1,1,MLNETUPITN,,2003,DHS,37128,36464,,,
KEN,650385,Children under 5 who slept under an insecticide-treated net (ITN),6,1,KE,Kenya,2003,KE2003DHS,ML_NETC_C_ITN,124836020,I,1000,0,Total,Total,0,,1,1,MLNETCCITN,,2003,DHS,5920,5717,,,
KEN,364150,Pregnant women who slept under an insecticide-treated net (ITN),5.4,1,KE,Kenya,2003,KE2003DHS,ML_NETW_W_ITN,124863020,I,1000,0,Total,Total,0,,1,1,MLNETWWITN,,2003,DHS,647,637,,,
KEN,171509,SP/Fansidar 3+ doses during pregnancy,3.1,1,KE,Kenya,2003,KE2003DHS,ML_IPTP_W_3SP,124903025,I,1000,0,Total,Total,0,,1,1,MLIPTPW3SP,,2003,DHS,2416,2357,,,
KEN,334255,Children with fever for whom advice or treatment was sought,67.8,1,KE,Kenya,2003,KE2003DHS,ML_FEVT_C_ADV,124966010,I,1000,0,Total,Total,0,,1,1,MLFEVTCADV,,2003,DHS,2255,2215,,,
KEN,441465,Comprehensive correct knowledge about AIDS [Women],36.1,1,KE,Kenya,2003,KE2003DHS,HA_CKNA_W_CKA,135233060,I,10000,10000,Total 15-49,Total 15-49,0,,1,1,HACKNAWCKA,,2003,DHS,8195,8195,,,
KEN,375294,Accepting attitudes towards those living with HIV - Composite of 4 components [Women],26.5,1,KE,Kenya,2003,KE2003DHS,HA_AATT_W_AAT,135303050,I,10000,10000,Total 15-49,Total 15-49,0,,1,1,HAAATTWAAT,,2003,DHS,8073,8052,,,
KEN,747331,Accepting attitudes - Female teacher who is HIV+ but not sick should be allowed to continue teaching in school (3) [Men],59.7,1,KE,Kenya,2003,KE2003DHS,HA_AATT_M_FTC,135304100,I,10000,10000,Total 15-49,Total 15-49,0,,1,1,HAAATTMFTC,,2003,DHS,3344,3316,,,
KEN,581041,Higher risk sex in the last year [Women],17.6,1,KE,Kenya,2003,KE2003DHS,HA_HRSX_W_HRS,135403010,I,10000,10000,Total 15-49,Total 15-49,0,,1,1,HAHRSXWHRS,,2003,DHS,5710,5683,,,
KEN,484217,"Condom use at last higher risk sex (with a non-marital, non-cohabiting partner) [Women]",24.9,1,KE,Kenya,2003,KE2003DHS,HA_HRSX_W_CND,135403040,I,10000,10000,Total 15-49,Total 15-49,0,,1,1,HAHRSXWCND,,2003,DHS,1004,1001,,,
KEN,502197,Higher-risk Sex (with multiple partners among all respondents) [Women],1.7,1,KE,Kenya,2003,KE2003DHS,HA_MSXP_W_2PP,135433010,I,10000,10000,Total 15-49,Total 15-49,0,,1,1,HAMSXPW2PP,,2003,DHS,8195,8195,,,
KEN,605409,Condom use during higher-risk sex (with multiple partners) [Women],12.4,1,KE,Kenya,2003,KE2003DHS,HA_MSXP_W_CND,135433040,I,10000,10000,Total 15-49,Total 15-49,0,,1,1,HAMSXPWCND,,2003,DHS,143,131,,,
KEN,745225,Women who know where to get an HIV test,63.3,1,KE,Kenya,2003,KE2003DHS,HA_CPHT_W_KNW,135563010,I,10000,10000,Total 15-49,Total 15-49,0,,1,1,HACPHTWKNW,,2003,DHS,8195,8195,,,
KEN,745218,Women receiving an HIV test and receiving test results in the last 12 months,6.7,1,KE,Kenya,2003,KE2003DHS,HA_CPHT_W_T1R,135563070,I,10000,10000,Total 15-49,Total 15-49,0,,1,1,HACPHTWT1R,,2003,DHS,8195,8195,,,
KEN,741472,"HIV testing behaviour among young women, sexually active in the last 12 months",9.6,1,KE,Kenya,2003,KE2003DHS,HA_HVTY_W_TRR,135903010,I,1000,0,Total,Total,0,,1,1,HAHVTYWTRR,,2003,DHS,1826,1808,,,
KEN,547712,Wife beating justified for at least one specific reason [Women],67.9,1,KE,Kenya,2003,KE2003DHS,WE_AWBT_W_AGR,176433060,I,1000,0,Total,Total,0,,1,1,WEAWBTWAGR,,2003,DHS,8195,8195,,,
KEN,488770,Women circumcised (FGC),32.2,1,KE,Kenya,2003,KE2003DHS,FG_PFCC_W_WCC,207503010,I,1000,0,Total,Total,0,,1,1,FGPFCCWWCC,,2003,DHS,8195,8195,,,
KEN,5815,Gender parity index for net primary school attendance,1,2,KE,Kenya,2003,KE2003DHS,ED_NARP_B_GPI,231035040,I,1000,0,Total,Total,0,,1,1,EDNARPBGPI,,2003,DHS,,,,,
KEN,5824,Gender parity index for net secondary school attendance,1.15,2,KE,Kenya,2003,KE2003DHS,ED_NARS_B_GPI,231105040,I,1000,0,Total,Total,0,,1,1,EDNARSBGPI,,2003,DHS,,,,,
KEN,635058,Population using an improved water source,41.4,1,KE,Kenya,2003,KE2003DHS,WS_SRCE_P_IMP,250162010,I,1000,0,Total,Total,0,,1,1,WSSRCEPIMP,,2003,DHS,37238,36687,,,
KEN,417886,Population with an improved sanitation facility,16.9,1,KE,Kenya,2003,KE2003DHS,WS_TLET_P_IMP,250262010,I,1000,0,Total,Total,0,,1,1,WSTLETPIMP,,2003,DHS,37238,36687,,,
KEN,610313,Households using solid fuel for cooking ,80.6,1,KE,Kenya,2003,KE2003DHS,HC_CKFL_H_SLD,260431140,I,1000,0,Total,Total,0,,1,1,HCCKFLHSLD,,2003,DHS,8561,8561,,,
KEN,131314,Age specific fertility rate: 15-19,103,0,KE,Kenya,2008,KE2008DHS,FE_FRTR_W_A15,11763010,I,1000,0,Total,Total,0,,1,1,FEFRTRWA15,,2008-09,DHS,,,,,
KEN,648325,Women giving birth by age 18,29.9,1,KE,Kenya,2008,KE2008DHS,FE_BBAG_W_A18,12063020,I,12001,12001,Total 25-49,Total 25-49,0,,1,1,FEBBAGWA18,,2008-09,DHS,4969,4933,,,
KEN,442006,Married women currently using any method of contraception,45.5,1,KE,Kenya,2008,KE2008DHS,FP_CUSM_W_ANY,32633010,I,1000,0,Total,Total,0,,1,1,FPCUSMWANY,,2008-09,DHS,4928,5041,,,
KEN,74154,Unmet need for family planning,25.6,1,KE,Kenya,2008,KE2008DHS,FP_NADM_W_UNT,32933030,I,1000,0,Total,Total,0,,1,1,FPNADMWUNT,,2008-09,DHS,4928,5041,,,
KEN,217078,Current marital status [Women]: Married or living in union,58.4,1,KE,Kenya,2008,KE2008DHS,MA_MSTA_W_UNI,41503090,I,10000,10000,Total 15-49,Total 15-49,0,,1,1,MAMSTAWUNI,,2008-09,DHS,8444,8444,,,
KEN,459595,Women first married by exact age 15,8.7,1,KE,Kenya,2008,KE2008DHS,MA_MBAG_W_B15,41603010,I,12001,12001,Total 25-49,Total 25-49,0,,1,1,MAMBAGWB15,,2008-09,DHS,4969,4933,,,
KEN,459596,Women first married by exact age 18,32,1,KE,Kenya,2008,KE2008DHS,MA_MBAG_W_B18,41603020,I,12001,12001,Total 25-49,Total 25-49,0,,1,1,MAMBAGWB18,,2008-09,DHS,4969,4933,,,
KEN,63047,First sexual intercourse by exact age 15 [Women],12.9,1,KE,Kenya,2008,KE2008DHS,SX_SBAG_W_B15,51663010,I,12001,12001,Total 25-49,Total 25-49,0,,1,1,SXSBAGWB15,,2008-09,DHS,4969,4933,,,
KEN,118196,Neonatal mortality rate,31,0,KE,Kenya,2008,KE2008DHS,CM_ECMR_C_NNR,63206010,I,1000,0,Total,Total,14001,Five years preceding the survey,1,1,CMECMRCNNR,,2008-09,DHS,,,23,38,
KEN,118198,Neonatal mortality rate,33,0,KE,Kenya,2008,KE2008DHS,CM_ECMR_C_NNR,63206010,I,1000,0,Total,Total,14003,Ten years preceding the survey,1,0,CMECMRCNNR,,2008-09,DHS,,,28,38,
KEN,808450,Postneonatal mortality rate,21,0,KE,Kenya,2008,KE2008DHS,CM_ECMR_C_PNR,63206020,I,1000,0,Total,Total,14001,Five years preceding the survey,1,1,CMECMRCPNR,,2008-09,DHS,,,16,26,
KEN,772163,Postneonatal mortality rate,26,0,KE,Kenya,2008,KE2008DHS,CM_ECMR_C_PNR,63206020,I,1000,0,Total,Total,14003,Ten years preceding the survey,1,0,CMECMRCPNR,,2008-09,DHS,,,21,31,
KEN,813011,Infant mortality rate,52,0,KE,Kenya,2008,KE2008DHS,CM_ECMR_C_IMR,63206030,I,1000,0,Total,Total,14001,Five years preceding the survey,1,1,CMECMRCIMR,,2008-09,DHS,,,42,61,
KEN,798944,Infant mortality rate,59,0,KE,Kenya,2008,KE2008DHS,CM_ECMR_C_IMR,63206030,I,1000,0,Total,Total,14003,Ten years preceding the survey,1,0,CMECMRCIMR,,2008-09,DHS,,,52,67,
KEN,794151,Child mortality rate,23,0,KE,Kenya,2008,KE2008DHS,CM_ECMR_C_CMR,63206040,I,1000,0,Total,Total,14001,Five years preceding the survey,1,1,CMECMRCCMR,,2008-09,DHS,,,17,29,
KEN,801278,Child mortality rate,26,0,KE,Kenya,2008,KE2008DHS,CM_ECMR_C_CMR,63206040,I,1000,0,Total,Total,14003,Ten years preceding the survey,1,0,CMECMRCCMR,,2008-09,DHS,,,20,32,
KEN,118137,Under-five mortality rate,74,0,KE,Kenya,2008,KE2008DHS,CM_ECMR_C_U5M,63206050,I,1000,0,Total,Total,14001,Five years preceding the survey,1,1,CMECMRCU5M,,2008-09,DHS,,,62,86,
KEN,770129,Under-five mortality rate,84,0,KE,Kenya,2008,KE2008DHS,CM_ECMR_C_U5M,63206050,I,1000,0,Total,Total,14003,Ten years preceding the survey,1,0,CMECMRCU5M,,2008-09,DHS,,,73,95,
KEN,773754,Pregnancy-related mortality ratio,520,0,KE,Kenya,2008,KE2008DHS,MM_MMRO_W_PMR,77033020,I,1000,0,Total,Total,0,,1,1,MMMMROWPMR,,2008-09,DHS,,,343,696,
KEN,280327,Antenatal care from a skilled provider,91.5,1,KE,Kenya,2008,KE2008DHS,RH_ANCP_W_SKP,83363120,I,1000,0,Total,Total,14000,Three years preceding the survey,1,0,RHANCPWSKP,,2008-09,DHS,3101,3188,,,
KEN,409589,Antenatal care from a skilled provider,91.5,1,KE,Kenya,2008,KE2008DHS,RH_ANCP_W_SKP,83363120,I,1000,0,Total,Total,14001,Five years preceding the survey,1,0,RHANCPWSKP,,2008-09,DHS,3973,4082,,,
KEN,648772,Antenatal care from a skilled provider,91.5,1,KE,Kenya,2008,KE2008DHS,RH_ANCP_W_SKP,83363120,I,1000,0,Total,Total,14002,Two years preceding the survey,1,1,RHANCPWSKP,,2008-09,DHS,2264,2373,,,
KEN,520322,Antenatal visits for pregnancy: 4+ visits,45.7,1,KE,Kenya,2008,KE2008DHS,RH_ANCN_W_N4P,83403040,I,1000,0,Total,Total,14000,Three years preceding the survey,1,0,RHANCNWN4P,,2008-09,DHS,3101,3188,,,
KEN,225412,Antenatal visits for pregnancy: 4+ visits,47.1,1,KE,Kenya,2008,KE2008DHS,RH_ANCN_W_N4P,83403040,I,1000,0,Total,Total,14001,Five years preceding the survey,1,0,RHANCNWN4P,,2008-09,DHS,3973,4082,,,
KEN,761115,Antenatal visits for pregnancy: 4+ visits,44.4,1,KE,Kenya,2008,KE2008DHS,RH_ANCN_W_N4P,83403040,I,1000,0,Total,Total,14002,Two years preceding the survey,1,1,RHANCNWN4P,,2008-09,DHS,2264,2373,,,
KEN,164559,Tetanus protection at birth,70.4,1,KE,Kenya,2008,KE2008DHS,RH_TTIJ_W_PRT,83533060,I,1000,0,Total,Total,14000,Three years preceding the survey,1,0,RHTTIJWPRT,,2008-09,DHS,3101,3188,,,
KEN,693246,Tetanus protection at birth,71.6,1,KE,Kenya,2008,KE2008DHS,RH_TTIJ_W_PRT,83533060,I,1000,0,Total,Total,14001,Five years preceding the survey,1,0,RHTTIJWPRT,,2008-09,DHS,3973,4082,,,
KEN,504761,Tetanus protection at birth,70.2,1,KE,Kenya,2008,KE2008DHS,RH_TTIJ_W_PRT,83533060,I,1000,0,Total,Total,14002,Two years preceding the survey,1,1,RHTTIJWPRT,,2008-09,DHS,2264,2373,,,
KEN,668433,Place of delivery: Health facility,43.4,1,KE,Kenya,2008,KE2008DHS,RH_DELP_C_DHF,83566070,I,1000,0,Total,Total,14000,Three years preceding the survey,1,0,RHDELPCDHF,,2008-09,DHS,3591,3733,,,
KEN,552970,Place of delivery: Health facility,42.6,1,KE,Kenya,2008,KE2008DHS,RH_DELP_C_DHF,83566070,I,1000,0,Total,Total,14001,Five years preceding the survey,1,0,RHDELPCDHF,,2008-09,DHS,5852,6079,,,
KEN,407505,Place of delivery: Health facility,46.3,1,KE,Kenya,2008,KE2008DHS,RH_DELP_C_DHF,83566070,I,1000,0,Total,Total,14002,Two years preceding the survey,1,1,RHDELPCDHF,,2008-09,DHS,2365,2498,,,
KEN,762609,Assistance during delivery from a skilled provider,44.7,1,KE,Kenya,2008,KE2008DHS,RH_DELA_C_SKP,83606110,I,1000,0,Total,Total,14000,Three years preceding the survey,1,0,RHDELACSKP,,2008-09,DHS,3591,3733,,,
KEN,509195,Assistance during delivery from a skilled provider,43.8,1,KE,Kenya,2008,KE2008DHS,RH_DELA_C_SKP,83606110,I,1000,0,Total,Total,14001,Five years preceding the survey,1,0,RHDELACSKP,,2008-09,DHS,5852,6079,,,
KEN,309417,Assistance during delivery from a skilled provider,47.6,1,KE,Kenya,2008,KE2008DHS,RH_DELA_C_SKP,83606110,I,1000,0,Total,Total,14002,Two years preceding the survey,1,1,RHDELACSKP,,2008-09,DHS,2365,2498,,,
KEN,762610,Delivery by cesarean section,6.7,1,KE,Kenya,2008,KE2008DHS,RH_DELA_C_CSC,83606120,I,1000,0,Total,Total,14000,Three years preceding the survey,1,0,RHDELACCSC,,2008-09,DHS,3591,3733,,,
KEN,509196,Delivery by cesarean section,6.2,1,KE,Kenya,2008,KE2008DHS,RH_DELA_C_CSC,83606120,I,1000,0,Total,Total,14001,Five years preceding the survey,1,0,RHDELACCSC,,2008-09,DHS,5852,6079,,,
KEN,309418,Delivery by cesarean section,7.1,1,KE,Kenya,2008,KE2008DHS,RH_DELA_C_CSC,83606120,I,1000,0,Total,Total,14002,Two years preceding the survey,1,1,RHDELACCSC,,2008-09,DHS,2365,2498,,,
KEN,403679,Mother's first postnatal checkup in the first two days after birth,31.2,1,KE,Kenya,2008,KE2008DHS,RH_PCMT_W_DY2,83633090,I,1000,0,Total,Total,0,,1,1,RHPCMTWDY2,,2008-09,DHS,2264,2373,,,
KEN,632250,Birth weight of child reported,47.3,1,KE,Kenya,2008,KE2008DHS,CH_SZWT_C_REP,93856060,I,1000,0,Total,Total,14000,Three years preceding the survey,1,0,CHSZWTCREP,,2008-09,DHS,3591,3733,,,
KEN,227482,Birth weight of child reported,46.7,1,KE,Kenya,2008,KE2008DHS,CH_SZWT_C_REP,93856060,I,1000,0,Total,Total,14001,Five years preceding the survey,1,1,CHSZWTCREP,,2008-09,DHS,5852,6079,,,
KEN,427656,Birth weight of child reported,49.6,1,KE,Kenya,2008,KE2008DHS,CH_SZWT_C_REP,93856060,I,1000,0,Total,Total,14002,Two years preceding the survey,1,0,CHSZWTCREP,,2008-09,DHS,2365,2498,,,
KEN,356752,BCG vaccination received in first year,93.4,1,KE,Kenya,2008,KE2008DHS,CH_VAC1_C_BCG,93936010,I,1000,0,Total,Total,0,,1,1,CHVAC1CBCG,,2008-09,DHS,4340,4459,,,
KEN,356755,DPT 3 vaccination received in first year,82.6,1,KE,Kenya,2008,KE2008DHS,CH_VAC1_C_DP3,93936040,I,1000,0,Total,Total,0,,1,1,CHVAC1CDP3,,2008-09,DHS,4340,4459,,,
KEN,356761,Polio 3 vaccination received in first year,82,1,KE,Kenya,2008,KE2008DHS,CH_VAC1_C_OP3,93936080,I,1000,0,Total,Total,0,,1,1,CHVAC1COP3,,2008-09,DHS,4340,4459,,,
KEN,356762,Measles vaccination received in first year,40.5,1,KE,Kenya,2008,KE2008DHS,CH_VAC1_C_MSL,93936090,I,1000,0,Total,Total,0,,1,1,CHVAC1CMSL,,2008-09,DHS,4340,4459,,,
KEN,356763,Fully vaccinated (8 basic antigens),36,1,KE,Kenya,2008,KE2008DHS,CH_VAC1_C_BAS,93936230,I,1000,0,Total,Total,0,,1,1,CHVAC1CBAS,,2008-09,DHS,4340,4459,,,
KEN,259896,Children with ARI for whom advice or treatment was sought,72.3,1,KE,Kenya,2008,KE2008DHS,CH_ARIS_C_ADV,93966040,I,1000,0,Total,Total,14000,Three years preceding the survey,1,0,CHARISCADV,,2008-09,DHS,264,277,,,
KEN,571556,Children with ARI for whom advice or treatment was sought,69.9,1,KE,Kenya,2008,KE2008DHS,CH_ARIS_C_ADV,93966040,I,1000,0,Total,Total,14001,Five years preceding the survey,1,1,CHARISCADV,,2008-09,DHS,416,432,,,
KEN,259895,Children with symptoms of ARI who received antibiotics,53.2,1,KE,Kenya,2008,KE2008DHS,CH_ARIS_C_ABI,93966050,I,1000,0,Total,Total,14000,Three years preceding the survey,1,0,CHARISCABI,,2008-09,DHS,264,277,,,
KEN,571554,Children with symptoms of ARI who received antibiotics,49.6,1,KE,Kenya,2008,KE2008DHS,CH_ARIS_C_ABI,93966050,I,1000,0,Total,Total,14001,Five years preceding the survey,1,1,CHARISCABI,,2008-09,DHS,416,432,,,
KEN,394538,Treatment of diarrhea: Advice or treatment was sought,59.1,1,KE,Kenya,2008,KE2008DHS,CH_DIAT_C_ADV,94096010,I,1000,0,Total,Total,14000,Three years preceding the survey,1,0,CHDIATCADV,,2008-09,DHS,738,756,,,
KEN,632661,Treatment of diarrhea: Advice or treatment was sought,58,1,KE,Kenya,2008,KE2008DHS,CH_DIAT_C_ADV,94096010,I,1000,0,Total,Total,14001,Five years preceding the survey,1,1,CHDIATCADV,,2008-09,DHS,909,946,,,
KEN,394546,Treatment of diarrhea: ORT or increased fluids,78.1,1,KE,Kenya,2008,KE2008DHS,CH_DIAT_C_ORI,94096060,I,1000,0,Total,Total,14000,Three years preceding the survey,1,0,CHDIATCORI,,2008-09,DHS,738,756,,,
KEN,632671,Treatment of diarrhea: ORT or increased fluids,78.1,1,KE,Kenya,2008,KE2008DHS,CH_DIAT_C_ORI,94096060,I,1000,0,Total,Total,14001,Five years preceding the survey,1,1,CHDIATCORI,,2008-09,DHS,909,946,,,
KEN,719858,Appropriate disposal of stools,70.1,1,KE,Kenya,2008,KE2008DHS,CH_DSTL_C_SAF,94206150,I,1000,0,Total,Total,14000,Three years preceding the survey,1,0,CHDSTLCSAF,,2008-09,DHS,2904,3001,,,
KEN,422078,Appropriate disposal of stools,73.4,1,KE,Kenya,2008,KE2008DHS,CH_DSTL_C_SAF,94206150,I,1000,0,Total,Total,14001,Five years preceding the survey,1,1,CHDSTLCSAF,,2008-09,DHS,3725,3844,,,
KEN,684550,Appropriate disposal of stools,69,1,KE,Kenya,2008,KE2008DHS,CH_DSTL_C_SAF,94206150,I,1000,0,Total,Total,14002,Two years preceding the survey,1,0,CHDSTLCSAF,,2008-09,DHS,2139,2243,,,
KEN,44010,Children stunted,35.3,1,KE,Kenya,2008,KE2008DHS,CN_NUTS_C_HA2,104236020,I,1000,0,Total,Total,0,,1,1,CNNUTSCHA2,,2008-09,DHS,5470,5563,,,
KEN,746543,Children wasted,6.7,1,KE,Kenya,2008,KE2008DHS,CN_NUTS_C_WH2,104236050,I,1000,0,Total,Total,0,,1,1,CNNUTSCWH2,,2008-09,DHS,5470,5563,,,
KEN,384466,Children underweight,16.1,1,KE,Kenya,2008,KE2008DHS,CN_NUTS_C_WA2,104236090,I,1000,0,Total,Total,0,,1,1,CNNUTSCWA2,,2008-09,DHS,5470,5563,,,
KEN,384468,Children overweight for their age,1.2,1,KE,Kenya,2008,KE2008DHS,CN_NUTS_C_WAP,104236100,I,1000,0,Total,Total,0,,1,1,CNNUTSCWAP,,2008-09,DHS,5470,5563,,,
KEN,642046,Children ever breastfed,97.4,1,KE,Kenya,2008,KE2008DHS,CN_BRFI_C_EVR,104266010,I,1000,0,Total,Total,0,,1,1,CNBRFICEVR,,2008-09,DHS,2264,2373,,,
KEN,642042,Children who started breastfeeding within 1 hour of birth,55.8,1,KE,Kenya,2008,KE2008DHS,CN_BRFI_C_1HR,104266020,I,1000,0,Total,Total,0,,1,1,CNBRFIC1HR,,2008-09,DHS,2264,2373,,,
KEN,801068,Children exclusively breastfed,31.9,1,KE,Kenya,2008,KE2008DHS,CN_BRFS_C_EXB,104306020,I,295001,21001,Age in months (other groupings),0-5,0,,1,1,CNBRFSCEXB,,2008-09,DHS,527,587,,,
KEN,801054,Children breastfeeding and consuming plain water only,14.8,1,KE,Kenya,2008,KE2008DHS,CN_BRFS_C_WAT,104306030,I,295001,21001,Age in months (other groupings),0-5,0,,1,1,CNBRFSCWAT,,2008-09,DHS,527,587,,,
KEN,801063,Children breastfeeding and consuming non-milk liquids,1.1,1,KE,Kenya,2008,KE2008DHS,CN_BRFS_C_LIQ,104306040,I,295001,21001,Age in months (other groupings),0-5,0,,1,1,CNBRFSCLIQ,,2008-09,DHS,527,587,,,
KEN,801064,Children breastfeeding and consuming complementary foods,35.6,1,KE,Kenya,2008,KE2008DHS,CN_BRFS_C_CMP,104306060,I,295001,21001,Age in months (other groupings),0-5,0,,1,1,CNBRFSCCMP,,2008-09,DHS,527,587,,,
KEN,801066,Children currently breastfeeding,99.1,1,KE,Kenya,2008,KE2008DHS,CN_BRFS_C_BRF,104306080,I,295001,21001,Age in months (other groupings),0-5,0,,1,1,CNBRFSCBRF,,2008-09,DHS,527,587,,,
KEN,801002,Children using a bottle with a nipple,24.5,1,KE,Kenya,2008,KE2008DHS,CN_BRFS_C_BNP,104306110,I,295001,21001,Age in months (other groupings),0-5,0,,1,1,CNBRFSCBNP,,2008-09,DHS,535,595,,,
KEN,44019,Median duration of any breastfeeding,20.5,1,KE,Kenya,2008,KE2008DHS,CN_BFDR_C_MDA,104336010,I,1000,0,Total,Total,0,,1,1,CNBFDRCMDA,,2008-09,DHS,,,,,
KEN,756438,Households with iodized salt,99.8,1,KE,Kenya,2008,KE2008DHS,CN_IODZ_H_IOD,104531050,I,1000,0,Total,Total,0,,1,1,CNIODZHIOD,,2008-09,DHS,8562,8516,,,
KEN,248183,Households with at least one insecticide-treated mosquito net (ITN),55.7,1,KE,Kenya,2008,KE2008DHS,ML_NETP_H_ITN,124661020,I,1000,0,Total,Total,0,,1,1,MLNETPHITN,,2008-09,DHS,9057,9057,,,
KEN,453555,Households with at least one insecticide-treated mosquito net (ITN) for every two persons who stayed in the household the previous night,27.1,1,KE,Kenya,2008,KE2008DHS,ML_NETP_H_IT2,124661100,I,1000,0,Total,Total,0,,1,1,MLNETPHIT2,,2008-09,DHS,9027,9023,,,
KEN,523486,Households with at least one insecticide-treated mosquito net (ITN) and/or indoor residual spraying (IRS) in the past 12 months,55.7,1,KE,Kenya,2008,KE2008DHS,ML_IRSM_H_IIR,124701020,I,1000,0,Total,Total,0,,1,1,MLIRSMHIIR,,2008-09,DHS,9057,9057,,,
KEN,523487,Households with at least one insecticide-treated mosquito net (ITN) for every two persons and/or indoor residual spraying (IRS) in the past 12 months,27,1,KE,Kenya,2008,KE2008DHS,ML_IRSM_H_I2I,124701030,I,1000,0,Total,Total,0,,1,1,MLIRSMHI2I,,2008-09,DHS,9057,9057,,,
KEN,522657,Population who slept under an insecticide-treated mosquito net (ITN) last night,35.1,1,KE,Kenya,2008,KE2008DHS,ML_NETU_P_ITN,124762020,I,1000,0,Total,Total,0,,1,1,MLNETUPITN,,2008-09,DHS,38019,37790,,,
KEN,467811,Children under 5 who slept under an insecticide-treated net (ITN),46.7,1,KE,Kenya,2008,KE2008DHS,ML_NETC_C_ITN,124836020,I,1000,0,Total,Total,0,,1,1,MLNETCCITN,,2008-09,DHS,5953,6098,,,
KEN,567710,Pregnant women who slept under an insecticide-treated net (ITN),49,1,KE,Kenya,2008,KE2008DHS,ML_NETW_W_ITN,124863020,I,1000,0,Total,Total,0,,1,1,MLNETWWITN,,2008-09,DHS,601,622,,,
KEN,737930,SP/Fansidar 3+ doses during pregnancy,6.9,1,KE,Kenya,2008,KE2008DHS,ML_IPTP_W_3SP,124903025,I,1000,0,Total,Total,0,,1,1,MLIPTPW3SP,,2008-09,DHS,2264,2373,,,
KEN,542108,Children with fever for whom advice or treatment was sought,62.1,1,KE,Kenya,2008,KE2008DHS,ML_FEVT_C_ADV,124966010,I,1000,0,Total,Total,0,,1,1,MLFEVTCADV,,2008-09,DHS,1302,1385,,,
KEN,542106,Children with fever who took a combination with artemisinin,7.8,1,KE,Kenya,2008,KE2008DHS,ML_FEVT_C_ACT,124966040,I,1000,0,Total,Total,0,,1,1,MLFEVTCACT,,2008-09,DHS,1302,1385,,,
KEN,456971,Comprehensive correct knowledge about AIDS [Women],48.2,1,KE,Kenya,2008,KE2008DHS,HA_CKNA_W_CKA,135233060,I,10000,10000,Total 15-49,Total 15-49,0,,1,1,HACKNAWCKA,,2008-09,DHS,8444,8444,,,
KEN,354203,Accepting attitudes towards those living with HIV - Composite of 4 components [Women],32.6,1,KE,Kenya,2008,KE2008DHS,HA_AATT_W_AAT,135303050,I,10000,10000,Total 15-49,Total 15-49,0,,1,1,HAAATTWAAT,,2008-09,DHS,8369,8360,,,
KEN,732143,Accepting attitudes - Female teacher who is HIV+ but not sick should be allowed to continue teaching in school (3) [Men],79.9,1,KE,Kenya,2008,KE2008DHS,HA_AATT_M_FTC,135304100,I,10000,10000,Total 15-49,Total 15-49,0,,1,1,HAAATTMFTC,,2008-09,DHS,3250,3249,,,
KEN,632627,Higher risk sex in the last year [Women],18,1,KE,Kenya,2008,KE2008DHS,HA_HRSX_W_HRS,135403010,I,10000,10000,Total 15-49,Total 15-49,0,,1,1,HAHRSXWHRS,,2008-09,DHS,5981,5995,,,
KEN,685267,"Condom use at last higher risk sex (with a non-marital, non-cohabiting partner) [Women]",36.2,1,KE,Kenya,2008,KE2008DHS,HA_HRSX_W_CND,135403040,I,10000,10000,Total 15-49,Total 15-49,0,,1,1,HAHRSXWCND,,2008-09,DHS,1079,1013,,,
KEN,700953,Higher-risk Sex (with multiple partners among all respondents) [Women],1.2,1,KE,Kenya,2008,KE2008DHS,HA_MSXP_W_2PP,135433010,I,10000,10000,Total 15-49,Total 15-49,0,,1,1,HAMSXPW2PP,,2008-09,DHS,8444,8444,,,
KEN,340353,Condom use during higher-risk sex (with multiple partners) [Women],32.2,1,KE,Kenya,2008,KE2008DHS,HA_MSXP_W_CND,135433040,I,10000,10000,Total 15-49,Total 15-49,0,,1,1,HAMSXPWCND,,2008-09,DHS,103,107,,,
KEN,621397,Women who know where to get an HIV test,92.4,1,KE,Kenya,2008,KE2008DHS,HA_CPHT_W_KNW,135563010,I,10000,10000,Total 15-49,Total 15-49,0,,1,1,HACPHTWKNW,,2008-09,DHS,8444,8444,,,
KEN,621407,Women receiving an HIV test and receiving test results in the last 12 months,29.3,1,KE,Kenya,2008,KE2008DHS,HA_CPHT_W_T1R,135563070,I,10000,10000,Total 15-49,Total 15-49,0,,1,1,HACPHTWT1R,,2008-09,DHS,8444,8444,,,
KEN,418575,Pregnant women counselled for HIV during ANC visit,61.2,1,KE,Kenya,2008,KE2008DHS,HA_CATH_W_CSL,135603010,I,10000,10000,Total 15-49,Total 15-49,0,,1,1,HACATHWCSL,,2008-09,DHS,2264,2373,,,
KEN,200581,"Age-mixing in sexual partnerships (young women age 15-19, any partner in the last 12 months)",1.2,1,KE,Kenya,2008,KE2008DHS,HA_AMXY_W_M10,135863010,I,1000,0,Total,Total,0,,1,1,HAAMXYWM10,,2008-09,DHS,486,739,,,
KEN,713420,"HIV testing behaviour among young women, sexually active in the last 12 months",40.9,1,KE,Kenya,2008,KE2008DHS,HA_HVTY_W_TRR,135903010,I,1000,0,Total,Total,0,,1,1,HAHVTYWTRR,,2008-09,DHS,1765,1828,,,
KEN,532493,Wife beating justified for at least one specific reason [Women],52.6,1,KE,Kenya,2008,KE2008DHS,WE_AWBT_W_AGR,176433060,I,1000,0,Total,Total,0,,1,1,WEAWBTWAGR,,2008-09,DHS,8444,8444,,,
KEN,425888,Women circumcised (FGC),27.1,1,KE,Kenya,2008,KE2008DHS,FG_PFCC_W_WCC,207503010,I,1000,0,Total,Total,0,,1,1,FGPFCCWWCC,,2008-09,DHS,8444,8444,,,
KEN,256600,Women who believe that female circumcision should be continued,9.8,1,KE,Kenya,2008,KE2008DHS,FG_OFCC_W_CNT,207863010,I,1000,0,Total,Total,0,,1,1,FGOFCCWCNT,,2008-09,DHS,8111,8042,,,
KEN,433476,Children registered,60,1,KE,Kenya,2008,KE2008DHS,CP_BREG_C_REG,220906030,I,1000,0,Total,Total,0,,1,1,CPBREGCREG,,2008-09,DHS,5956,6099,,,
KEN,6299,Gender parity index for net primary school attendance,1.03,2,KE,Kenya,2008,KE2008DHS,ED_NARP_B_GPI,231035040,I,1000,0,Total,Total,0,,1,1,EDNARPBGPI,,2008-09,DHS,,,,,
KEN,6330,Gender parity index for net secondary school attendance,1.08,2,KE,Kenya,2008,KE2008DHS,ED_NARS_B_GPI,231105040,I,1000,0,Total,Total,0,,1,1,EDNARSBGPI,,2008-09,DHS,,,,,
KEN,537450,Population using an improved water source,61.7,1,KE,Kenya,2008,KE2008DHS,WS_SRCE_P_IMP,250162010,I,1000,0,Total,Total,0,,1,1,WSSRCEPIMP,,2008-09,DHS,38069,37870,,,
KEN,5867,Households using an appropriate treatment method,43.9,1,KE,Kenya,2008,KE2008DHS,WS_WTRT_H_APP,250231090,I,1000,0,Total,Total,0,,1,1,WSWTRTHAPP,,2008-09,DHS,9057,9057,,,
KEN,195863,Population with an improved sanitation facility,44.6,1,KE,Kenya,2008,KE2008DHS,WS_TLET_P_IMP,250262010,I,1000,0,Total,Total,0,,1,1,WSTLETPIMP,,2008-09,DHS,38069,37870,,,
KEN,483423,Households using solid fuel for cooking ,84,1,KE,Kenya,2008,KE2008DHS,HC_CKFL_H_SLD,260431140,I,1000,0,Total,Total,0,,1,1,HCCKFLHSLD,,2008-09,DHS,9057,9057,,,
KEN,131378,Age specific fertility rate: 15-19,96,0,KE,Kenya,2014,KE2014DHS,FE_FRTR_W_A15,11763010,I,1000,0,Total,Total,0,,1,1,FEFRTRWA15,,2014,DHS,,,,,
KEN,376912,Women giving birth by age 18,25.1,1,KE,Kenya,2014,KE2014DHS,FE_BBAG_W_A18,12063020,I,12001,12001,Total 25-49,Total 25-49,0,,1,1,FEBBAGWA18,,2014,DHS,19524,19596,,,
KEN,262572,Married women currently using any method of contraception,58,1,KE,Kenya,2014,KE2014DHS,FP_CUSM_W_ANY,32633010,I,1000,0,Total,Total,0,,1,1,FPCUSMWANY,,2014,DHS,18549,19036,,,
KEN,616815,Unmet need for family planning,17.5,1,KE,Kenya,2014,KE2014DHS,FP_NADM_W_UNT,32933030,I,1000,0,Total,Total,0,,1,1,FPNADMWUNT,,2014,DHS,8710,9016,,,
KEN,93195,Current marital status [Women]: Married or living in union,59.7,1,KE,Kenya,2014,KE2014DHS,MA_MSTA_W_UNI,41503090,I,10000,10000,Total 15-49,Total 15-49,0,,1,1,MAMSTAWUNI,,2014,DHS,31079,31079,,,
KEN,94326,Women first married by exact age 15,7.8,1,KE,Kenya,2014,KE2014DHS,MA_MBAG_W_B15,41603010,I,12001,12001,Total 25-49,Total 25-49,0,,1,1,MAMBAGWB15,,2014,DHS,19524,19596,,,
KEN,94345,Women first married by exact age 18,28.7,1,KE,Kenya,2014,KE2014DHS,MA_MBAG_W_B18,41603020,I,12001,12001,Total 25-49,Total 25-49,0,,1,1,MAMBAGWB18,,2014,DHS,19524,19596,,,
KEN,212093,First sexual intercourse by exact age 15 [Women],15.1,1,KE,Kenya,2014,KE2014DHS,SX_SBAG_W_B15,51663010,I,12001,12001,Total 25-49,Total 25-49,0,,1,1,SXSBAGWB15,,2014,DHS,19524,19596,,,
KEN,118463,Neonatal mortality rate,22,0,KE,Kenya,2014,KE2014DHS,CM_ECMR_C_NNR,63206010,I,1000,0,Total,Total,14001,Five years preceding the survey,1,1,CMECMRCNNR,,2014,DHS,,,19,25,
KEN,118485,Neonatal mortality rate,23,0,KE,Kenya,2014,KE2014DHS,CM_ECMR_C_NNR,63206010,I,1000,0,Total,Total,14003,Ten years preceding the survey,1,0,CMECMRCNNR,,2014,DHS,,,21,25,
KEN,814576,Postneonatal mortality rate,16,0,KE,Kenya,2014,KE2014DHS,CM_ECMR_C_PNR,63206020,I,1000,0,Total,Total,14001,Five years preceding the survey,1,1,CMECMRCPNR,,2014,DHS,,,14,19,
KEN,772999,Postneonatal mortality rate,18,0,KE,Kenya,2014,KE2014DHS,CM_ECMR_C_PNR,63206020,I,1000,0,Total,Total,14003,Ten years preceding the survey,1,0,CMECMRCPNR,,2014,DHS,,,16,20,
KEN,812139,Infant mortality rate,39,0,KE,Kenya,2014,KE2014DHS,CM_ECMR_C_IMR,63206030,I,1000,0,Total,Total,14001,Five years preceding the survey,1,1,CMECMRCIMR,,2014,DHS,,,35,43,
KEN,800294,Infant mortality rate,41,0,KE,Kenya,2014,KE2014DHS,CM_ECMR_C_IMR,63206030,I,1000,0,Total,Total,14003,Ten years preceding the survey,1,0,CMECMRCIMR,,2014,DHS,,,38,44,
KEN,798631,Child mortality rate,14,0,KE,Kenya,2014,KE2014DHS,CM_ECMR_C_CMR,63206040,I,1000,0,Total,Total,14001,Five years preceding the survey,1,1,CMECMRCCMR,,2014,DHS,,,12,17,
KEN,813196,Child mortality rate,16,0,KE,Kenya,2014,KE2014DHS,CM_ECMR_C_CMR,63206040,I,1000,0,Total,Total,14003,Ten years preceding the survey,1,0,CMECMRCCMR,,2014,DHS,,,14,18,
KEN,118542,Under-five mortality rate,52,0,KE,Kenya,2014,KE2014DHS,CM_ECMR_C_U5M,63206050,I,1000,0,Total,Total,14001,Five years preceding the survey,1,1,CMECMRCU5M,,2014,DHS,,,48,57,
KEN,118484,Under-five mortality rate,56,0,KE,Kenya,2014,KE2014DHS,CM_ECMR_C_U5M,63206050,I,1000,0,Total,Total,14003,Ten years preceding the survey,1,0,CMECMRCU5M,,2014,DHS,,,52,60,
KEN,91536,Pregnancy-related mortality ratio,362,0,KE,Kenya,2014,KE2014DHS,MM_MMRO_W_PMR,77033020,I,1000,0,Total,Total,0,,1,1,MMMMROWPMR,,2014,DHS,,,254,471,
KEN,203677,Antenatal care from a skilled provider,95.3,1,KE,Kenya,2014,KE2014DHS,RH_ANCP_W_SKP,83363120,I,1000,0,Total,Total,14000,Three years preceding the survey,1,0,RHANCPWSKP,,2014,DHS,10378,11005,,,
KEN,601307,Antenatal care from a skilled provider,95.5,1,KE,Kenya,2014,KE2014DHS,RH_ANCP_W_SKP,83363120,I,1000,0,Total,Total,14001,Five years preceding the survey,1,0,RHANCPWSKP,,2014,DHS,14442,14949,,,
KEN,241466,Antenatal care from a skilled provider,95.3,1,KE,Kenya,2014,KE2014DHS,RH_ANCP_W_SKP,83363120,I,1000,0,Total,Total,14002,Two years preceding the survey,1,1,RHANCPWSKP,,2014,DHS,7357,7925,,,
KEN,228942,Antenatal visits for pregnancy: 4+ visits,55.8,1,KE,Kenya,2014,KE2014DHS,RH_ANCN_W_N4P,83403040,I,1000,0,Total,Total,14000,Three years preceding the survey,1,0,RHANCNWN4P,,2014,DHS,10378,11005,,,
KEN,664742,Antenatal visits for pregnancy: 4+ visits,57.6,1,KE,Kenya,2014,KE2014DHS,RH_ANCN_W_N4P,83403040,I,1000,0,Total,Total,14001,Five years preceding the survey,1,0,RHANCNWN4P,,2014,DHS,14442,14949,,,
KEN,243174,Antenatal visits for pregnancy: 4+ visits,54.7,1,KE,Kenya,2014,KE2014DHS,RH_ANCN_W_N4P,83403040,I,1000,0,Total,Total,14002,Two years preceding the survey,1,1,RHANCNWN4P,,2014,DHS,7357,7925,,,
KEN,629201,Tetanus protection at birth,75,1,KE,Kenya,2014,KE2014DHS,RH_TTIJ_W_PRT,83533060,I,1000,0,Total,Total,14000,Three years preceding the survey,1,0,RHTTIJWPRT,,2014,DHS,4959,5295,,,
KEN,522886,Tetanus protection at birth,75.6,1,KE,Kenya,2014,KE2014DHS,RH_TTIJ_W_PRT,83533060,I,1000,0,Total,Total,14001,Five years preceding the survey,1,0,RHTTIJWPRT,,2014,DHS,6876,7176,,,
KEN,215890,Tetanus protection at birth,74.3,1,KE,Kenya,2014,KE2014DHS,RH_TTIJ_W_PRT,83533060,I,1000,0,Total,Total,14002,Two years preceding the survey,1,1,RHTTIJWPRT,,2014,DHS,3544,3821,,,
KEN,249259,Place of delivery: Health facility,64,1,KE,Kenya,2014,KE2014DHS,RH_DELP_C_DHF,83566070,I,1000,0,Total,Total,14000,Three years preceding the survey,1,0,RHDELPCDHF,,2014,DHS,11601,12443,,,
KEN,209449,Place of delivery: Health facility,61.2,1,KE,Kenya,2014,KE2014DHS,RH_DELP_C_DHF,83566070,I,1000,0,Total,Total,14001,Five years preceding the survey,1,0,RHDELPCDHF,,2014,DHS,19564,20964,,,
KEN,617175,Place of delivery: Health facility,65.2,1,KE,Kenya,2014,KE2014DHS,RH_DELP_C_DHF,83566070,I,1000,0,Total,Total,14002,Two years preceding the survey,1,1,RHDELPCDHF,,2014,DHS,7662,8241,,,
KEN,198486,Assistance during delivery from a skilled provider,64.5,1,KE,Kenya,2014,KE2014DHS,RH_DELA_C_SKP,83606110,I,1000,0,Total,Total,14000,Three years preceding the survey,1,0,RHDELACSKP,,2014,DHS,11601,12443,,,
KEN,336435,Assistance during delivery from a skilled provider,61.8,1,KE,Kenya,2014,KE2014DHS,RH_DELA_C_SKP,83606110,I,1000,0,Total,Total,14001,Five years preceding the survey,1,0,RHDELACSKP,,2014,DHS,19564,20964,,,
KEN,619635,Assistance during delivery from a skilled provider,65.8,1,KE,Kenya,2014,KE2014DHS,RH_DELA_C_SKP,83606110,I,1000,0,Total,Total,14002,Two years preceding the survey,1,1,RHDELACSKP,,2014,DHS,7662,8241,,,
KEN,198487,Delivery by cesarean section,9.2,1,KE,Kenya,2014,KE2014DHS,RH_DELA_C_CSC,83606120,I,1000,0,Total,Total,14000,Three years preceding the survey,1,0,RHDELACCSC,,2014,DHS,11601,12443,,,
KEN,336436,Delivery by cesarean section,8.7,1,KE,Kenya,2014,KE2014DHS,RH_DELA_C_CSC,83606120,I,1000,0,Total,Total,14001,Five years preceding the survey,1,0,RHDELACCSC,,2014,DHS,19564,20964,,,
KEN,619636,Delivery by cesarean section,9,1,KE,Kenya,2014,KE2014DHS,RH_DELA_C_CSC,83606120,I,1000,0,Total,Total,14002,Two years preceding the survey,1,1,RHDELACCSC,,2014,DHS,7662,8241,,,
KEN,604890,Mother's first postnatal checkup in the first two days after birth,52.9,1,KE,Kenya,2014,KE2014DHS,RH_PCMT_W_DY2,83633090,I,1000,0,Total,Total,0,,1,1,RHPCMTWDY2,,2014,DHS,3544,3821,,,
KEN,734835,Newborn's first postnatal checkup in the first two days after birth,35.6,1,KE,Kenya,2014,KE2014DHS,RH_PCCT_C_DY2,83706090,I,1000,0,Total,Total,0,,1,1,RHPCCTCDY2,,2014,DHS,3544,3821,,,
KEN,463575,Birth weight of child reported,68.4,1,KE,Kenya,2014,KE2014DHS,CH_SZWT_C_REP,93856060,I,1000,0,Total,Total,14000,Three years preceding the survey,1,0,CHSZWTCREP,,2014,DHS,5555,5992,,,
KEN,191837,Birth weight of child reported,65.7,1,KE,Kenya,2014,KE2014DHS,CH_SZWT_C_REP,93856060,I,1000,0,Total,Total,14001,Five years preceding the survey,1,1,CHSZWTCREP,,2014,DHS,9358,10092,,,
KEN,563974,Birth weight of child reported,69.1,1,KE,Kenya,2014,KE2014DHS,CH_SZWT_C_REP,93856060,I,1000,0,Total,Total,14002,Two years preceding the survey,1,0,CHSZWTCREP,,2014,DHS,3701,3988,,,
KEN,377201,BCG vaccination received in first year,95.8,1,KE,Kenya,2014,KE2014DHS,CH_VAC1_C_BCG,93936010,I,1000,0,Total,Total,0,,1,1,CHVAC1CBCG,,2014,DHS,15099,16184,,,
KEN,377204,DPT 3 vaccination received in first year,87.3,1,KE,Kenya,2014,KE2014DHS,CH_VAC1_C_DP3,93936040,I,1000,0,Total,Total,0,,1,1,CHVAC1CDP3,,2014,DHS,15099,16184,,,
KEN,377216,Polio 3 vaccination received in first year,88,1,KE,Kenya,2014,KE2014DHS,CH_VAC1_C_OP3,93936080,I,1000,0,Total,Total,0,,1,1,CHVAC1COP3,,2014,DHS,15099,16184,,,
KEN,377291,Measles vaccination received in first year,42,1,KE,Kenya,2014,KE2014DHS,CH_VAC1_C_MSL,93936090,I,1000,0,Total,Total,0,,1,1,CHVAC1CMSL,,2014,DHS,15099,16184,,,
KEN,377205,Fully vaccinated (8 basic antigens),37.7,1,KE,Kenya,2014,KE2014DHS,CH_VAC1_C_BAS,93936230,I,1000,0,Total,Total,0,,1,1,CHVAC1CBAS,,2014,DHS,15099,16184,,,
KEN,399581,Children with ARI for whom advice or treatment was sought,75.2,1,KE,Kenya,2014,KE2014DHS,CH_ARIS_C_ADV,93966040,I,1000,0,Total,Total,14000,Three years preceding the survey,1,0,CHARISCADV,,2014,DHS,998,1088,,,
KEN,539585,Children with ARI for whom advice or treatment was sought,73.1,1,KE,Kenya,2014,KE2014DHS,CH_ARIS_C_ADV,93966040,I,1000,0,Total,Total,14001,Five years preceding the survey,1,1,CHARISCADV,,2014,DHS,1582,1722,,,
KEN,399607,Children with symptoms of ARI who received antibiotics,54.8,1,KE,Kenya,2014,KE2014DHS,CH_ARIS_C_ABI,93966050,I,1000,0,Total,Total,14000,Three years preceding the survey,1,0,CHARISCABI,,2014,DHS,998,1088,,,
KEN,539587,Children with symptoms of ARI who received antibiotics,53.1,1,KE,Kenya,2014,KE2014DHS,CH_ARIS_C_ABI,93966050,I,1000,0,Total,Total,14001,Five years preceding the survey,1,1,CHARISCABI,,2014,DHS,1582,1722,,,
KEN,199137,Treatment of diarrhea: Advice or treatment was sought,66,1,KE,Kenya,2014,KE2014DHS,CH_DIAT_C_ADV,94096010,I,1000,0,Total,Total,14000,Three years preceding the survey,1,0,CHDIATCADV,,2014,DHS,2237,2327,,,
KEN,598820,Treatment of diarrhea: Advice or treatment was sought,66,1,KE,Kenya,2014,KE2014DHS,CH_DIAT_C_ADV,94096010,I,1000,0,Total,Total,14001,Five years preceding the survey,1,1,CHDIATCADV,,2014,DHS,2844,2953,,,
KEN,199161,Treatment of diarrhea: ORT or increased fluids,70.7,1,KE,Kenya,2014,KE2014DHS,CH_DIAT_C_ORI,94096060,I,1000,0,Total,Total,14000,Three years preceding the survey,1,0,CHDIATCORI,,2014,DHS,2237,2327,,,
KEN,598826,Treatment of diarrhea: ORT or increased fluids,70.6,1,KE,Kenya,2014,KE2014DHS,CH_DIAT_C_ORI,94096060,I,1000,0,Total,Total,14001,Five years preceding the survey,1,1,CHDIATCORI,,2014,DHS,2844,2953,,,
KEN,356749,Appropriate disposal of stools,74.2,1,KE,Kenya,2014,KE2014DHS,CH_DSTL_C_SAF,94206150,I,1000,0,Total,Total,14000,Three years preceding the survey,1,0,CHDSTLCSAF,,2014,DHS,4735,5067,,,
KEN,320125,Appropriate disposal of stools,78.1,1,KE,Kenya,2014,KE2014DHS,CH_DSTL_C_SAF,94206150,I,1000,0,Total,Total,14001,Five years preceding the survey,1,1,CHDSTLCSAF,,2014,DHS,6438,6806,,,
KEN,654576,Appropriate disposal of stools,70.2,1,KE,Kenya,2014,KE2014DHS,CH_DSTL_C_SAF,94206150,I,1000,0,Total,Total,14002,Two years preceding the survey,1,0,CHDSTLCSAF,,2014,DHS,3388,3665,,,
KEN,44086,Children stunted,26,1,KE,Kenya,2014,KE2014DHS,CN_NUTS_C_HA2,104236020,I,1000,0,Total,Total,0,,1,1,CNNUTSCHA2,,2014,DHS,18986,20524,,,
KEN,721459,Children wasted,4,1,KE,Kenya,2014,KE2014DHS,CN_NUTS_C_WH2,104236050,I,1000,0,Total,Total,0,,1,1,CNNUTSCWH2,,2014,DHS,18986,20524,,,
KEN,736991,Children underweight,11,1,KE,Kenya,2014,KE2014DHS,CN_NUTS_C_WA2,104236090,I,1000,0,Total,Total,0,,1,1,CNNUTSCWA2,,2014,DHS,18986,20524,,,
KEN,736992,Children overweight for their age,1.4,1,KE,Kenya,2014,KE2014DHS,CN_NUTS_C_WAP,104236100,I,1000,0,Total,Total,0,,1,1,CNNUTSCWAP,,2014,DHS,18986,20524,,,
KEN,612024,Children ever breastfed,98.7,1,KE,Kenya,2014,KE2014DHS,CN_BRFI_C_EVR,104266010,I,1000,0,Total,Total,0,,1,1,CNBRFICEVR,,2014,DHS,3544,3821,,,
KEN,612023,Children who started breastfeeding within 1 hour of birth,62.2,1,KE,Kenya,2014,KE2014DHS,CN_BRFI_C_1HR,104266020,I,1000,0,Total,Total,0,,1,1,CNBRFIC1HR,,2014,DHS,3544,3821,,,
KEN,504805,Children exclusively breastfed,61.4,1,KE,Kenya,2014,KE2014DHS,CN_BRFS_C_EXB,104306020,I,295001,21001,Age in months (other groupings),0-5,0,,1,1,CNBRFSCEXB,,2014,DHS,794,856,,,
KEN,504806,Children breastfeeding and consuming plain water only,10.2,1,KE,Kenya,2014,KE2014DHS,CN_BRFS_C_WAT,104306030,I,295001,21001,Age in months (other groupings),0-5,0,,1,1,CNBRFSCWAT,,2014,DHS,794,856,,,
KEN,504810,Children breastfeeding and consuming non-milk liquids,3.3,1,KE,Kenya,2014,KE2014DHS,CN_BRFS_C_LIQ,104306040,I,295001,21001,Age in months (other groupings),0-5,0,,1,1,CNBRFSCLIQ,,2014,DHS,794,856,,,
KEN,504811,Children breastfeeding and consuming complementary foods,14.9,1,KE,Kenya,2014,KE2014DHS,CN_BRFS_C_CMP,104306060,I,295001,21001,Age in months (other groupings),0-5,0,,1,1,CNBRFSCCMP,,2014,DHS,794,856,,,
KEN,504803,Children currently breastfeeding,99.5,1,KE,Kenya,2014,KE2014DHS,CN_BRFS_C_BRF,104306080,I,295001,21001,Age in months (other groupings),0-5,0,,1,1,CNBRFSCBRF,,2014,DHS,794,856,,,
KEN,565505,Children using a bottle with a nipple,10.8,1,KE,Kenya,2014,KE2014DHS,CN_BRFS_C_BNP,104306110,I,295001,21001,Age in months (other groupings),0-5,0,,1,1,CNBRFSCBNP,,2014,DHS,806,869,,,
KEN,44084,Median duration of any breastfeeding,21,1,KE,Kenya,2014,KE2014DHS,CN_BFDR_C_MDA,104336010,I,1000,0,Total,Total,0,,1,1,CNBFDRCMDA,,2014,DHS,,,,,
KEN,389817,Breastfed children 6-23 months fed both 4+ food groups and the minimum meal frequency,22.6,1,KE,Kenya,2014,KE2014DHS,CN_IYCF_C_BTB,104436030,I,1000,0,Total,Total,0,,1,1,CNIYCFCBTB,,2014,DHS,2159,2340,,,
KEN,506212,Non-breastfed children 6-23 months fed milk or milk products,43.6,1,KE,Kenya,2014,KE2014DHS,CN_IYCF_C_MKN,104436060,I,1000,0,Total,Total,0,,1,1,CNIYCFCMKN,,2014,DHS,435,469,,,
KEN,506211,Non-breastfed children 6-23 months with 3 IYCF practices,17.8,1,KE,Kenya,2014,KE2014DHS,CN_IYCF_C_3PN,104436090,I,1000,0,Total,Total,0,,1,1,CNIYCFC3PN,,2014,DHS,435,469,,,
KEN,697290,Children 6-23 months fed 5+ food groups,36.3,1,KE,Kenya,2014,KE2014DHS,CN_IYCF_C_4FA,104436130,I,1000,0,Total,Total,0,,1,1,CNIYCFC4FA,,2014,DHS,2594,2809,,,
KEN,697293,Children 6-23 months fed the minimum meal frequency,50.6,1,KE,Kenya,2014,KE2014DHS,CN_IYCF_C_MNA,104436140,I,1000,0,Total,Total,0,,1,1,CNIYCFCMNA,,2014,DHS,2594,2809,,,
KEN,697294,Children 6-23 months with 3 IYCF practices,21.8,1,KE,Kenya,2014,KE2014DHS,CN_IYCF_C_3PA,104436150,I,1000,0,Total,Total,0,,1,1,CNIYCFC3PA,,2014,DHS,2594,2809,,,
KEN,751607,Households with iodized salt,99.5,1,KE,Kenya,2014,KE2014DHS,CN_IODZ_H_IOD,104531050,I,1000,0,Total,Total,0,,1,1,CNIODZHIOD,,2014,DHS,34139,33710,,,
KEN,232045,Households with at least one insecticide-treated mosquito net (ITN),58.9,1,KE,Kenya,2014,KE2014DHS,ML_NETP_H_ITN,124661020,I,1000,0,Total,Total,0,,1,1,MLNETPHITN,,2014,DHS,36430,36430,,,
KEN,171567,Households with at least one insecticide-treated mosquito net (ITN) for every two persons who stayed in the household the previous night,34.5,1,KE,Kenya,2014,KE2014DHS,ML_NETP_H_IT2,124661100,I,1000,0,Total,Total,0,,1,1,MLNETPHIT2,,2014,DHS,36185,36212,,,
KEN,171572,Households with at least one insecticide-treated mosquito net (ITN) and/or indoor residual spraying (IRS) in the past 12 months,59.1,1,KE,Kenya,2014,KE2014DHS,ML_IRSM_H_IIR,124701020,I,1000,0,Total,Total,0,,1,1,MLIRSMHIIR,,2014,DHS,36430,36430,,,
KEN,171575,Households with at least one insecticide-treated mosquito net (ITN) for every two persons and/or indoor residual spraying (IRS) in the past 12 months,34.6,1,KE,Kenya,2014,KE2014DHS,ML_IRSM_H_I2I,124701030,I,1000,0,Total,Total,0,,1,1,MLIRSMHI2I,,2014,DHS,36430,36430,,,
KEN,171587,Population who slept under an insecticide-treated mosquito net (ITN) last night,42.6,1,KE,Kenya,2014,KE2014DHS,ML_NETU_P_ITN,124762020,I,1000,0,Total,Total,0,,1,1,MLNETUPITN,,2014,DHS,137780,145440,,,
KEN,171594,Children under 5 who slept under an insecticide-treated net (ITN),54.3,1,KE,Kenya,2014,KE2014DHS,ML_NETC_C_ITN,124836020,I,1000,0,Total,Total,0,,1,1,MLNETCCITN,,2014,DHS,19798,21445,,,
KEN,548817,Pregnant women who slept under an insecticide-treated net (ITN),50.6,1,KE,Kenya,2014,KE2014DHS,ML_NETW_W_ITN,124863020,I,1000,0,Total,Total,0,,1,1,MLNETWWITN,,2014,DHS,1937,2076,,,
KEN,727814,SP/Fansidar 3+ doses during pregnancy,10.3,1,KE,Kenya,2014,KE2014DHS,ML_IPTP_W_3SP,124903025,I,1000,0,Total,Total,0,,1,1,MLIPTPW3SP,,2014,DHS,7357,7925,,,
KEN,493606,Children with fever for whom advice or treatment was sought,72.2,1,KE,Kenya,2014,KE2014DHS,ML_FEVT_C_ADV,124966010,I,1000,0,Total,Total,0,,1,1,MLFEVTCADV,,2014,DHS,4562,4764,,,
KEN,493608,Children with fever who had blood taken from a finger or heel for testing,34.9,1,KE,Kenya,2014,KE2014DHS,ML_FEVT_C_BLD,124966030,I,1000,0,Total,Total,0,,1,1,MLFEVTCBLD,,2014,DHS,4562,4764,,,
KEN,493604,Children with fever who took a combination with artemisinin,23.1,1,KE,Kenya,2014,KE2014DHS,ML_FEVT_C_ACT,124966040,I,1000,0,Total,Total,0,,1,1,MLFEVTCACT,,2014,DHS,4562,4764,,,
KEN,442498,Comprehensive correct knowledge about AIDS [Women],56.3,1,KE,Kenya,2014,KE2014DHS,HA_CKNA_W_CKA,135233060,I,10000,10000,Total 15-49,Total 15-49,0,,1,1,HACKNAWCKA,,2014,DHS,31079,31079,,,
KEN,338743,Accepting attitudes towards those living with HIV - Composite of 4 components [Women],26.1,1,KE,Kenya,2014,KE2014DHS,HA_AATT_W_AAT,135303050,I,10000,10000,Total 15-49,Total 15-49,0,,1,1,HAAATTWAAT,,2014,DHS,14587,14661,,,
KEN,724364,Accepting attitudes - Female teacher who is HIV+ but not sick should be allowed to continue teaching in school (3) [Men],87.6,1,KE,Kenya,2014,KE2014DHS,HA_AATT_M_FTC,135304100,I,10000,10000,Total 15-49,Total 15-49,0,,1,1,HAAATTMFTC,,2014,DHS,12039,11985,,,
KEN,606328,Higher risk sex in the last year [Women],19.4,1,KE,Kenya,2014,KE2014DHS,HA_HRSX_W_HRS,135403010,I,10000,10000,Total 15-49,Total 15-49,0,,1,1,HAHRSXWHRS,,2014,DHS,10717,10694,,,
KEN,552522,"Condom use at last higher risk sex (with a non-marital, non-cohabiting partner) [Women]",56.6,1,KE,Kenya,2014,KE2014DHS,HA_HRSX_W_CND,135403040,I,10000,10000,Total 15-49,Total 15-49,0,,1,1,HAHRSXWCND,,2014,DHS,2080,1810,,,
KEN,684233,Higher-risk Sex (with multiple partners among all respondents) [Women],1.4,1,KE,Kenya,2014,KE2014DHS,HA_MSXP_W_2PP,135433010,I,10000,10000,Total 15-49,Total 15-49,0,,1,1,HAMSXPW2PP,,2014,DHS,14625,14741,,,
KEN,628815,Condom use during higher-risk sex (with multiple partners) [Women],40.1,1,KE,Kenya,2014,KE2014DHS,HA_MSXP_W_CND,135433040,I,10000,10000,Total 15-49,Total 15-49,0,,1,1,HAMSXPWCND,,2014,DHS,205,182,,,
KEN,561425,Women who know where to get an HIV test,90.5,1,KE,Kenya,2014,KE2014DHS,HA_CPHT_W_KNW,135563010,I,10000,10000,Total 15-49,Total 15-49,0,,1,1,HACPHTWKNW,,2014,DHS,31079,31079,,,
KEN,561430,Women receiving an HIV test and receiving test results in the last 12 months,52.8,1,KE,Kenya,2014,KE2014DHS,HA_CPHT_W_T1R,135563070,I,10000,10000,Total 15-49,Total 15-49,0,,1,1,HACPHTWT1R,,2014,DHS,31079,31079,,,
KEN,251969,Pregnant women counselled for HIV during ANC visit,67.5,1,KE,Kenya,2014,KE2014DHS,HA_CATH_W_CSL,135603010,I,10000,10000,Total 15-49,Total 15-49,0,,1,1,HACATHWCSL,,2014,DHS,7357,7925,,,
KEN,251968,"Pregnant women tested for HIV during ANC, receiving results and post-test counselling",69.4,1,KE,Kenya,2014,KE2014DHS,HA_CATH_W_TRC,135603020,I,10000,10000,Total 15-49,Total 15-49,0,,1,1,HACATHWTRC,,2014,DHS,7357,7925,,,
KEN,87157,"Age-mixing in sexual partnerships (young women age 15-19, any partner in the last 12 months)",13.5,1,KE,Kenya,2014,KE2014DHS,HA_AMXY_W_M10,135863010,I,1000,0,Total,Total,0,,1,1,HAAMXYWM10,,2014,DHS,724,1166,,,
KEN,252495,"HIV testing behaviour among young women, sexually active in the last 12 months",69,1,KE,Kenya,2014,KE2014DHS,HA_HVTY_W_TRR,135903010,I,1000,0,Total,Total,0,,1,1,HAHVTYWTRR,,2014,DHS,2800,2725,,,
KEN,179432,Wife beating justified for at least one specific reason [Women],41.8,1,KE,Kenya,2014,KE2014DHS,WE_AWBT_W_AGR,176433060,I,1000,0,Total,Total,0,,1,1,WEAWBTWAGR,,2014,DHS,14625,14741,,,
KEN,442485,Women circumcised (FGC),21,1,KE,Kenya,2014,KE2014DHS,FG_PFCC_W_WCC,207503010,I,1000,0,Total,Total,0,,1,1,FGPFCCWWCC,,2014,DHS,14625,14741,,,
KEN,21077,Women who believe that female circumcision should be continued,6.2,1,KE,Kenya,2014,KE2014DHS,FG_OFCC_W_CNT,207863010,I,1000,0,Total,Total,0,,1,1,FGOFCCWCNT,,2014,DHS,14159,14294,,,
KEN,533286,Children registered,66.9,1,KE,Kenya,2014,KE2014DHS,CP_BREG_C_REG,220906030,I,1000,0,Total,Total,0,,1,1,CPBREGCREG,,2014,DHS,19954,21548,,,
KEN,6822,Gender parity index for net primary school attendance,1.02,2,KE,Kenya,2014,KE2014DHS,ED_NARP_B_GPI,231035040,I,1000,0,Total,Total,0,,1,1,EDNARPBGPI,,2014,DHS,,,,,
KEN,33047,Gender parity index for net secondary school attendance,1.08,2,KE,Kenya,2014,KE2014DHS,ED_NARS_B_GPI,231105040,I,1000,0,Total,Total,0,,1,1,EDNARSBGPI,,2014,DHS,,,,,
KEN,6383,Population using an improved water source,68.4,1,KE,Kenya,2014,KE2014DHS,WS_SRCE_P_IMP,250162010,I,1000,0,Total,Total,0,,1,1,WSSRCEPIMP,,2014,DHS,142708,151093,,,
KEN,307514,Households using an appropriate treatment method,44.5,1,KE,Kenya,2014,KE2014DHS,WS_WTRT_H_APP,250231090,I,1000,0,Total,Total,0,,1,1,WSWTRTHAPP,,2014,DHS,36430,36430,,,
KEN,608884,Population with an improved sanitation facility,47.9,1,KE,Kenya,2014,KE2014DHS,WS_TLET_P_IMP,250262010,I,1000,0,Total,Total,0,,1,1,WSTLETPIMP,,2014,DHS,142708,151093,,,
KEN,6641,Households with a place for handwashing was observed,33.6,1,KE,Kenya,2014,KE2014DHS,WS_HNDW_H_OBS,250301010,I,1000,0,Total,Total,0,,1,1,WSHNDWHOBS,,2014,DHS,17360,17409,,,
KEN,342849,Households using solid fuel for cooking ,74.6,1,KE,Kenya,2014,KE2014DHS,HC_CKFL_H_SLD,260431140,I,1000,0,Total,Total,0,,1,1,HCCKFLHSLD,,2014,DHS,36430,36430,,,
KEN,613449,Children not living with a biological parent,13.2,1,KE,Kenya,2014,KE2014DHS,HC_LVAR_C_NBP,260936120,I,27001,14001,Total for children < 18,Total for children < 18,0,,1,1,HCLVARCNBP,,2014,DHS,70257,78052,,,
KEN,613443,"Prevalence of orphanhood: children under 18 who are orphans - mother, father or both dead",9.9,1,KE,Kenya,2014,KE2014DHS,HC_LVAR_C_P1D,260936130,I,27001,14001,Total for children < 18,Total for children < 18,0,,1,1,HCLVARCP1D,,2014,DHS,70257,78052,,,
KEN,131473,Age specific fertility rate: 15-19,96,0,KE,Kenya,2015,KE2015MIS,FE_FRTR_W_A15,11763010,I,1000,0,Total,Total,0,,1,1,FEFRTRWA15,,2015,MIS,,,,,
KEN,763811,Antenatal care from a skilled provider,94,1,KE,Kenya,2015,KE2015MIS,RH_ANCP_W_SKP,83363120,I,1000,0,Total,Total,14000,Three years preceding the survey,1,0,RHANCPWSKP,,2015,MIS,1776,1934,,,
KEN,481262,Antenatal care from a skilled provider,94.5,1,KE,Kenya,2015,KE2015MIS,RH_ANCP_W_SKP,83363120,I,1000,0,Total,Total,14001,Five years preceding the survey,1,0,RHANCPWSKP,,2015,MIS,2480,2639,,,
KEN,446507,Antenatal care from a skilled provider,93.7,1,KE,Kenya,2015,KE2015MIS,RH_ANCP_W_SKP,83363120,I,1000,0,Total,Total,14002,Two years preceding the survey,1,1,RHANCPWSKP,,2015,MIS,1268,1385,,,
KEN,417698,Antenatal visits for pregnancy: 4+ visits,61.5,1,KE,Kenya,2015,KE2015MIS,RH_ANCN_W_N4P,83403040,I,1000,0,Total,Total,14000,Three years preceding the survey,1,0,RHANCNWN4P,,2015,MIS,1776,1934,,,
KEN,557423,Antenatal visits for pregnancy: 4+ visits,62.5,1,KE,Kenya,2015,KE2015MIS,RH_ANCN_W_N4P,83403040,I,1000,0,Total,Total,14001,Five years preceding the survey,1,0,RHANCNWN4P,,2015,MIS,2480,2639,,,
KEN,223805,Antenatal visits for pregnancy: 4+ visits,61.2,1,KE,Kenya,2015,KE2015MIS,RH_ANCN_W_N4P,83403040,I,1000,0,Total,Total,14002,Two years preceding the survey,1,1,RHANCNWN4P,,2015,MIS,1268,1385,,,
KEN,705075,Households with at least one insecticide-treated mosquito net (ITN),62.5,1,KE,Kenya,2015,KE2015MIS,ML_NETP_H_ITN,124661020,I,1000,0,Total,Total,0,,1,1,MLNETPHITN,,2015,MIS,6481,6481,,,
KEN,171754,Households with at least one insecticide-treated mosquito net (ITN) for every two persons who stayed in the household the previous night,40,1,KE,Kenya,2015,KE2015MIS,ML_NETP_H_IT2,124661100,I,1000,0,Total,Total,0,,1,1,MLNETPHIT2,,2015,MIS,6433,6445,,,
KEN,626495,Households with at least one insecticide-treated mosquito net (ITN) and/or indoor residual spraying (IRS) in the past 12 months,62.5,1,KE,Kenya,2015,KE2015MIS,ML_IRSM_H_IIR,124701020,I,1000,0,Total,Total,0,,1,1,MLIRSMHIIR,,2015,MIS,6481,6481,,,
KEN,626494,Households with at least one insecticide-treated mosquito net (ITN) for every two persons and/or indoor residual spraying (IRS) in the past 12 months,39.7,1,KE,Kenya,2015,KE2015MIS,ML_IRSM_H_I2I,124701030,I,1000,0,Total,Total,0,,1,1,MLIRSMHI2I,,2015,MIS,6481,6481,,,
KEN,171769,Population who slept under an insecticide-treated mosquito net (ITN) last night,47.6,1,KE,Kenya,2015,KE2015MIS,ML_NETU_P_ITN,124762020,I,1000,0,Total,Total,0,,1,1,MLNETUPITN,,2015,MIS,23517,24989,,,
KEN,171781,Children under 5 who slept under an insecticide-treated net (ITN),56.1,1,KE,Kenya,2015,KE2015MIS,ML_NETC_C_ITN,124836020,I,1000,0,Total,Total,0,,1,1,MLNETCCITN,,2015,MIS,3633,4036,,,
KEN,434503,Pregnant women who slept under an insecticide-treated net (ITN),57.8,1,KE,Kenya,2015,KE2015MIS,ML_NETW_W_ITN,124863020,I,1000,0,Total,Total,0,,1,1,MLNETWWITN,,2015,MIS,336,368,,,
KEN,554888,SP/Fansidar 3+ doses during pregnancy,22.9,1,KE,Kenya,2015,KE2015MIS,ML_IPTP_W_3SP,124903025,I,1000,0,Total,Total,0,,1,1,MLIPTPW3SP,,2015,MIS,1268,1385,,,
KEN,420271,Children with fever for whom advice or treatment was sought,72.4,1,KE,Kenya,2015,KE2015MIS,ML_FEVT_C_ADV,124966010,I,1000,0,Total,Total,0,,1,1,MLFEVTCADV,,2015,MIS,1144,1290,,,
KEN,420272,Children with fever who had blood taken from a finger or heel for testing,39.2,1,KE,Kenya,2015,KE2015MIS,ML_FEVT_C_BLD,124966030,I,1000,0,Total,Total,0,,1,1,MLFEVTCBLD,,2015,MIS,1144,1290,,,
KEN,420269,Children with fever who took a combination with artemisinin,24.8,1,KE,Kenya,2015,KE2015MIS,ML_FEVT_C_ACT,124966040,I,1000,0,Total,Total,0,,1,1,MLFEVTCACT,,2015,MIS,1144,1290,,,
KEN,535230,Population using an improved water source,73.4,1,KE,Kenya,2015,KE2015MIS,WS_SRCE_P_IMP,250162010,I,1000,0,Total,Total,0,,1,1,WSSRCEPIMP,,2015,MIS,23565,25045,,,
KEN,257511,Population with an improved sanitation facility,53,1,KE,Kenya,2015,KE2015MIS,WS_TLET_P_IMP,250262010,I,1000,0,Total,Total,0,,1,1,WSTLETPIMP,,2015,MIS,23565,25045,,,
KEN,131585,Age specific fertility rate: 15-19,81,0,KE,Kenya,2020,KE2020MIS,FE_FRTR_W_A15,11763010,I,1000,0,Total,Total,0,,1,1,FEFRTRWA15,,2020,MIS,,,,,
KEN,596887,Antenatal care from a skilled provider,92.9,1,KE,Kenya,2020,KE2020MIS,RH_ANCP_W_SKP,83363120,I,1000,0,Total,Total,14000,Three years preceding the survey,1,0,RHANCPWSKP,,2020,MIS,1931,2064,,,
KEN,164805,Antenatal care from a skilled provider,92.8,1,KE,Kenya,2020,KE2020MIS,RH_ANCP_W_SKP,83363120,I,1000,0,Total,Total,14002,Two years preceding the survey,1,1,RHANCPWSKP,,2020,MIS,1363,1481,,,
KEN,766532,Antenatal visits for pregnancy: 4+ visits,60.3,1,KE,Kenya,2020,KE2020MIS,RH_ANCN_W_N4P,83403040,I,1000,0,Total,Total,14000,Three years preceding the survey,1,0,RHANCNWN4P,,2020,MIS,1931,2064,,,
KEN,165116,Antenatal visits for pregnancy: 4+ visits,58.5,1,KE,Kenya,2020,KE2020MIS,RH_ANCN_W_N4P,83403040,I,1000,0,Total,Total,14002,Two years preceding the survey,1,1,RHANCNWN4P,,2020,MIS,1363,1481,,,
KEN,585805,Households with at least one insecticide-treated mosquito net (ITN),49,1,KE,Kenya,2020,KE2020MIS,ML_NETP_H_ITN,124661020,I,1000,0,Total,Total,0,,1,1,MLNETPHITN,,2020,MIS,7952,7952,,,
KEN,416795,Households with at least one insecticide-treated mosquito net (ITN) for every two persons who stayed in the household the previous night,28.7,1,KE,Kenya,2020,KE2020MIS,ML_NETP_H_IT2,124661100,I,1000,0,Total,Total,0,,1,1,MLNETPHIT2,,2020,MIS,7941,7933,,,
KEN,171806,Population who slept under an insecticide-treated mosquito net (ITN) last night,34.9,1,KE,Kenya,2020,KE2020MIS,ML_NETU_P_ITN,124762020,I,1000,0,Total,Total,0,,1,1,MLNETUPITN,,2020,MIS,29429,30360,,,
KEN,327836,Children under 5 who slept under an insecticide-treated net (ITN),42,1,KE,Kenya,2020,KE2020MIS,ML_NETC_C_ITN,124836020,I,1000,0,Total,Total,0,,1,1,MLNETCCITN,,2020,MIS,3896,4271,,,
KEN,227889,Pregnant women who slept under an insecticide-treated net (ITN),39.8,1,KE,Kenya,2020,KE2020MIS,ML_NETW_W_ITN,124863020,I,1000,0,Total,Total,0,,1,1,MLNETWWITN,,2020,MIS,321,333,,,
KEN,171812,SP/Fansidar 3+ doses during pregnancy,22,1,KE,Kenya,2020,KE2020MIS,ML_IPTP_W_3SP,124903025,I,1000,0,Total,Total,0,,1,1,MLIPTPW3SP,,2020,MIS,1363,1481,,,
KEN,217494,Children with fever for whom advice or treatment was sought,63.6,1,KE,Kenya,2020,KE2020MIS,ML_FEVT_C_ADV,124966010,I,1000,0,Total,Total,0,,1,1,MLFEVTCADV,,2020,MIS,562,745,,,
KEN,217501,Children with fever who had blood taken from a finger or heel for testing,35.5,1,KE,Kenya,2020,KE2020MIS,ML_FEVT_C_BLD,124966030,I,1000,0,Total,Total,0,,1,1,MLFEVTCBLD,,2020,MIS,562,745,,,
KEN,217502,Children with fever who took a combination with artemisinin,18.4,1,KE,Kenya,2020,KE2020MIS,ML_FEVT_C_ACT,124966040,I,1000,0,Total,Total,0,,1,1,MLFEVTCACT,,2020,MIS,562,745,,,
KEN,290128,Population using an improved water source,65.5,1,KE,Kenya,2020,KE2020MIS,WS_SRCE_P_IMP,250162010,I,1000,0,Total,Total,0,,1,1,WSSRCEPIMP,,2020,MIS,29775,30899,,,
KEN,588972,Population with an improved sanitation facility,63.3,1,KE,Kenya,2020,KE2020MIS,WS_TLET_P_IMP,250262010,I,1000,0,Total,Total,0,,1,1,WSTLETPIMP,,2020,MIS,29775,30899,,,
KEN,427929,Households using solid fuel for cooking ,63.4,1,KE,Kenya,2020,KE2020MIS,HC_CKFL_H_SLD,260431140,I,1000,0,Total,Total,0,,1,1,HCCKFLHSLD,,2020,MIS,7952,7952,,,
KEN,141897,Age specific fertility rate: 15-19,73,0,KE,Kenya,2022,KE2022DHS,FE_FRTR_W_A15,11763010,I,1000,0,Total,Total,0,,1,1,FEFRTRWA15,,2022,DHS,,,,,
KEN,268047,Women giving birth by age 18,23.9,1,KE,Kenya,2022,KE2022DHS,FE_BBAG_W_A18,12063020,I,12001,12001,Total 25-49,Total 25-49,0,,1,1,FEBBAGWA18,,2022,DHS,20130,19990,,,
KEN,578187,Married women currently using any method of contraception,62.5,1,KE,Kenya,2022,KE2022DHS,FP_CUSM_W_ANY,32633010,I,1000,0,Total,Total,0,,1,1,FPCUSMWANY,,2022,DHS,17822,18312,,,
KEN,669511,Unmet need for family planning,13.9,1,KE,Kenya,2022,KE2022DHS,FP_NADM_W_UNT,32933030,I,1000,0,Total,Total,0,,1,1,FPNADMWUNT,,2022,DHS,9319,9650,,,
KEN,141815,Current marital status [Women]: Married or living in union,55.4,1,KE,Kenya,2022,KE2022DHS,MA_MSTA_W_UNI,41503090,I,10000,10000,Total 15-49,Total 15-49,0,,1,1,MAMSTAWUNI,,2022,DHS,32156,32156,,,
KEN,142395,Women first married by exact age 15,7.7,1,KE,Kenya,2022,KE2022DHS,MA_MBAG_W_B15,41603010,I,12001,12001,Total 25-49,Total 25-49,0,,1,1,MAMBAGWB15,,2022,DHS,20130,19990,,,
KEN,142396,Women first married by exact age 18,25.4,1,KE,Kenya,2022,KE2022DHS,MA_MBAG_W_B18,41603020,I,12001,12001,Total 25-49,Total 25-49,0,,1,1,MAMBAGWB18,,2022,DHS,20130,19990,,,
KEN,450773,First sexual intercourse by exact age 15 [Women],14.7,1,KE,Kenya,2022,KE2022DHS,SX_SBAG_W_B15,51663010,I,12001,12001,Total 25-49,Total 25-49,0,,1,1,SXSBAGWB15,,2022,DHS,20130,19990,,,
KEN,773368,Neonatal mortality rate,21,0,KE,Kenya,2022,KE2022DHS,CM_ECMR_C_NNR,63206010,I,1000,0,Total,Total,14001,Five years preceding the survey,1,1,CMECMRCNNR,,2022,DHS,,,18,24,
KEN,142753,Neonatal mortality rate,23,0,KE,Kenya,2022,KE2022DHS,CM_ECMR_C_NNR,63206010,I,1000,0,Total,Total,14003,Ten years preceding the survey,1,0,CMECMRCNNR,,2022,DHS,,,21,25,
KEN,770379,Postneonatal mortality rate,11,0,KE,Kenya,2022,KE2022DHS,CM_ECMR_C_PNR,63206020,I,1000,0,Total,Total,14001,Five years preceding the survey,1,1,CMECMRCPNR,,2022,DHS,,,9,13,
KEN,829232,Postneonatal mortality rate,12,0,KE,Kenya,2022,KE2022DHS,CM_ECMR_C_PNR,63206020,I,1000,0,Total,Total,14003,Ten years preceding the survey,1,0,CMECMRCPNR,,2022,DHS,,,10,14,
KEN,824316,Infant mortality rate,32,0,KE,Kenya,2022,KE2022DHS,CM_ECMR_C_IMR,63206030,I,1000,0,Total,Total,14001,Five years preceding the survey,1,1,CMECMRCIMR,,2022,DHS,,,29,36,
KEN,812112,Infant mortality rate,35,0,KE,Kenya,2022,KE2022DHS,CM_ECMR_C_IMR,63206030,I,1000,0,Total,Total,14003,Ten years preceding the survey,1,0,CMECMRCIMR,,2022,DHS,,,32,38,
KEN,791528,Child mortality rate,9,0,KE,Kenya,2022,KE2022DHS,CM_ECMR_C_CMR,63206040,I,1000,0,Total,Total,14001,Five years preceding the survey,1,1,CMECMRCCMR,,2022,DHS,,,7,11,
KEN,813235,Child mortality rate,9,0,KE,Kenya,2022,KE2022DHS,CM_ECMR_C_CMR,63206040,I,1000,0,Total,Total,14003,Ten years preceding the survey,1,0,CMECMRCCMR,,2022,DHS,,,7,10,
KEN,821598,Under-five mortality rate,41,0,KE,Kenya,2022,KE2022DHS,CM_ECMR_C_U5M,63206050,I,1000,0,Total,Total,14001,Five years preceding the survey,1,1,CMECMRCU5M,,2022,DHS,,,37,45,
KEN,814356,Under-five mortality rate,43,0,KE,Kenya,2022,KE2022DHS,CM_ECMR_C_U5M,63206050,I,1000,0,Total,Total,14003,Ten years preceding the survey,1,0,CMECMRCU5M,,2022,DHS,,,40,46,
KEN,411230,Antenatal care from a skilled provider,97.9,1,KE,Kenya,2022,KE2022DHS,RH_ANCP_W_SKP,83363120,I,1000,0,Total,Total,14000,Three years preceding the survey,1,0,RHANCPWSKP,,2022,DHS,9465,10412,,,
KEN,780386,Antenatal care from a skilled provider,97.9,1,KE,Kenya,2022,KE2022DHS,RH_ANCP_W_SKP,83363120,I,1000,0,Total,Total,14002,Two years preceding the survey,1,1,RHANCPWSKP,,2022,DHS,6847,7638,,,
KEN,169078,Antenatal visits for pregnancy: 4+ visits,67.3,1,KE,Kenya,2022,KE2022DHS,RH_ANCN_W_N4P,83403040,I,1000,0,Total,Total,14000,Three years preceding the survey,1,0,RHANCNWN4P,,2022,DHS,9465,10412,,,
KEN,780026,Antenatal visits for pregnancy: 4+ visits,66,1,KE,Kenya,2022,KE2022DHS,RH_ANCN_W_N4P,83403040,I,1000,0,Total,Total,14002,Two years preceding the survey,1,1,RHANCNWN4P,,2022,DHS,6847,7638,,,
KEN,763865,Tetanus protection at birth,75.3,1,KE,Kenya,2022,KE2022DHS,RH_TTIJ_W_PRT,83533060,I,1000,0,Total,Total,14000,Three years preceding the survey,1,0,RHTTIJWPRT,,2022,DHS,9465,10412,,,
KEN,780396,Tetanus protection at birth,75,1,KE,Kenya,2022,KE2022DHS,RH_TTIJ_W_PRT,83533060,I,1000,0,Total,Total,14002,Two years preceding the survey,1,1,RHTTIJWPRT,,2022,DHS,6847,7638,,,
KEN,729104,Place of delivery: Health facility,87.7,1,KE,Kenya,2022,KE2022DHS,RH_DELP_C_DHF,83566070,I,1000,0,Total,Total,14000,Three years preceding the survey,1,0,RHDELPCDHF,,2022,DHS,10454,11729,,,
KEN,780219,Place of delivery: Health facility,88.1,1,KE,Kenya,2022,KE2022DHS,RH_DELP_C_DHF,83566070,I,1000,0,Total,Total,14002,Two years preceding the survey,1,1,RHDELPCDHF,,2022,DHS,7101,7949,,,
KEN,561125,Assistance during delivery from a skilled provider,89,1,KE,Kenya,2022,KE2022DHS,RH_DELA_C_SKP,83606110,I,1000,0,Total,Total,14000,Three years preceding the survey,1,0,RHDELACSKP,,2022,DHS,10454,11729,,,
KEN,780236,Assistance during delivery from a skilled provider,89.3,1,KE,Kenya,2022,KE2022DHS,RH_DELA_C_SKP,83606110,I,1000,0,Total,Total,14002,Two years preceding the survey,1,1,RHDELACSKP,,2022,DHS,7101,7949,,,
KEN,561126,Delivery by cesarean section,16.8,1,KE,Kenya,2022,KE2022DHS,RH_DELA_C_CSC,83606120,I,1000,0,Total,Total,14000,Three years preceding the survey,1,0,RHDELACCSC,,2022,DHS,10454,11729,,,
KEN,780237,Delivery by cesarean section,16.5,1,KE,Kenya,2022,KE2022DHS,RH_DELA_C_CSC,83606120,I,1000,0,Total,Total,14002,Two years preceding the survey,1,1,RHDELACCSC,,2022,DHS,7101,7949,,,
KEN,402612,Mother's first postnatal checkup in the first two days after birth,77.6,1,KE,Kenya,2022,KE2022DHS,RH_PCMT_W_DY2,83633090,I,1000,0,Total,Total,0,,1,1,RHPCMTWDY2,,2022,DHS,6847,7638,,,
KEN,484783,Newborn's first postnatal checkup in the first two days after birth,82.6,1,KE,Kenya,2022,KE2022DHS,RH_PCCT_C_DY2,83706090,I,1000,0,Total,Total,0,,1,1,RHPCCTCDY2,,2022,DHS,6847,7638,,,
KEN,149645,Birth weight of child reported,87.4,1,KE,Kenya,2022,KE2022DHS,CH_SZWT_C_REP,93856060,I,1000,0,Total,Total,14000,Three years preceding the survey,1,0,CHSZWTCREP,,2022,DHS,5396,6148,,,
KEN,780383,Birth weight of child reported,88.2,1,KE,Kenya,2022,KE2022DHS,CH_SZWT_C_REP,93856060,I,1000,0,Total,Total,14002,Two years preceding the survey,1,0,CHSZWTCREP,,2022,DHS,3658,4151,,,
KEN,608860,BCG vaccination received in first year,96,1,KE,Kenya,2022,KE2022DHS,CH_VAC1_C_BCG,93936010,I,1000,0,Total,Total,0,,1,1,CHVAC1CBCG,,2022,DHS,6554,7314,,,
KEN,608863,DPT 3 vaccination received in first year,86.9,1,KE,Kenya,2022,KE2022DHS,CH_VAC1_C_DP3,93936040,I,1000,0,Total,Total,0,,1,1,CHVAC1CDP3,,2022,DHS,6554,7314,,,
KEN,608868,Polio 3 vaccination received in first year,72.9,1,KE,Kenya,2022,KE2022DHS,CH_VAC1_C_OP3,93936080,I,1000,0,Total,Total,0,,1,1,CHVAC1COP3,,2022,DHS,6554,7314,,,
KEN,608869,Measles vaccination received in first year,85.5,1,KE,Kenya,2022,KE2022DHS,CH_VAC1_C_MSL,93936090,I,1000,0,Total,Total,0,,1,1,CHVAC1CMSL,,2022,DHS,6554,7314,,,
KEN,608864,Fully vaccinated (8 basic antigens),74.6,1,KE,Kenya,2022,KE2022DHS,CH_VAC1_C_BAS,93936230,I,1000,0,Total,Total,0,,1,1,CHVAC1CBAS,,2022,DHS,6554,7314,,,
KEN,604536,Children with ARI for whom advice or treatment was sought,85.2,1,KE,Kenya,2022,KE2022DHS,CH_ARIS_C_ADV,93966040,I,1000,0,Total,Total,14000,Three years preceding the survey,1,0,CHARISCADV,,2022,DHS,183,221,,,
KEN,715391,Children with ARI for whom advice or treatment was sought,82.3,1,KE,Kenya,2022,KE2022DHS,CH_ARIS_C_ADV,93966040,I,1000,0,Total,Total,14001,Five years preceding the survey,1,1,CHARISCADV,,2022,DHS,293,351,,,
KEN,604535,Children with symptoms of ARI who received antibiotics,62.8,1,KE,Kenya,2022,KE2022DHS,CH_ARIS_C_ABI,93966050,I,1000,0,Total,Total,14000,Three years preceding the survey,1,0,CHARISCABI,,2022,DHS,183,221,,,
KEN,715393,Children with symptoms of ARI who received antibiotics,61.1,1,KE,Kenya,2022,KE2022DHS,CH_ARIS_C_ABI,93966050,I,1000,0,Total,Total,14001,Five years preceding the survey,1,1,CHARISCABI,,2022,DHS,293,351,,,
KEN,504416,Treatment of diarrhea: Advice or treatment was sought,57.4,1,KE,Kenya,2022,KE2022DHS,CH_DIAT_C_ADV,94096010,I,1000,0,Total,Total,14000,Three years preceding the survey,1,0,CHDIATCADV,,2022,DHS,1872,2046,,,
KEN,480954,Treatment of diarrhea: Advice or treatment was sought,58.1,1,KE,Kenya,2022,KE2022DHS,CH_DIAT_C_ADV,94096010,I,1000,0,Total,Total,14001,Five years preceding the survey,1,1,CHDIATCADV,,2022,DHS,2416,2637,,,
KEN,504415,Treatment of diarrhea: ORT or increased fluids,70.4,1,KE,Kenya,2022,KE2022DHS,CH_DIAT_C_ORI,94096060,I,1000,0,Total,Total,14000,Three years preceding the survey,1,0,CHDIATCORI,,2022,DHS,1872,2046,,,
KEN,480986,Treatment of diarrhea: ORT or increased fluids,70.4,1,KE,Kenya,2022,KE2022DHS,CH_DIAT_C_ORI,94096060,I,1000,0,Total,Total,14001,Five years preceding the survey,1,1,CHDIATCORI,,2022,DHS,2416,2637,,,
KEN,780786,Appropriate disposal of stools,62.7,1,KE,Kenya,2022,KE2022DHS,CH_DSTL_C_SAF,94206150,I,1000,0,Total,Total,14002,Two years preceding the survey,1,0,CHDSTLCSAF,,2022,DHS,3388,3839,,,
KEN,463894,Children stunted,17.6,1,KE,Kenya,2022,KE2022DHS,CN_NUTS_C_HA2,104236020,I,1000,0,Total,Total,0,,1,1,CNNUTSCHA2,,2022,DHS,17132,19588,,,
KEN,685837,Children wasted,4.9,1,KE,Kenya,2022,KE2022DHS,CN_NUTS_C_WH2,104236050,I,1000,0,Total,Total,0,,1,1,CNNUTSCWH2,,2022,DHS,17238,19688,,,
KEN,521479,Children underweight,10.1,1,KE,Kenya,2022,KE2022DHS,CN_NUTS_C_WA2,104236090,I,1000,0,Total,Total,0,,1,1,CNNUTSCWA2,,2022,DHS,17180,19649,,,
KEN,521481,Children overweight for their age,1.2,1,KE,Kenya,2022,KE2022DHS,CN_NUTS_C_WAP,104236100,I,1000,0,Total,Total,0,,1,1,CNNUTSCWAP,,2022,DHS,17180,19649,,,
KEN,396843,Children ever breastfed,98.1,1,KE,Kenya,2022,KE2022DHS,CN_BRFI_C_EVR,104266010,I,1000,0,Total,Total,0,,1,1,CNBRFICEVR,,2022,DHS,3658,4151,,,
KEN,396845,Children who started breastfeeding within 1 hour of birth,60.1,1,KE,Kenya,2022,KE2022DHS,CN_BRFI_C_1HR,104266020,I,1000,0,Total,Total,0,,1,1,CNBRFIC1HR,,2022,DHS,3658,4151,,,
KEN,308803,Children exclusively breastfed,59.9,1,KE,Kenya,2022,KE2022DHS,CN_BRFS_C_EXB,104306020,I,295001,21001,Age in months (other groupings),0-5,0,,1,1,CNBRFSCEXB,,2022,DHS,888,1016,,,
KEN,308806,Children breastfeeding and consuming plain water only,7.8,1,KE,Kenya,2022,KE2022DHS,CN_BRFS_C_WAT,104306030,I,295001,21001,Age in months (other groupings),0-5,0,,1,1,CNBRFSCWAT,,2022,DHS,888,1016,,,
KEN,308800,Children breastfeeding and consuming non-milk liquids,4.7,1,KE,Kenya,2022,KE2022DHS,CN_BRFS_C_LIQ,104306040,I,295001,21001,Age in months (other groupings),0-5,0,,1,1,CNBRFSCLIQ,,2022,DHS,888,1016,,,
KEN,308801,Children breastfeeding and consuming complementary foods,13.7,1,KE,Kenya,2022,KE2022DHS,CN_BRFS_C_CMP,104306060,I,295001,21001,Age in months (other groupings),0-5,0,,1,1,CNBRFSCCMP,,2022,DHS,888,1016,,,
KEN,308805,Children currently breastfeeding,98.6,1,KE,Kenya,2022,KE2022DHS,CN_BRFS_C_BRF,104306080,I,295001,21001,Age in months (other groupings),0-5,0,,1,1,CNBRFSCBRF,,2022,DHS,888,1016,,,
KEN,234339,Children using a bottle with a nipple,15.3,1,KE,Kenya,2022,KE2022DHS,CN_BRFS_C_BNP,104306110,I,295001,21001,Age in months (other groupings),0-5,0,,1,1,CNBRFSCBNP,,2022,DHS,903,1032,,,
KEN,174602,Median duration of any breastfeeding,20.3,1,KE,Kenya,2022,KE2022DHS,CN_BFDR_C_MDA,104336010,I,1000,0,Total,Total,0,,1,1,CNBFDRCMDA,,2022,DHS,,,,,
KEN,304874,Breastfed children 6-23 months fed both 4+ food groups and the minimum meal frequency,33.3,1,KE,Kenya,2022,KE2022DHS,CN_IYCF_C_BTB,104436030,I,1000,0,Total,Total,0,,1,1,CNIYCFCBTB,,2022,DHS,1984,2269,,,
KEN,565517,Non-breastfed children 6-23 months fed milk or milk products,51.9,1,KE,Kenya,2022,KE2022DHS,CN_IYCF_C_MKN,104436060,I,1000,0,Total,Total,0,,1,1,CNIYCFCMKN,,2022,DHS,517,554,,,
KEN,565520,Non-breastfed children 6-23 months with 3 IYCF practices,20.4,1,KE,Kenya,2022,KE2022DHS,CN_IYCF_C_3PN,104436090,I,1000,0,Total,Total,0,,1,1,CNIYCFC3PN,,2022,DHS,517,554,,,
KEN,174619,Children 6-23 months fed 5+ food groups,36.9,1,KE,Kenya,2022,KE2022DHS,CN_IYCF_C_4FA,104436130,I,1000,0,Total,Total,0,,1,1,CNIYCFC4FA,,2022,DHS,2501,2823,,,
KEN,174620,Children 6-23 months fed the minimum meal frequency,70.9,1,KE,Kenya,2022,KE2022DHS,CN_IYCF_C_MNA,104436140,I,1000,0,Total,Total,0,,1,1,CNIYCFCMNA,,2022,DHS,2501,2823,,,
KEN,174621,Children 6-23 months with 3 IYCF practices,30.7,1,KE,Kenya,2022,KE2022DHS,CN_IYCF_C_3PA,104436150,I,1000,0,Total,Total,0,,1,1,CNIYCFC3PA,,2022,DHS,2501,2823,,,
KEN,645058,Households with iodized salt,99.6,1,KE,Kenya,2022,KE2022DHS,CN_IODZ_H_IOD,104531050,I,1000,0,Total,Total,0,,1,1,CNIODZHIOD,,2022,DHS,36002,35735,,,
KEN,616703,Households with at least one insecticide-treated mosquito net (ITN),54.2,1,KE,Kenya,2022,KE2022DHS,ML_NETP_H_ITN,124661020,I,1000,0,Total,Total,0,,1,1,MLNETPHITN,,2022,DHS,37911,37911,,,
KEN,672654,Households with at least one insecticide-treated mosquito net (ITN) for every two persons who stayed in the household the previous night,37.1,1,KE,Kenya,2022,KE2022DHS,ML_NETP_H_IT2,124661100,I,1000,0,Total,Total,0,,1,1,MLNETPHIT2,,2022,DHS,37571,37614,,,
KEN,430656,Population who slept under an insecticide-treated mosquito net (ITN) last night,42.7,1,KE,Kenya,2022,KE2022DHS,ML_NETU_P_ITN,124762020,I,1000,0,Total,Total,0,,1,1,MLNETUPITN,,2022,DHS,136483,146170,,,
KEN,450631,Children under 5 who slept under an insecticide-treated net (ITN),51.2,1,KE,Kenya,2022,KE2022DHS,ML_NETC_C_ITN,124836020,I,1000,0,Total,Total,0,,1,1,MLNETCCITN,,2022,DHS,17814,20343,,,
KEN,532273,Pregnant women who slept under an insecticide-treated net (ITN),44.9,1,KE,Kenya,2022,KE2022DHS,ML_NETW_W_ITN,124863020,I,1000,0,Total,Total,0,,1,1,MLNETWWITN,,2022,DHS,1728,1864,,,
KEN,265047,SP/Fansidar 3+ doses during pregnancy,12.5,1,KE,Kenya,2022,KE2022DHS,ML_IPTP_W_3SP,124903025,I,1000,0,Total,Total,0,,1,1,MLIPTPW3SP,,2022,DHS,3523,3985,,,
KEN,302118,Children with fever for whom advice or treatment was sought,69.5,1,KE,Kenya,2022,KE2022DHS,ML_FEVT_C_ADV,124966010,I,1000,0,Total,Total,0,,1,1,MLFEVTCADV,,2022,DHS,2890,3146,,,
KEN,302120,Children with fever who had blood taken from a finger or heel for testing,33.4,1,KE,Kenya,2022,KE2022DHS,ML_FEVT_C_BLD,124966030,I,1000,0,Total,Total,0,,1,1,MLFEVTCBLD,,2022,DHS,2890,3146,,,
KEN,302123,Children with fever who took a combination with artemisinin,17,1,KE,Kenya,2022,KE2022DHS,ML_FEVT_C_ACT,124966040,I,1000,0,Total,Total,0,,1,1,MLFEVTCACT,,2022,DHS,2890,3146,,,
KEN,585906,Higher risk sex in the last year [Women],25.6,1,KE,Kenya,2022,KE2022DHS,HA_HRSX_W_HRS,135403010,I,10000,10000,Total 15-49,Total 15-49,0,,1,1,HAHRSXWHRS,,2022,DHS,12262,12159,,,
KEN,645065,"Condom use at last higher risk sex (with a non-marital, non-cohabiting partner) [Women]",36.7,1,KE,Kenya,2022,KE2022DHS,HA_HRSX_W_CND,135403040,I,10000,10000,Total 15-49,Total 15-49,0,,1,1,HAHRSXWCND,,2022,DHS,3134,2766,,,
KEN,514139,Higher-risk Sex (with multiple partners among all respondents) [Women],3.5,1,KE,Kenya,2022,KE2022DHS,HA_MSXP_W_2PP,135433010,I,10000,10000,Total 15-49,Total 15-49,0,,1,1,HAMSXPW2PP,,2022,DHS,16716,16901,,,
KEN,722520,Condom use during higher-risk sex (with multiple partners) [Women],24.1,1,KE,Kenya,2022,KE2022DHS,HA_MSXP_W_CND,135433040,I,10000,10000,Total 15-49,Total 15-49,0,,1,1,HAMSXPWCND,,2022,DHS,582,496,,,
KEN,176253,Women receiving an HIV test and receiving test results in the last 12 months,46.8,1,KE,Kenya,2022,KE2022DHS,HA_CPHT_W_T1R,135563070,I,10000,10000,Total 15-49,Total 15-49,0,,1,1,HACPHTWT1R,,2022,DHS,16716,16901,,,
KEN,729486,"HIV testing behaviour among young women, sexually active in the last 12 months",58.6,1,KE,Kenya,2022,KE2022DHS,HA_HVTY_W_TRR,135903010,I,1000,0,Total,Total,0,,1,1,HAHVTYWTRR,,2022,DHS,3091,3104,,,
KEN,408167,Wife beating justified for at least one specific reason [Women],32.4,1,KE,Kenya,2022,KE2022DHS,WE_AWBT_W_AGR,176433060,I,1000,0,Total,Total,0,,1,1,WEAWBTWAGR,,2022,DHS,32156,32156,,,
KEN,345834,Women circumcised (FGC),14.8,1,KE,Kenya,2022,KE2022DHS,FG_PFCC_W_WCC,207503010,I,1000,0,Total,Total,0,,1,1,FGPFCCWWCC,,2022,DHS,16716,16901,,,
KEN,406916,Women who believe that female circumcision should be continued,4.3,1,KE,Kenya,2022,KE2022DHS,FG_OFCC_W_CNT,207863010,I,1000,0,Total,Total,0,,1,1,FGOFCCWCNT,,2022,DHS,16205,16356,,,
KEN,744403,Children registered,76,1,KE,Kenya,2022,KE2022DHS,CP_BREG_C_REG,220906030,I,1000,0,Total,Total,0,,1,1,CPBREGCREG,,2022,DHS,17661,20220,,,
KEN,140136,Gender parity index for net primary school attendance,1.02,2,KE,Kenya,2022,KE2022DHS,ED_NARP_B_GPI,231035040,I,1000,0,Total,Total,0,,1,1,EDNARPBGPI,,2022,DHS,,,,,
KEN,140141,Gender parity index for net secondary school attendance,1.16,2,KE,Kenya,2022,KE2022DHS,ED_NARS_B_GPI,231105040,I,1000,0,Total,Total,0,,1,1,EDNARSBGPI,,2022,DHS,,,,,
KEN,222031,Population using an improved water source,76.5,1,KE,Kenya,2022,KE2022DHS,WS_SRCE_P_IMP,250162010,I,1000,0,Total,Total,0,,1,1,WSSRCEPIMP,,2022,DHS,142026,152696,,,
KEN,329292,Households using an appropriate treatment method,34.4,1,KE,Kenya,2022,KE2022DHS,WS_WTRT_H_APP,250231090,I,1000,0,Total,Total,0,,1,1,WSWTRTHAPP,,2022,DHS,37911,37911,,,
KEN,670288,Population with an improved sanitation facility,66.6,1,KE,Kenya,2022,KE2022DHS,WS_TLET_P_IMP,250262010,I,1000,0,Total,Total,0,,1,1,WSTLETPIMP,,2022,DHS,142026,152696,,,
KEN,470370,Households with a place for handwashing was observed,73.1,1,KE,Kenya,2022,KE2022DHS,WS_HNDW_H_OBS,250301010,I,1000,0,Total,Total,0,,1,1,WSHNDWHOBS,,2022,DHS,37911,37911,,,
KEN,286256,Households using solid fuel for cooking ,63.3,1,KE,Kenya,2022,KE2022DHS,HC_CKFL_H_SLD,260431140,I,1000,0,Total,Total,0,,1,1,HCCKFLHSLD,,2022,DHS,37911,37911,,,
KEN,657460,Children not living with a biological parent,14.1,1,KE,Kenya,2022,KE2022DHS,HC_LVAR_C_NBP,260936120,I,27001,14001,Total for children < 18,Total for children < 18,0,,1,1,HCLVARCNBP,,2022,DHS,65321,74787,,,
KEN,657456,"Prevalence of orphanhood: children under 18 who are orphans - mother, father or both dead",8.9,1,KE,Kenya,2022,KE2022DHS,HC_LVAR_C_P1D,260936130,I,27001,14001,Total for children < 18,Total for children < 18,0,,1,1,HCLVARCP1D,,2022,DHS,65321,74787,,,
